#,Singular,Plural,Description,Name,Unknown_70_1,Unknown_70_2,Unknown_70_3,Unknown_70_4,Unknown_70_5,Unknown_70_6,Unknown_70_7,Icon,Unknown_70_8,Style
0,,,,,0,0,0,1,0,0,0,0,0,-1
1,pair of oval spectacles,pairs of oval spectacles,A piece of undyed facewear.,Oval Spectacles,0,0,0,1,0,0,71037,200049,0,0
2,pair of silver oval spectacles,pairs of silver oval spectacles,A piece of silver facewear.,Silver Oval Spectacles,0,0,0,1,0,0,136573,200053,0,0
3,pair of gold oval spectacles,pairs of gold oval spectacles,A piece of gold facewear.,Gold Oval Spectacles,0,0,0,1,0,0,202109,200052,0,0
4,pair of black oval spectacles,pairs of black oval spectacles,A piece of black facewear.,Black Oval Spectacles,0,0,0,1,0,0,267645,200054,0,0
5,pair of white oval spectacles,pairs of white oval spectacles,A piece of white facewear.,White Oval Spectacles,0,0,0,1,0,0,333181,200059,0,0
6,pair of grey oval spectacles,pairs of grey oval spectacles,A piece of grey facewear.,Grey Oval Spectacles,0,0,0,1,0,0,398717,200050,0,0
7,pair of red oval spectacles,pairs of red oval spectacles,A piece of red facewear.,Red Oval Spectacles,0,0,0,1,0,0,464253,200057,0,0
8,pair of blue oval spectacles,pairs of blue oval spectacles,A piece of blue facewear.,Blue Oval Spectacles,0,0,0,1,0,0,529789,200056,0,0
9,pair of green oval spectacles,pairs of green oval spectacles,A piece of green facewear.,Green Oval Spectacles,0,0,0,1,0,0,595325,200060,0,0
10,pair of brass oval spectacles,pairs of brass oval spectacles,A piece of brass facewear.,Brass Oval Spectacles,0,0,0,1,0,0,660861,200051,0,0
11,pair of purple oval spectacles,pairs of purple oval spectacles,A piece of purple facewear.,Purple Oval Spectacles,0,0,0,1,0,0,726397,200055,0,0
12,pair of brown oval spectacles,pairs of brown oval spectacles,A piece of brown facewear.,Brown Oval Spectacles,0,0,0,1,0,0,791933,200058,0,0
13,pair of shaded spectacles,pairs of shaded spectacles,A piece of undyed facewear.,Shaded Spectacles,0,0,0,1,0,0,71038,200085,0,1
14,pair of silver shaded spectacles,pairs of silver shaded spectacles,A piece of silver facewear.,Silver Shaded Spectacles,0,0,0,1,0,0,136574,200089,0,1
15,pair of gold shaded spectacles,pairs of gold shaded spectacles,A piece of gold facewear.,Gold Shaded Spectacles,0,0,0,1,0,0,202110,200088,0,1
16,pair of black shaded spectacles,pairs of black shaded spectacles,A piece of black facewear.,Black Shaded Spectacles,0,0,0,1,0,0,267646,200090,0,1
17,pair of white shaded spectacles,pairs of white shaded spectacles,A piece of white facewear.,White Shaded Spectacles,0,0,0,1,0,0,333182,200095,0,1
18,pair of grey shaded spectacles,pairs of grey shaded spectacles,A piece of grey facewear.,Grey Shaded Spectacles,0,0,0,1,0,0,398718,200086,0,1
19,pair of red shaded spectacles,pairs of red shaded spectacles,A piece of red facewear.,Red Shaded Spectacles,0,0,0,1,0,0,464254,200093,0,1
20,pair of blue shaded spectacles,pairs of blue shaded spectacles,A piece of blue facewear.,Blue Shaded Spectacles,0,0,0,1,0,0,529790,200092,0,1
21,pair of green shaded spectacles,pairs of green shaded spectacles,A piece of green facewear.,Green Shaded Spectacles,0,0,0,1,0,0,595326,200096,0,1
22,pair of brass shaded spectacles,pairs of brass shaded spectacles,A piece of brass facewear.,Brass Shaded Spectacles,0,0,0,1,0,0,660862,200087,0,1
23,pair of purple shaded spectacles,pairs of purple shaded spectacles,A piece of purple facewear.,Purple Shaded Spectacles,0,0,0,1,0,0,726398,200091,0,1
24,pair of brown shaded spectacles,pairs of brown shaded spectacles,A piece of brown facewear.,Brown Shaded Spectacles,0,0,0,1,0,0,791934,200094,0,1
25,pair of classic spectacles,pairs of classic spectacles,A piece of undyed facewear.,Classic Spectacles,0,0,0,1,0,0,71039,200061,0,2
26,pair of silver classic spectacles,pairs of silver classic spectacles,A piece of silver facewear.,Silver Classic Spectacles,0,0,0,1,0,0,136575,200065,0,2
27,pair of gold classic spectacles,pairs of gold classic spectacles,A piece of gold facewear.,Gold Classic Spectacles,0,0,0,1,0,0,202111,200064,0,2
28,pair of black classic spectacles,pairs of black classic spectacles,A piece of black facewear.,Black Classic Spectacles,0,0,0,1,0,0,267647,200066,0,2
29,pair of white classic spectacles,pairs of white classic spectacles,A piece of white facewear.,White Classic Spectacles,0,0,0,1,0,0,333183,200071,0,2
30,pair of grey classic spectacles,pairs of grey classic spectacles,A piece of grey facewear.,Grey Classic Spectacles,0,0,0,1,0,0,398719,200062,0,2
31,pair of red classic spectacles,pairs of red classic spectacles,A piece of red facewear.,Red Classic Spectacles,0,0,0,1,0,0,464255,200069,0,2
32,pair of blue classic spectacles,pairs of blue classic spectacles,A piece of blue facewear.,Blue Classic Spectacles,0,0,0,1,0,0,529791,200068,0,2
33,pair of green classic spectacles,pairs of green classic spectacles,A piece of green facewear.,Green Classic Spectacles,0,0,0,1,0,0,595327,200072,0,2
34,pair of brass classic spectacles,pairs of brass classic spectacles,A piece of brass facewear.,Brass Classic Spectacles,0,0,0,1,0,0,660863,200063,0,2
35,pair of purple classic spectacles,pairs of purple classic spectacles,A piece of purple facewear.,Purple Classic Spectacles,0,0,0,1,0,0,726399,200067,0,2
36,pair of brown classic spectacles,pairs of brown classic spectacles,A piece of brown facewear.,Brown Classic Spectacles,0,0,0,1,0,0,791935,200070,0,2
37,pair of rose-colored spectacles,pairs of rose-colored spectacles,A piece of undyed facewear.,Rose-colored Spectacles,0,0,0,1,0,0,71040,200013,0,3
38,pair of silver rose-colored spectacles,pairs of silver rose-colored spectacles,A piece of silver facewear.,Silver Rose-colored Spectacles,0,0,0,1,0,0,136576,200017,0,3
39,pair of gold rose-colored spectacles,pairs of gold rose-colored spectacles,A piece of gold facewear.,Gold Rose-colored Spectacles,0,0,0,1,0,0,202112,200016,0,3
40,pair of black rose-colored spectacles,pairs of black rose-colored spectacles,A piece of black facewear.,Black Rose-colored Spectacles,0,0,0,1,0,0,267648,200018,0,3
41,pair of white rose-colored spectacles,pairs of white rose-colored spectacles,A piece of white facewear.,White Rose-colored Spectacles,0,0,0,1,0,0,333184,200023,0,3
42,pair of grey rose-colored spectacles,pairs of grey rose-colored spectacles,A piece of grey facewear.,Grey Rose-colored Spectacles,0,0,0,1,0,0,398720,200014,0,3
43,pair of red rose-colored spectacles,pairs of red rose-colored spectacles,A piece of red facewear.,Red Rose-colored Spectacles,0,0,0,1,0,0,464256,200021,0,3
44,pair of blue rose-colored spectacles,pairs of blue rose-colored spectacles,A piece of blue facewear.,Blue Rose-colored Spectacles,0,0,0,1,0,0,529792,200020,0,3
45,pair of green rose-colored spectacles,pairs of green rose-colored spectacles,A piece of green facewear.,Green Rose-colored Spectacles,0,0,0,1,0,0,595328,200024,0,3
46,pair of brass rose-colored spectacles,pairs of brass rose-colored spectacles,A piece of brass facewear.,Brass Rose-colored Spectacles,0,0,0,1,0,0,660864,200015,0,3
47,pair of purple rose-colored spectacles,pairs of purple rose-colored spectacles,A piece of purple facewear.,Purple Rose-colored Spectacles,0,0,0,1,0,0,726400,200019,0,3
48,pair of brown rose-colored spectacles,pairs of brown rose-colored spectacles,A piece of brown facewear.,Brown Rose-colored Spectacles,0,0,0,1,0,0,791936,200022,0,3
49,pair of simple spectacles,pairs of simple spectacles,A piece of undyed facewear.,Simple Spectacles,0,0,0,1,0,0,71041,200001,0,4
50,pair of silver spectacles,pairs of silver spectacles,A piece of silver facewear.,Silver Spectacles,0,0,0,1,0,0,136577,200005,0,4
51,pair of gold spectacles,pairs of gold spectacles,A piece of gold facewear.,Gold Spectacles,0,0,0,1,0,0,202113,200004,0,4
52,pair of black spectacles,pairs of black spectacles,A piece of black facewear.,Black Spectacles,0,0,0,1,0,0,267649,200006,0,4
53,pair of white spectacles,pairs of white spectacles,A piece of white facewear.,White Spectacles,0,0,0,1,0,0,333185,200011,0,4
54,pair of grey spectacles,pairs of grey spectacles,A piece of grey facewear.,Grey Spectacles,0,0,0,1,0,0,398721,200002,0,4
55,pair of red spectacles,pairs of red spectacles,A piece of red facewear.,Red Spectacles,0,0,0,1,0,0,464257,200009,0,4
56,pair of blue spectacles,pairs of blue spectacles,A piece of blue facewear.,Blue Spectacles,0,0,0,1,0,0,529793,200008,0,4
57,pair of green spectacles,pairs of green spectacles,A piece of green facewear.,Green Spectacles,0,0,0,1,0,0,595329,200012,0,4
58,pair of brass spectacles,pairs of brass spectacles,A piece of brass facewear.,Brass Spectacles,0,0,0,1,0,0,660865,200003,0,4
59,pair of purple spectacles,pairs of purple spectacles,A piece of purple facewear.,Purple Spectacles,0,0,0,1,0,0,726401,200007,0,4
60,pair of brown spectacles,pairs of brown spectacles,A piece of brown facewear.,Brown Spectacles,0,0,0,1,0,0,791937,200010,0,4
61,monocle,monocles,A piece of undyed facewear.,Monocle,0,0,0,1,0,0,71042,200025,0,5
62,silver monocle,silver monocles,A piece of silver facewear.,Silver Monocle,0,0,0,1,0,0,136578,200029,0,5
63,gold monocle,gold monocles,A piece of gold facewear.,Gold Monocle,0,0,0,1,0,0,202114,200028,0,5
64,black monocle,black monocles,A piece of black facewear.,Black Monocle,0,0,0,1,0,0,267650,200030,0,5
65,white monocle,white monocles,A piece of white facewear.,White Monocle,0,0,0,1,0,0,333186,200035,0,5
66,grey monocle,grey monocles,A piece of grey facewear.,Grey Monocle,0,0,0,1,0,0,398722,200026,0,5
67,red monocle,red monocles,A piece of red facewear.,Red Monocle,0,0,0,1,0,0,464258,200033,0,5
68,blue monocle,blue monocles,A piece of blue facewear.,Blue Monocle,0,0,0,1,0,0,529794,200032,0,5
69,green monocle,green monocles,A piece of green facewear.,Green Monocle,0,0,0,1,0,0,595330,200036,0,5
70,brass monocle,brass monocles,A piece of brass facewear.,Brass Monocle,0,0,0,1,0,0,660866,200027,0,5
71,purple monocle,purple monocles,A piece of purple facewear.,Purple Monocle,0,0,0,1,0,0,726402,200031,0,5
72,brown monocle,brown monocles,A piece of brown facewear.,Brown Monocle,0,0,0,1,0,0,791938,200034,0,5
73,pair of contemporary pince-nez,pairs of contemporary pince-nez,A piece of undyed facewear.,Contemporary Pince-nez,0,0,0,1,0,0,71043,200037,0,6
74,pair of silver contemporary pince-nez,pairs of silver contemporary pince-nez,A piece of silver facewear.,Silver Contemporary Pince-nez,0,0,0,1,0,0,136579,200041,0,6
75,pair of gold contemporary pince-nez,pairs of gold contemporary pince-nez,A piece of gold facewear.,Gold Contemporary Pince-nez,0,0,0,1,0,0,202115,200040,0,6
76,pair of black contemporary pince-nez,pairs of black contemporary pince-nez,A piece of black facewear.,Black Contemporary Pince-nez,0,0,0,1,0,0,267651,200042,0,6
77,pair of white contemporary pince-nez,pairs of white contemporary pince-nez,A piece of white facewear.,White Contemporary Pince-nez,0,0,0,1,0,0,333187,200047,0,6
78,pair of grey contemporary pince-nez,pairs of grey contemporary pince-nez,A piece of grey facewear.,Grey Contemporary Pince-nez,0,0,0,1,0,0,398723,200038,0,6
79,pair of red contemporary pince-nez,pairs of red contemporary pince-nez,A piece of red facewear.,Red Contemporary Pince-nez,0,0,0,1,0,0,464259,200045,0,6
80,pair of blue contemporary pince-nez,pairs of blue contemporary pince-nez,A piece of blue facewear.,Blue Contemporary Pince-nez,0,0,0,1,0,0,529795,200044,0,6
81,pair of green contemporary pince-nez,pairs of green contemporary pince-nez,A piece of green facewear.,Green Contemporary Pince-nez,0,0,0,1,0,0,595331,200048,0,6
82,pair of brass contemporary pince-nez,pairs of brass contemporary pince-nez,A piece of brass facewear.,Brass Contemporary Pince-nez,0,0,0,1,0,0,660867,200039,0,6
83,pair of purple contemporary pince-nez,pairs of purple contemporary pince-nez,A piece of purple facewear.,Purple Contemporary Pince-nez,0,0,0,1,0,0,726403,200043,0,6
84,pair of brown contemporary pince-nez,pairs of brown contemporary pince-nez,A piece of brown facewear.,Brown Contemporary Pince-nez,0,0,0,1,0,0,791939,200046,0,6
85,pair of rimless glasses,pairs of rimless glasses,A piece of undyed facewear.,Rimless Glasses,0,0,0,1,0,0,71044,200097,0,7
86,pair of silver rimless glasses,pairs of silver rimless glasses,A piece of silver facewear.,Silver Rimless Glasses,0,0,0,1,0,0,136580,200101,0,7
87,pair of gold rimless glasses,pairs of gold rimless glasses,A piece of gold facewear.,Gold Rimless Glasses,0,0,0,1,0,0,202116,200100,0,7
88,pair of black rimless glasses,pairs of black rimless glasses,A piece of black facewear.,Black Rimless Glasses,0,0,0,1,0,0,267652,200102,0,7
89,pair of white rimless glasses,pairs of white rimless glasses,A piece of white facewear.,White Rimless Glasses,0,0,0,1,0,0,333188,200107,0,7
90,pair of grey rimless glasses,pairs of grey rimless glasses,A piece of grey facewear.,Grey Rimless Glasses,0,0,0,1,0,0,398724,200098,0,7
91,pair of red rimless glasses,pairs of red rimless glasses,A piece of red facewear.,Red Rimless Glasses,0,0,0,1,0,0,464260,200105,0,7
92,pair of blue rimless glasses,pairs of blue rimless glasses,A piece of blue facewear.,Blue Rimless Glasses,0,0,0,1,0,0,529796,200104,0,7
93,pair of green rimless glasses,pairs of green rimless glasses,A piece of green facewear.,Green Rimless Glasses,0,0,0,1,0,0,595332,200108,0,7
94,pair of brass rimless glasses,pairs of brass rimless glasses,A piece of brass facewear.,Brass Rimless Glasses,0,0,0,1,0,0,660868,200099,0,7
95,pair of purple rimless glasses,pairs of purple rimless glasses,A piece of purple facewear.,Purple Rimless Glasses,0,0,0,1,0,0,726404,200103,0,7
96,pair of brown rimless glasses,pairs of brown rimless glasses,A piece of brown facewear.,Brown Rimless Glasses,0,0,0,1,0,0,791940,200106,0,7
97,pair of thick-rimmed glasses,pairs of thick-rimmed glasses,A piece of undyed facewear.,Thick-rimmed Glasses,0,0,0,1,0,0,71045,200109,0,8
98,pair of silver thick-rimmed glasses,pairs of silver thick-rimmed glasses,A piece of silver facewear.,Silver Thick-rimmed Glasses,0,0,0,1,0,0,136581,200113,0,8
99,pair of gold thick-rimmed glasses,pairs of gold thick-rimmed glasses,A piece of gold facewear.,Gold Thick-rimmed Glasses,0,0,0,1,0,0,202117,200112,0,8
100,pair of black thick-rimmed glasses,pairs of black thick-rimmed glasses,A piece of black facewear.,Black Thick-rimmed Glasses,0,0,0,1,0,0,267653,200114,0,8
101,pair of white thick-rimmed glasses,pairs of white thick-rimmed glasses,A piece of white facewear.,White Thick-rimmed Glasses,0,0,0,1,0,0,333189,200119,0,8
102,pair of grey thick-rimmed glasses,pairs of grey thick-rimmed glasses,A piece of grey facewear.,Grey Thick-rimmed Glasses,0,0,0,1,0,0,398725,200110,0,8
103,pair of red thick-rimmed glasses,pairs of red thick-rimmed glasses,A piece of red facewear.,Red Thick-rimmed Glasses,0,0,0,1,0,0,464261,200117,0,8
104,pair of blue thick-rimmed glasses,pairs of blue thick-rimmed glasses,A piece of blue facewear.,Blue Thick-rimmed Glasses,0,0,0,1,0,0,529797,200116,0,8
105,pair of green thick-rimmed glasses,pairs of green thick-rimmed glasses,A piece of green facewear.,Green Thick-rimmed Glasses,0,0,0,1,0,0,595333,200120,0,8
106,pair of brass thick-rimmed glasses,pairs of brass thick-rimmed glasses,A piece of brass facewear.,Brass Thick-rimmed Glasses,0,0,0,1,0,0,660869,200111,0,8
107,pair of purple thick-rimmed glasses,pairs of purple thick-rimmed glasses,A piece of purple facewear.,Purple Thick-rimmed Glasses,0,0,0,1,0,0,726405,200115,0,8
108,pair of brown thick-rimmed glasses,pairs of brown thick-rimmed glasses,A piece of brown facewear.,Brown Thick-rimmed Glasses,0,0,0,1,0,0,791941,200118,0,8
109,pair of minstrel's spectacles,pairs of minstrel's spectacles,A piece of undyed facewear.,Minstrel's Spectacles,0,0,0,1,0,0,71046,200073,0,9
110,pair of silver minstrel's spectacles,pairs of silver minstrel's spectacles,A piece of silver facewear.,Silver Minstrel's Spectacles,0,0,0,1,0,0,136582,200077,0,9
111,pair of gold minstrel's spectacles,pairs of gold minstrel's spectacles,A piece of gold facewear.,Gold Minstrel's Spectacles,0,0,0,1,0,0,202118,200076,0,9
112,pair of black minstrel's spectacles,pairs of black minstrel's spectacles,A piece of black facewear.,Black Minstrel's Spectacles,0,0,0,1,0,0,267654,200078,0,9
113,pair of white minstrel's spectacles,pairs of white minstrel's spectacles,A piece of white facewear.,White Minstrel's Spectacles,0,0,0,1,0,0,333190,200083,0,9
114,pair of grey minstrel's spectacles,pairs of grey minstrel's spectacles,A piece of grey facewear.,Grey Minstrel's Spectacles,0,0,0,1,0,0,398726,200074,0,9
115,pair of red minstrel's spectacles,pairs of red minstrel's spectacles,A piece of red facewear.,Red Minstrel's Spectacles,0,0,0,1,0,0,464262,200081,0,9
116,pair of blue minstrel's spectacles,pairs of blue minstrel's spectacles,A piece of blue facewear.,Blue Minstrel's Spectacles,0,0,0,1,0,0,529798,200080,0,9
117,pair of green minstrel's spectacles,pairs of green minstrel's spectacles,A piece of green facewear.,Green Minstrel's Spectacles,0,0,0,1,0,0,595334,200084,0,9
118,pair of brass minstrel's spectacles,pairs of brass minstrel's spectacles,A piece of brass facewear.,Brass Minstrel's Spectacles,0,0,0,1,0,0,660870,200075,0,9
119,pair of purple minstrel's spectacles,pairs of purple minstrel's spectacles,A piece of purple facewear.,Purple Minstrel's Spectacles,0,0,0,1,0,0,726406,200079,0,9
120,pair of brown minstrel's spectacles,pairs of brown minstrel's spectacles,A piece of brown facewear.,Brown Minstrel's Spectacles,0,0,0,1,0,0,791942,200082,0,9
121,pair of pince-nez,pairs of pince-nez,A piece of undyed facewear.,Pince-nez,0,0,0,1,0,0,71047,200121,0,10
122,pair of silver pince-nez,pairs of silver pince-nez,A piece of silver facewear.,Silver Pince-nez,0,0,0,1,0,0,136583,200122,0,10
123,pair of gold pince-nez,pairs of gold pince-nez,A piece of gold facewear.,Gold Pince-nez,0,0,0,1,0,0,202119,200123,0,10
124,pair of black pince-nez,pairs of black pince-nez,A piece of black facewear.,Black Pince-nez,0,0,0,1,0,0,267655,200124,0,10
125,pair of white pince-nez,pairs of white pince-nez,A piece of white facewear.,White Pince-nez,0,0,0,1,0,0,333191,200125,0,10
126,pair of grey pince-nez,pairs of grey pince-nez,A piece of grey facewear.,Grey Pince-nez,0,0,0,1,0,0,398727,200126,0,10
127,pair of red pince-nez,pairs of red pince-nez,A piece of red facewear.,Red Pince-nez,0,0,0,1,0,0,464263,200127,0,10
128,pair of blue pince-nez,pairs of blue pince-nez,A piece of blue facewear.,Blue Pince-nez,0,0,0,1,0,0,529799,200128,0,10
129,pair of green pince-nez,pairs of green pince-nez,A piece of green facewear.,Green Pince-nez,0,0,0,1,0,0,595335,200129,0,10
130,pair of brass pince-nez,pairs of brass pince-nez,A piece of brass facewear.,Brass Pince-nez,0,0,0,1,0,0,660871,200130,0,10
131,pair of purple pince-nez,pairs of purple pince-nez,A piece of purple facewear.,Purple Pince-nez,0,0,0,1,0,0,726407,200131,0,10
132,pair of brown pince-nez,pairs of brown pince-nez,A piece of brown facewear.,Brown Pince-nez,0,0,0,1,0,0,791943,200132,0,10
133,pair of magnifiers,pairs of magnifiers,A piece of undyed facewear.,Magnifiers,0,0,0,1,0,0,71048,200133,0,11
134,pair of silver magnifiers,pairs of silver magnifiers,A piece of silver facewear.,Silver Magnifiers,0,0,0,1,0,0,136584,200134,0,11
135,pair of gold magnifiers,pairs of gold magnifiers,A piece of gold facewear.,Gold Magnifiers,0,0,0,1,0,0,202120,200135,0,11
136,pair of black magnifiers,pairs of black magnifiers,A piece of black facewear.,Black Magnifiers,0,0,0,1,0,0,267656,200136,0,11
137,pair of white magnifiers,pairs of white magnifiers,A piece of white facewear.,White Magnifiers,0,0,0,1,0,0,333192,200137,0,11
138,pair of grey magnifiers,pairs of grey magnifiers,A piece of grey facewear.,Grey Magnifiers,0,0,0,1,0,0,398728,200138,0,11
139,pair of red magnifiers,pairs of red magnifiers,A piece of red facewear.,Red Magnifiers,0,0,0,1,0,0,464264,200139,0,11
140,pair of blue magnifiers,pairs of blue magnifiers,A piece of blue facewear.,Blue Magnifiers,0,0,0,1,0,0,529800,200140,0,11
141,pair of green magnifiers,pairs of green magnifiers,A piece of green facewear.,Green Magnifiers,0,0,0,1,0,0,595336,200141,0,11
142,pair of brass magnifiers,pairs of brass magnifiers,A piece of brass facewear.,Brass Magnifiers,0,0,0,1,0,0,660872,200142,0,11
143,pair of purple magnifiers,pairs of purple magnifiers,A piece of purple facewear.,Purple Magnifiers,0,0,0,1,0,0,726408,200143,0,11
144,pair of brown magnifiers,pairs of brown magnifiers,A piece of brown facewear.,Brown Magnifiers,0,0,0,1,0,0,791944,200144,0,11
145,pair of brass goggles,pairs of brass goggles,A piece of undyed facewear.,Brass Goggles,0,0,0,1,0,0,71049,200145,0,12
146,pair of silver brass goggles,pairs of silver brass goggles,A piece of silver facewear.,Silver Brass Goggles,0,0,0,1,0,0,136585,200146,0,12
147,pair of gold brass goggles,pairs of gold brass goggles,A piece of gold facewear.,Gold Brass Goggles,0,0,0,1,0,0,202121,200147,0,12
148,pair of black brass goggles,pairs of black brass goggles,A piece of black facewear.,Black Brass Goggles,0,0,0,1,0,0,267657,200148,0,12
149,pair of white brass goggles,pairs of white brass goggles,A piece of white facewear.,White Brass Goggles,0,0,0,1,0,0,333193,200149,0,12
150,pair of grey brass goggles,pairs of grey brass goggles,A piece of grey facewear.,Grey Brass Goggles,0,0,0,1,0,0,398729,200150,0,12
151,pair of red brass goggles,pairs of red brass goggles,A piece of red facewear.,Red Brass Goggles,0,0,0,1,0,0,464265,200151,0,12
152,pair of blue brass goggles,pairs of blue brass goggles,A piece of blue facewear.,Blue Brass Goggles,0,0,0,1,0,0,529801,200152,0,12
153,pair of green brass goggles,pairs of green brass goggles,A piece of green facewear.,Green Brass Goggles,0,0,0,1,0,0,595337,200153,0,12
154,pair of bronze brass goggles,pairs of bronze brass goggles,A piece of bronze facewear.,Bronze Brass Goggles,0,0,0,1,0,0,660873,200154,0,12
155,pair of purple brass goggles,pairs of purple brass goggles,A piece of purple facewear.,Purple Brass Goggles,0,0,0,1,0,0,726409,200155,0,12
156,pair of brown brass goggles,pairs of brown brass goggles,A piece of brown facewear.,Brown Brass Goggles,0,0,0,1,0,0,791945,200156,0,12
157,pair of under-rim glasses,pairs of under-rim glasses,A piece of undyed facewear.,Under-rim Glasses,0,0,0,1,0,0,71050,200157,0,13
158,pair of silver under-rim glasses,pairs of silver under-rim glasses,A piece of silver facewear.,Silver Under-rim Glasses,0,0,0,1,0,0,136586,200158,0,13
159,pair of gold under-rim glasses,pairs of gold under-rim glasses,A piece of gold facewear.,Gold Under-rim Glasses,0,0,0,1,0,0,202122,200159,0,13
160,pair of black under-rim glasses,pairs of black under-rim glasses,A piece of black facewear.,Black Under-rim Glasses,0,0,0,1,0,0,267658,200160,0,13
161,pair of white under-rim glasses,pairs of white under-rim glasses,A piece of white facewear.,White Under-rim Glasses,0,0,0,1,0,0,333194,200161,0,13
162,pair of grey under-rim glasses,pairs of grey under-rim glasses,A piece of grey facewear.,Grey Under-rim Glasses,0,0,0,1,0,0,398730,200162,0,13
163,pair of red under-rim glasses,pairs of red under-rim glasses,A piece of red facewear.,Red Under-rim Glasses,0,0,0,1,0,0,464266,200163,0,13
164,pair of blue under-rim glasses,pairs of blue under-rim glasses,A piece of blue facewear.,Blue Under-rim Glasses,0,0,0,1,0,0,529802,200164,0,13
165,pair of green under-rim glasses,pairs of green under-rim glasses,A piece of green facewear.,Green Under-rim Glasses,0,0,0,1,0,0,595338,200165,0,13
166,pair of brass under-rim glasses,pairs of brass under-rim glasses,A piece of brass facewear.,Brass Under-rim Glasses,0,0,0,1,0,0,660874,200166,0,13
167,pair of purple under-rim glasses,pairs of purple under-rim glasses,A piece of purple facewear.,Purple Under-rim Glasses,0,0,0,1,0,0,726410,200167,0,13
168,pair of brown under-rim glasses,pairs of brown under-rim glasses,A piece of brown facewear.,Brown Under-rim Glasses,0,0,0,1,0,0,791946,200168,0,13
169,pair of oval reading glasses,pairs of oval reading glasses,A piece of undyed facewear.,Oval Reading Glasses,0,0,0,1,0,0,71051,200169,0,14
170,pair of silver oval reading glasses,pairs of silver oval reading glasses,A piece of silver facewear.,Silver Oval Reading Glasses,0,0,0,1,0,0,136587,200170,0,14
171,pair of gold oval reading glasses,pairs of gold oval reading glasses,A piece of gold facewear.,Gold Oval Reading Glasses,0,0,0,1,0,0,202123,200171,0,14
172,pair of black oval reading glasses,pairs of black oval reading glasses,A piece of black facewear.,Black Oval Reading Glasses,0,0,0,1,0,0,267659,200172,0,14
173,pair of white oval reading glasses,pairs of white oval reading glasses,A piece of white facewear.,White Oval Reading Glasses,0,0,0,1,0,0,333195,200173,0,14
174,pair of grey oval reading glasses,pairs of grey oval reading glasses,A piece of grey facewear.,Grey Oval Reading Glasses,0,0,0,1,0,0,398731,200174,0,14
175,pair of red oval reading glasses,pairs of red oval reading glasses,A piece of red facewear.,Red Oval Reading Glasses,0,0,0,1,0,0,464267,200175,0,14
176,pair of blue oval reading glasses,pairs of blue oval reading glasses,A piece of blue facewear.,Blue Oval Reading Glasses,0,0,0,1,0,0,529803,200176,0,14
177,pair of green oval reading glasses,pairs of green oval reading glasses,A piece of green facewear.,Green Oval Reading Glasses,0,0,0,1,0,0,595339,200177,0,14
178,pair of brass oval reading glasses,pairs of brass oval reading glasses,A piece of brass facewear.,Brass Oval Reading Glasses,0,0,0,1,0,0,660875,200178,0,14
179,pair of purple oval reading glasses,pairs of purple oval reading glasses,A piece of purple facewear.,Purple Oval Reading Glasses,0,0,0,1,0,0,726411,200179,0,14
180,pair of brown oval reading glasses,pairs of brown oval reading glasses,A piece of brown facewear.,Brown Oval Reading Glasses,0,0,0,1,0,0,791947,200180,0,14
181,pair of elegant rimless glasses,pairs of elegant rimless glasses,A piece of undyed facewear.,Elegant Rimless Glasses,0,0,0,1,0,0,71052,200181,0,15
182,pair of silver elegant rimless glasses,pairs of silver elegant rimless glasses,A piece of silver facewear.,Silver Elegant Rimless Glasses,0,0,0,1,0,0,136588,200182,0,15
183,pair of gold elegant rimless glasses,pairs of gold elegant rimless glasses,A piece of gold facewear.,Gold Elegant Rimless Glasses,0,0,0,1,0,0,202124,200183,0,15
184,pair of black elegant rimless glasses,pairs of black elegant rimless glasses,A piece of black facewear.,Black Elegant Rimless Glasses,0,0,0,1,0,0,267660,200184,0,15
185,pair of white elegant rimless glasses,pairs of white elegant rimless glasses,A piece of white facewear.,White Elegant Rimless Glasses,0,0,0,1,0,0,333196,200185,0,15
186,pair of grey elegant rimless glasses,pairs of grey elegant rimless glasses,A piece of grey facewear.,Grey Elegant Rimless Glasses,0,0,0,1,0,0,398732,200186,0,15
187,pair of red elegant rimless glasses,pairs of red elegant rimless glasses,A piece of red facewear.,Red Elegant Rimless Glasses,0,0,0,1,0,0,464268,200187,0,15
188,pair of blue elegant rimless glasses,pairs of blue elegant rimless glasses,A piece of blue facewear.,Blue Elegant Rimless Glasses,0,0,0,1,0,0,529804,200188,0,15
189,pair of green elegant rimless glasses,pairs of green elegant rimless glasses,A piece of green facewear.,Green Elegant Rimless Glasses,0,0,0,1,0,0,595340,200189,0,15
190,pair of brass elegant rimless glasses,pairs of brass elegant rimless glasses,A piece of brass facewear.,Brass Elegant Rimless Glasses,0,0,0,1,0,0,660876,200190,0,15
191,pair of purple elegant rimless glasses,pairs of purple elegant rimless glasses,A piece of purple facewear.,Purple Elegant Rimless Glasses,0,0,0,1,0,0,726412,200191,0,15
192,pair of brown elegant rimless glasses,pairs of brown elegant rimless glasses,A piece of brown facewear.,Brown Elegant Rimless Glasses,0,0,0,1,0,0,791948,200192,0,15
193,pair of cat eye glasses,pairs of cat eye glasses,A piece of undyed facewear.,Cat Eye Glasses,0,0,0,1,0,0,71053,200193,0,16
194,pair of silver cat eye glasses,pairs of silver cat eye glasses,A piece of silver facewear.,Silver Cat Eye Glasses,0,0,0,1,0,0,136589,200194,0,16
195,pair of gold cat eye glasses,pairs of gold cat eye glasses,A piece of gold facewear.,Gold Cat Eye Glasses,0,0,0,1,0,0,202125,200195,0,16
196,pair of black cat eye glasses,pairs of black cat eye glasses,A piece of black facewear.,Black Cat Eye Glasses,0,0,0,1,0,0,267661,200196,0,16
197,pair of white cat eye glasses,pairs of white cat eye glasses,A piece of white facewear.,White Cat Eye Glasses,0,0,0,1,0,0,333197,200197,0,16
198,pair of grey cat eye glasses,pairs of grey cat eye glasses,A piece of grey facewear.,Grey Cat Eye Glasses,0,0,0,1,0,0,398733,200198,0,16
199,pair of red cat eye glasses,pairs of red cat eye glasses,A piece of red facewear.,Red Cat Eye Glasses,0,0,0,1,0,0,464269,200199,0,16
200,pair of blue cat eye glasses,pairs of blue cat eye glasses,A piece of blue facewear.,Blue Cat Eye Glasses,0,0,0,1,0,0,529805,200200,0,16
201,pair of green cat eye glasses,pairs of green cat eye glasses,A piece of green facewear.,Green Cat Eye Glasses,0,0,0,1,0,0,595341,200201,0,16
202,pair of brass cat eye glasses,pairs of brass cat eye glasses,A piece of brass facewear.,Brass Cat Eye Glasses,0,0,0,1,0,0,660877,200202,0,16
203,pair of purple cat eye glasses,pairs of purple cat eye glasses,A piece of purple facewear.,Purple Cat Eye Glasses,0,0,0,1,0,0,726413,200203,0,16
204,pair of brown cat eye glasses,pairs of brown cat eye glasses,A piece of brown facewear.,Brown Cat Eye Glasses,0,0,0,1,0,0,791949,200204,0,16
205,pair of slim frame glasses,pairs of slim frame glasses,A piece of undyed facewear.,Slim Frame Glasses,0,0,0,1,0,0,71054,200205,0,17
206,pair of silver slim frame glasses,pairs of silver slim frame glasses,A piece of silver facewear.,Silver Slim Frame Glasses,0,0,0,1,0,0,136590,200206,0,17
207,pair of gold slim frame glasses,pairs of gold slim frame glasses,A piece of gold facewear.,Gold Slim Frame Glasses,0,0,0,1,0,0,202126,200207,0,17
208,pair of black slim frame glasses,pairs of black slim frame glasses,A piece of black facewear.,Black Slim Frame Glasses,0,0,0,1,0,0,267662,200208,0,17
209,pair of white slim frame glasses,pairs of white slim frame glasses,A piece of white facewear.,White Slim Frame Glasses,0,0,0,1,0,0,333198,200209,0,17
210,pair of grey slim frame glasses,pairs of grey slim frame glasses,A piece of grey facewear.,Grey Slim Frame Glasses,0,0,0,1,0,0,398734,200210,0,17
211,pair of red slim frame glasses,pairs of red slim frame glasses,A piece of red facewear.,Red Slim Frame Glasses,0,0,0,1,0,0,464270,200211,0,17
212,pair of blue slim frame glasses,pairs of blue slim frame glasses,A piece of blue facewear.,Blue Slim Frame Glasses,0,0,0,1,0,0,529806,200212,0,17
213,pair of green slim frame glasses,pairs of green slim frame glasses,A piece of green facewear.,Green Slim Frame Glasses,0,0,0,1,0,0,595342,200213,0,17
214,pair of brass slim frame glasses,pairs of brass slim frame glasses,A piece of brass facewear.,Brass Slim Frame Glasses,0,0,0,1,0,0,660878,200214,0,17
215,pair of purple slim frame glasses,pairs of purple slim frame glasses,A piece of purple facewear.,Purple Slim Frame Glasses,0,0,0,1,0,0,726414,200215,0,17
216,pair of brown slim frame glasses,pairs of brown slim frame glasses,A piece of brown facewear.,Brown Slim Frame Glasses,0,0,0,1,0,0,791950,200216,0,17
217,pair of tinted goggles,pairs of tinted goggles,A piece of undyed facewear.,Tinted Goggles,0,0,0,1,0,0,71055,200217,0,18
218,pair of silver tinted goggles,pairs of silver tinted goggles,A piece of silver facewear.,Silver Tinted Goggles,0,0,0,1,0,0,136591,200218,0,18
219,pair of gold tinted goggles,pairs of gold tinted goggles,A piece of gold facewear.,Gold Tinted Goggles,0,0,0,1,0,0,202127,200219,0,18
220,pair of black tinted goggles,pairs of black tinted goggles,A piece of black facewear.,Black Tinted Goggles,0,0,0,1,0,0,267663,200220,0,18
221,pair of white tinted goggles,pairs of white tinted goggles,A piece of white facewear.,White Tinted Goggles,0,0,0,1,0,0,333199,200221,0,18
222,pair of grey tinted goggles,pairs of grey tinted goggles,A piece of grey facewear.,Grey Tinted Goggles,0,0,0,1,0,0,398735,200222,0,18
223,pair of red tinted goggles,pairs of red tinted goggles,A piece of red facewear.,Red Tinted Goggles,0,0,0,1,0,0,464271,200223,0,18
224,pair of blue tinted goggles,pairs of blue tinted goggles,A piece of blue facewear.,Blue Tinted Goggles,0,0,0,1,0,0,529807,200224,0,18
225,pair of green tinted goggles,pairs of green tinted goggles,A piece of green facewear.,Green Tinted Goggles,0,0,0,1,0,0,595343,200225,0,18
226,pair of brass tinted goggles,pairs of brass tinted goggles,A piece of brass facewear.,Brass Tinted Goggles,0,0,0,1,0,0,660879,200226,0,18
227,pair of purple tinted goggles,pairs of purple tinted goggles,A piece of purple facewear.,Purple Tinted Goggles,0,0,0,1,0,0,726415,200227,0,18
228,pair of brown tinted goggles,pairs of brown tinted goggles,A piece of brown facewear.,Brown Tinted Goggles,0,0,0,1,0,0,791951,200228,0,18
229,eyepatch (left),eyepatches (left),A piece of undyed facewear.,Eyepatch (Left),0,0,1,1,0,0,71056,200229,0,19
230,silver eyepatch (left),silver eyepatches (left),A piece of silver facewear.,Silver Eyepatch (Left),0,0,0,1,0,0,136592,200230,0,19
231,gold eyepatch (left),gold eyepatches (left),A piece of gold facewear.,Gold Eyepatch (Left),0,0,0,1,0,0,202128,200231,0,19
232,black eyepatch (left),black eyepatches (left),A piece of black facewear.,Black Eyepatch (Left),0,0,0,1,0,0,267664,200232,0,19
233,white eyepatch (left),white eyepatches (left),A piece of white facewear.,White Eyepatch (Left),0,0,0,1,0,0,333200,200233,0,19
234,grey eyepatch (left),grey eyepatches (left),A piece of grey facewear.,Grey Eyepatch (Left),0,0,0,1,0,0,398736,200234,0,19
235,red eyepatch (left),red eyepatches (left),A piece of red facewear.,Red Eyepatch (Left),0,0,0,1,0,0,464272,200235,0,19
236,blue eyepatch (left),blue eyepatches (left),A piece of blue facewear.,Blue Eyepatch (Left),0,0,0,1,0,0,529808,200236,0,19
237,green eyepatch (left),green eyepatches (left),A piece of green facewear.,Green Eyepatch (Left),0,0,0,1,0,0,595344,200237,0,19
238,brass eyepatch (left),brass eyepatches (left),A piece of brass facewear.,Brass Eyepatch (Left),0,0,0,1,0,0,660880,200238,0,19
239,purple eyepatch (left),purple eyepatches (left),A piece of purple facewear.,Purple Eyepatch (Left),0,0,0,1,0,0,726416,200239,0,19
240,brown eyepatch (left),brown eyepatches (left),A piece of brown facewear.,Brown Eyepatch (Left),0,0,0,1,0,0,791952,200240,0,19
241,eyepatch (right),eyepatches (right),A piece of undyed facewear.,Eyepatch (Right),0,0,1,1,0,0,71057,200241,0,20
242,silver eyepatch (right),silver eyepatches (right),A piece of silver facewear.,Silver Eyepatch (Right),0,0,0,1,0,0,136593,200242,0,20
243,gold eyepatch (right),gold eyepatches (right),A piece of gold facewear.,Gold Eyepatch (Right),0,0,0,1,0,0,202129,200243,0,20
244,black eyepatch (right),black eyepatches (right),A piece of black facewear.,Black Eyepatch (Right),0,0,0,1,0,0,267665,200244,0,20
245,white eyepatch (right),white eyepatches (right),A piece of white facewear.,White Eyepatch (Right),0,0,0,1,0,0,333201,200245,0,20
246,grey eyepatch (right),grey eyepatches (right),A piece of grey facewear.,Grey Eyepatch (Right),0,0,0,1,0,0,398737,200246,0,20
247,red eyepatch (right),red eyepatches (right),A piece of red facewear.,Red Eyepatch (Right),0,0,0,1,0,0,464273,200247,0,20
248,blue eyepatch (right),blue eyepatches (right),A piece of blue facewear.,Blue Eyepatch (Right),0,0,0,1,0,0,529809,200248,0,20
249,green eyepatch (right),green eyepatches (right),A piece of green facewear.,Green Eyepatch (Right),0,0,0,1,0,0,595345,200249,0,20
250,brass eyepatch (right),brass eyepatches (right),A piece of brass facewear.,Brass Eyepatch (Right),0,0,0,1,0,0,660881,200250,0,20
251,purple eyepatch (right),purple eyepatches (right),A piece of purple facewear.,Purple Eyepatch (Right),0,0,0,1,0,0,726417,200251,0,20
252,brown eyepatch (right),brown eyepatches (right),A piece of brown facewear.,Brown Eyepatch (Right),0,0,0,1,0,0,791953,200252,0,20
253,metallic eyepatch (left),metallic eyepatches (left),A piece of undyed facewear.,Metallic Eyepatch (Left),0,0,0,1,0,0,71058,200253,0,21
254,silver metallic eyepatch (left),silver metallic eyepatches (left),A piece of silver facewear.,Silver Metallic Eyepatch (Left),0,0,0,1,0,0,136594,200254,0,21
255,gold metallic eyepatch (left),gold metallic eyepatches (left),A piece of gold facewear.,Gold Metallic Eyepatch (Left),0,0,0,1,0,0,202130,200255,0,21
256,black metallic eyepatch (left),black metallic eyepatches (left),A piece of black facewear.,Black Metallic Eyepatch (Left),0,0,0,1,0,0,267666,200256,0,21
257,white metallic eyepatch (left),white metallic eyepatches (left),A piece of white facewear.,White Metallic Eyepatch (Left),0,0,0,1,0,0,333202,200257,0,21
258,grey metallic eyepatch (left),grey metallic eyepatches (left),A piece of grey facewear.,Grey Metallic Eyepatch (Left),0,0,0,1,0,0,398738,200258,0,21
259,red metallic eyepatch (left),red metallic eyepatches (left),A piece of red facewear.,Red Metallic Eyepatch (Left),0,0,0,1,0,0,464274,200259,0,21
260,blue metallic eyepatch (left),blue metallic eyepatches (left),A piece of blue facewear.,Blue Metallic Eyepatch (Left),0,0,0,1,0,0,529810,200260,0,21
261,green metallic eyepatch (left),green metallic eyepatches (left),A piece of green facewear.,Green Metallic Eyepatch (Left),0,0,0,1,0,0,595346,200261,0,21
262,brass metallic eyepatch (left),brass metallic eyepatches (left),A piece of brass facewear.,Brass Metallic Eyepatch (Left),0,0,0,1,0,0,660882,200262,0,21
263,purple metallic eyepatch (left),purple metallic eyepatches (left),A piece of purple facewear.,Purple Metallic Eyepatch (Left),0,0,0,1,0,0,726418,200263,0,21
264,brown metallic eyepatch (left),brown metallic eyepatches (left),A piece of brown facewear.,Brown Metallic Eyepatch (Left),0,0,0,1,0,0,791954,200264,0,21
265,metallic eyepatch (right),metallic eyepatches (right),A piece of undyed facewear.,Metallic Eyepatch (Right),0,0,0,1,0,0,71059,200265,0,22
266,silver metallic eyepatch (right),silver metallic eyepatches (right),A piece of silver facewear.,Silver Metallic Eyepatch (Right),0,0,0,1,0,0,136595,200266,0,22
267,gold metallic eyepatch (right),gold metallic eyepatches (right),A piece of gold facewear.,Gold Metallic Eyepatch (Right),0,0,0,1,0,0,202131,200267,0,22
268,black metallic eyepatch (right),black metallic eyepatches (right),A piece of black facewear.,Black Metallic Eyepatch (Right),0,0,0,1,0,0,267667,200268,0,22
269,white metallic eyepatch (right),white metallic eyepatches (right),A piece of white facewear.,White Metallic Eyepatch (Right),0,0,0,1,0,0,333203,200269,0,22
270,grey metallic eyepatch (right),grey metallic eyepatches (right),A piece of grey facewear.,Grey Metallic Eyepatch (Right),0,0,0,1,0,0,398739,200270,0,22
271,red metallic eyepatch (right),red metallic eyepatches (right),A piece of red facewear.,Red Metallic Eyepatch (Right),0,0,0,1,0,0,464275,200271,0,22
272,blue metallic eyepatch (right),blue metallic eyepatches (right),A piece of blue facewear.,Blue Metallic Eyepatch (Right),0,0,0,1,0,0,529811,200272,0,22
273,green metallic eyepatch (right),green metallic eyepatches (right),A piece of green facewear.,Green Metallic Eyepatch (Right),0,0,0,1,0,0,595347,200273,0,22
274,brass metallic eyepatch (right),brass metallic eyepatches (right),A piece of brass facewear.,Brass Metallic Eyepatch (Right),0,0,0,1,0,0,660883,200274,0,22
275,purple metallic eyepatch (right),purple metallic eyepatches (right),A piece of purple facewear.,Purple Metallic Eyepatch (Right),0,0,0,1,0,0,726419,200275,0,22
276,brown metallic eyepatch (right),brown metallic eyepatches (right),A piece of brown facewear.,Brown Metallic Eyepatch (Right),0,0,0,1,0,0,791955,200276,0,22
277,pair of coeurl eyeglasses,pairs of coeurl eyeglasses,A piece of undyed facewear.,Coeurl Eyeglasses,0,0,0,1,0,0,71060,200277,0,23
278,pair of silver coeurl eyeglasses,pairs of silver coeurl eyeglasses,A piece of silver facewear.,Silver Coeurl Eyeglasses,0,0,0,1,0,0,136596,200278,0,23
279,pair of gold coeurl eyeglasses,pairs of gold coeurl eyeglasses,A piece of gold facewear.,Gold Coeurl Eyeglasses,0,0,0,1,0,0,202132,200279,0,23
280,pair of black coeurl eyeglasses,pairs of black coeurl eyeglasses,A piece of black facewear.,Black Coeurl Eyeglasses,0,0,0,1,0,0,267668,200280,0,23
281,pair of white coeurl eyeglasses,pairs of white coeurl eyeglasses,A piece of white facewear.,White Coeurl Eyeglasses,0,0,0,1,0,0,333204,200281,0,23
282,pair of grey coeurl eyeglasses,pairs of grey coeurl eyeglasses,A piece of grey facewear.,Grey Coeurl Eyeglasses,0,0,0,1,0,0,398740,200282,0,23
283,pair of red coeurl eyeglasses,pairs of red coeurl eyeglasses,A piece of red facewear.,Red Coeurl Eyeglasses,0,0,0,1,0,0,464276,200283,0,23
284,pair of blue coeurl eyeglasses,pairs of blue coeurl eyeglasses,A piece of blue facewear.,Blue Coeurl Eyeglasses,0,0,0,1,0,0,529812,200284,0,23
285,pair of green coeurl eyeglasses,pairs of green coeurl eyeglasses,A piece of green facewear.,Green Coeurl Eyeglasses,0,0,0,1,0,0,595348,200285,0,23
286,pair of brass coeurl eyeglasses,pairs of brass coeurl eyeglasses,A piece of brass facewear.,Brass Coeurl Eyeglasses,0,0,0,1,0,0,660884,200286,0,23
287,pair of purple coeurl eyeglasses,pairs of purple coeurl eyeglasses,A piece of purple facewear.,Purple Coeurl Eyeglasses,0,0,0,1,0,0,726420,200287,0,23
288,pair of brown coeurl eyeglasses,pairs of brown coeurl eyeglasses,A piece of brown facewear.,Brown Coeurl Eyeglasses,0,0,0,1,0,0,791956,200288,0,23
289,pair of reading glasses,pairs of reading glasses,A piece of undyed facewear.,Reading Glasses,0,0,0,1,0,0,71061,200289,0,24
290,pair of silver reading glasses,pairs of silver reading glasses,A piece of silver facewear.,Silver Reading Glasses,0,0,0,1,0,0,136597,200290,0,24
291,pair of gold reading glasses,pairs of gold reading glasses,A piece of gold facewear.,Gold Reading Glasses,0,0,0,1,0,0,202133,200291,0,24
292,pair of black reading glasses,pairs of black reading glasses,A piece of black facewear.,Black Reading Glasses,0,0,0,1,0,0,267669,200292,0,24
293,pair of white reading glasses,pairs of white reading glasses,A piece of white facewear.,White Reading Glasses,0,0,0,1,0,0,333205,200293,0,24
294,pair of grey reading glasses,pairs of grey reading glasses,A piece of grey facewear.,Grey Reading Glasses,0,0,0,1,0,0,398741,200294,0,24
295,pair of red reading glasses,pairs of red reading glasses,A piece of red facewear.,Red Reading Glasses,0,0,0,1,0,0,464277,200295,0,24
296,pair of blue reading glasses,pairs of blue reading glasses,A piece of blue facewear.,Blue Reading Glasses,0,0,0,1,0,0,529813,200296,0,24
297,pair of green reading glasses,pairs of green reading glasses,A piece of green facewear.,Green Reading Glasses,0,0,0,1,0,0,595349,200297,0,24
298,pair of brass reading glasses,pairs of brass reading glasses,A piece of brass facewear.,Brass Reading Glasses,0,0,0,1,0,0,660885,200298,0,24
299,pair of purple reading glasses,pairs of purple reading glasses,A piece of purple facewear.,Purple Reading Glasses,0,0,0,1,0,0,726421,200299,0,24
300,pair of brown reading glasses,pairs of brown reading glasses,A piece of brown facewear.,Brown Reading Glasses,0,0,0,1,0,0,791957,200300,0,24
301,pair of tinted sunglasses,pairs of tinted sunglasses,A piece of undyed facewear.,Tinted Sunglasses,0,0,0,1,0,0,71062,200301,0,25
302,pair of silver tinted sunglasses,pairs of silver tinted sunglasses,A piece of silver facewear.,Silver Tinted Sunglasses,0,0,0,1,0,0,136598,200302,0,25
303,pair of gold tinted sunglasses,pairs of gold tinted sunglasses,A piece of gold facewear.,Gold Tinted Sunglasses,0,0,0,1,0,0,202134,200303,0,25
304,pair of black tinted sunglasses,pairs of black tinted sunglasses,A piece of black facewear.,Black Tinted Sunglasses,0,0,0,1,0,0,267670,200304,0,25
305,pair of white tinted sunglasses,pairs of white tinted sunglasses,A piece of white facewear.,White Tinted Sunglasses,0,0,0,1,0,0,333206,200305,0,25
306,pair of grey tinted sunglasses,pairs of grey tinted sunglasses,A piece of grey facewear.,Grey Tinted Sunglasses,0,0,0,1,0,0,398742,200306,0,25
307,pair of red tinted sunglasses,pairs of red tinted sunglasses,A piece of red facewear.,Red Tinted Sunglasses,0,0,0,1,0,0,464278,200307,0,25
308,pair of blue tinted sunglasses,pairs of blue tinted sunglasses,A piece of blue facewear.,Blue Tinted Sunglasses,0,0,0,1,0,0,529814,200308,0,25
309,pair of green tinted sunglasses,pairs of green tinted sunglasses,A piece of green facewear.,Green Tinted Sunglasses,0,0,0,1,0,0,595350,200309,0,25
310,pair of brass tinted sunglasses,pairs of brass tinted sunglasses,A piece of brass facewear.,Brass Tinted Sunglasses,0,0,0,1,0,0,660886,200310,0,25
311,pair of purple tinted sunglasses,pairs of purple tinted sunglasses,A piece of purple facewear.,Purple Tinted Sunglasses,0,0,0,1,0,0,726422,200311,0,25
312,pair of brown tinted sunglasses,pairs of brown tinted sunglasses,A piece of brown facewear.,Brown Tinted Sunglasses,0,0,0,1,0,0,791958,200312,0,25
313,pair of groovy glasses,pairs of groovy glasses,A piece of undyed facewear.,Groovy Glasses,0,0,0,1,0,0,71063,200313,0,26
314,pair of silver groovy glasses,pairs of silver groovy glasses,A piece of silver facewear.,Silver Groovy Glasses,0,0,0,1,0,0,136599,200314,0,26
315,pair of gold groovy glasses,pairs of gold groovy glasses,A piece of gold facewear.,Gold Groovy Glasses,0,0,0,1,0,0,202135,200315,0,26
316,pair of black groovy glasses,pairs of black groovy glasses,A piece of black facewear.,Black Groovy Glasses,0,0,0,1,0,0,267671,200316,0,26
317,pair of white groovy glasses,pairs of white groovy glasses,A piece of white facewear.,White Groovy Glasses,0,0,0,1,0,0,333207,200317,0,26
318,pair of grey groovy glasses,pairs of grey groovy glasses,A piece of grey facewear.,Grey Groovy Glasses,0,0,0,1,0,0,398743,200318,0,26
319,pair of red groovy glasses,pairs of red groovy glasses,A piece of red facewear.,Red Groovy Glasses,0,0,0,1,0,0,464279,200319,0,26
320,pair of blue groovy glasses,pairs of blue groovy glasses,A piece of blue facewear.,Blue Groovy Glasses,0,0,0,1,0,0,529815,200320,0,26
321,pair of green groovy glasses,pairs of green groovy glasses,A piece of green facewear.,Green Groovy Glasses,0,0,0,1,0,0,595351,200321,0,26
322,pair of brass groovy glasses,pairs of brass groovy glasses,A piece of brass facewear.,Brass Groovy Glasses,0,0,0,1,0,0,660887,200322,0,26
323,pair of purple groovy glasses,pairs of purple groovy glasses,A piece of purple facewear.,Purple Groovy Glasses,0,0,0,1,0,0,726423,200323,0,26
324,pair of brown groovy glasses,pairs of brown groovy glasses,A piece of brown facewear.,Brown Groovy Glasses,0,0,0,1,0,0,791959,200324,0,26
325,pair of rectangular glasses,pairs of rectangular glasses,A piece of undyed facewear.,Rectangular Glasses,0,0,0,1,0,0,71064,200325,0,27
326,pair of silver rectangular glasses,pairs of silver rectangular glasses,A piece of silver facewear.,Silver Rectangular Glasses,0,0,0,1,0,0,136600,200326,0,27
327,pair of gold rectangular glasses,pairs of gold rectangular glasses,A piece of gold facewear.,Gold Rectangular Glasses,0,0,0,1,0,0,202136,200327,0,27
328,pair of black rectangular glasses,pairs of black rectangular glasses,A piece of black facewear.,Black Rectangular Glasses,0,0,0,1,0,0,267672,200328,0,27
329,pair of white rectangular glasses,pairs of white rectangular glasses,A piece of white facewear.,White Rectangular Glasses,0,0,0,1,0,0,333208,200329,0,27
330,pair of grey rectangular glasses,pairs of grey rectangular glasses,A piece of grey facewear.,Grey Rectangular Glasses,0,0,0,1,0,0,398744,200330,0,27
331,pair of red rectangular glasses,pairs of red rectangular glasses,A piece of red facewear.,Red Rectangular Glasses,0,0,0,1,0,0,464280,200331,0,27
332,pair of blue rectangular glasses,pairs of blue rectangular glasses,A piece of blue facewear.,Blue Rectangular Glasses,0,0,0,1,0,0,529816,200332,0,27
333,pair of green rectangular glasses,pairs of green rectangular glasses,A piece of green facewear.,Green Rectangular Glasses,0,0,0,1,0,0,595352,200333,0,27
334,pair of brass rectangular glasses,pairs of brass rectangular glasses,A piece of brass facewear.,Brass Rectangular Glasses,0,0,0,1,0,0,660888,200334,0,27
335,pair of purple rectangular glasses,pairs of purple rectangular glasses,A piece of purple facewear.,Purple Rectangular Glasses,0,0,0,1,0,0,726424,200335,0,27
336,pair of brown rectangular glasses,pairs of brown rectangular glasses,A piece of brown facewear.,Brown Rectangular Glasses,0,0,0,1,0,0,791960,200336,0,27
