key,0,1,2,3,4,5,6,7,8,9,10,11,12,13,14,15,16,17,18,19
#,Number,Icon,Stats,Description,,Location,StartQuest,NextQuest,,,,,,,,,,,,
int32,byte,Image,str,str,byte,ContentFinderCondition,Quest,Quest,bit&01,bit&02,bit&04,bit&08,bit&10,bit&20,bit&40,bit&80,bit&01,bit&02,bit&04,bit&08
0,0,,"","",0,"",,,False,False,False,False,False,False,False,False,False,False,False,False
1,25,"ui/icon/072000/072201.tex","<UIForeground>F201F8</UIForeground><UIGlow>F201F9</UIGlow>Type<Indent/>: <UIGlow>01</UIGlow><UIForeground>01</UIForeground>Magique
<UIForeground>F201F8</UIForeground><UIGlow>F201F9</UIGlow>Élément<Indent/>: <UIGlow>01</UIGlow><UIForeground>01</UIForeground>Vent
<UIForeground>F201F8</UIForeground><UIGlow>F201F9</UIGlow>Rang<Indent/>: <UIGlow>01</UIGlow><UIForeground>01</UIForeground>★★★★
","Technique secrète de maître Typhon.
Cette puissante expulsion nasale permet de déchaîner des vents violents sur les ennemis devant soi. Ces derniers subissent bien sûr de multiples blessures, mais l'expérience les marque aussi psy<SoftHyphen/>cho<SoftHyphen/>lo<SoftHyphen/>gi<SoftHyphen/>quement.",4,"the Dragon's Neck",,,True,False,False,False,False,False,False,False,False,False,False,False
2,26,"ui/icon/072000/072202.tex","<UIForeground>F201F8</UIForeground><UIGlow>F201F9</UIGlow>Type<Indent/>: <UIGlow>01</UIGlow><UIForeground>01</UIForeground>Physique / Contondant
<UIForeground>F201F8</UIForeground><UIGlow>F201F9</UIGlow>Élément<Indent/>: <UIGlow>01</UIGlow><UIForeground>01</UIForeground>Aucun
<UIForeground>F201F8</UIForeground><UIGlow>F201F9</UIGlow>Rang<Indent/>: <UIGlow>01</UIGlow><UIForeground>01</UIForeground>★★★★
","Technique spéciale d'Orthros.
Ce sort permet de faire apparaître un poids venu de nulle part au-dessus de ses ennemis, puis la gravité fait le reste. Son nom parle de quatre tonz, mais personne ne l'a pesé pour en avoir le cœur net.",4,"the Dragon's Neck",,,True,False,False,False,False,False,False,False,False,False,True,False
3,1,"ui/icon/072000/072203.tex","<UIForeground>F201F8</UIForeground><UIGlow>F201F9</UIGlow>Type<Indent/>: <UIGlow>01</UIGlow><UIForeground>01</UIForeground>Magique
<UIForeground>F201F8</UIForeground><UIGlow>F201F9</UIGlow>Élément<Indent/>: <UIGlow>01</UIGlow><UIForeground>01</UIForeground>Eau
<UIForeground>F201F8</UIForeground><UIGlow>F201F9</UIGlow>Rang<Indent/>: <UIGlow>01</UIGlow><UIForeground>01</UIForeground>★
","Sort appris sur un Kraken.
Ce sort inflige des dégâts en projetant un jet d'eau sous haute pression sur sa cible. Le lanceur capte l'énergie éthérée en suspension, ce qui lui permet d'utiliser cette technique même dans les environnements dépourvus d'eau liquide.",3,"",,,True,False,False,False,False,False,False,False,False,False,False,False
4,9,"ui/icon/072000/072204.tex","<UIForeground>F201F8</UIForeground><UIGlow>F201F9</UIGlow>Type<Indent/>: <UIGlow>01</UIGlow><UIForeground>01</UIForeground>Magique
<UIForeground>F201F8</UIForeground><UIGlow>F201F9</UIGlow>Élément<Indent/>: <UIGlow>01</UIGlow><UIForeground>01</UIForeground>Aucun
<UIForeground>F201F8</UIForeground><UIGlow>F201F9</UIGlow>Rang<Indent/>: <UIGlow>01</UIGlow><UIForeground>01</UIForeground>★★
","Sort fétiche de la sirène.
Cette incantation revient à entonner un chant nocif qui détériore la santé mentale de son adversaire. L'impact psychique est si néfaste que le corps est affecté et subit des lésions.",4,"Pharos Sirius",,,True,False,False,False,False,False,False,False,False,False,False,False
5,6,"ui/icon/072000/072205.tex","<UIForeground>F201F8</UIForeground><UIGlow>F201F9</UIGlow>Type<Indent/>: <UIGlow>01</UIGlow><UIForeground>01</UIForeground>Magique
<UIForeground>F201F8</UIForeground><UIGlow>F201F9</UIGlow>Élément<Indent/>: <UIGlow>01</UIGlow><UIForeground>01</UIForeground>Foudre
<UIForeground>F201F8</UIForeground><UIGlow>F201F9</UIGlow>Rang<Indent/>: <UIGlow>01</UIGlow><UIForeground>01</UIForeground>★★★★
","Technique de magie mécanique de l'empire d'Allag.
Ce sort est le fruit des recherches conduites par les Allagois afin de permettre à leurs automates d'utiliser la magie. Il puise dans l'éther de foudre environnant pour libérer un courant de forte intensité autour de soi.",4,"the Binding Coil of Bahamut - Turn 1",,,True,False,False,False,True,False,False,False,False,False,False,False
6,28,"ui/icon/072000/072206.tex","<UIForeground>F201F8</UIForeground><UIGlow>F201F9</UIGlow>Type<Indent/>: <UIGlow>01</UIGlow><UIForeground>01</UIForeground>Magique
<UIForeground>F201F8</UIForeground><UIGlow>F201F9</UIGlow>Élément<Indent/>: <UIGlow>01</UIGlow><UIForeground>01</UIForeground>Aucun
<UIForeground>F201F8</UIForeground><UIGlow>F201F9</UIGlow>Rang<Indent/>: <UIGlow>01</UIGlow><UIForeground>01</UIForeground>★★★
","Sort prin<SoftHyphen/>ci<SoftHyphen/>pa<SoftHyphen/>le<SoftHyphen/>ment utilisé par les morbols.
La plus pestilentielle de toutes les incantations de magie bleue, selon les praticiens. Ces effluves buccaux malodorants sont obtenus en manipulant éther de vent et de terre afin de se rapprocher de l'énergie ombrale.",1,"Ward Up",,,True,False,True,False,True,True,True,False,False,False,True,False
7,4,"ui/icon/072000/072207.tex","<UIForeground>F201F8</UIForeground><UIGlow>F201F9</UIGlow>Type<Indent/>: <UIGlow>01</UIGlow><UIForeground>01</UIForeground>Physique / Contondant
<UIForeground>F201F8</UIForeground><UIGlow>F201F9</UIGlow>Élément<Indent/>: <UIGlow>01</UIGlow><UIForeground>01</UIForeground>Aucun
<UIForeground>F201F8</UIForeground><UIGlow>F201F9</UIGlow>Rang<Indent/>: <UIGlow>01</UIGlow><UIForeground>01</UIForeground>★★★
","Sort utilisé par les zus.
Le lanceur s'envoûte lui-même afin d'attiser grandement sa colère et de refouler son sentiment de peur. La combinaison de ces effets permet de dépasser les limites physiques imposées par l'esprit.",4,"Pharos Sirius",,,True,False,False,False,False,False,False,False,False,False,False,False
8,3,"ui/icon/072000/072208.tex","<UIForeground>F201F8</UIForeground><UIGlow>F201F9</UIGlow>Type<Indent/>: <UIGlow>01</UIGlow><UIForeground>01</UIForeground>Magique
<UIForeground>F201F8</UIForeground><UIGlow>F201F9</UIGlow>Élément<Indent/>: <UIGlow>01</UIGlow><UIForeground>01</UIForeground>Eau
<UIForeground>F201F8</UIForeground><UIGlow>F201F9</UIGlow>Rang<Indent/>: <UIGlow>01</UIGlow><UIForeground>01</UIForeground>★★★★
","Le sort aqueux de magie bleue par excellence.
Aquasouffle crée un torrent de bulles à partir de l'éther d'eau environnant. Elles enveloppent la cible, la blessent, et comme si ça ne suffisait pas, inoculent un poison pour finir le travail.",4,"the Dragon's Neck",,,True,False,False,False,False,False,False,False,False,False,False,False
9,11,"ui/icon/072000/072209.tex","<UIForeground>F201F8</UIForeground><UIGlow>F201F9</UIGlow>Type<Indent/>: <UIGlow>01</UIGlow><UIForeground>01</UIForeground>Magique
<UIForeground>F201F8</UIForeground><UIGlow>F201F9</UIGlow>Élément<Indent/>: <UIGlow>01</UIGlow><UIForeground>01</UIForeground>Terre
<UIForeground>F201F8</UIForeground><UIGlow>F201F9</UIGlow>Rang<Indent/>: <UIGlow>01</UIGlow><UIForeground>01</UIForeground>★★
","Sort utilisé par les créatures liées à la terre.
L'éther de terre peut être manipulé afin de créer un séisme localisé. Les mages bleus les plus talentueux peuvent rivaliser avec Mère Nature et déclencher de véritables cataclysmes.",4,"Copperbell Mines (Hard)",,,True,False,False,False,False,False,False,False,False,False,False,False
10,18,"ui/icon/072000/072210.tex","<UIForeground>F201F8</UIForeground><UIGlow>F201F9</UIGlow>Type<Indent/>: <UIGlow>01</UIGlow><UIForeground>01</UIForeground>Magique
<UIForeground>F201F8</UIForeground><UIGlow>F201F9</UIGlow>Élément<Indent/>: <UIGlow>01</UIGlow><UIForeground>01</UIForeground>Aucun
<UIForeground>F201F8</UIForeground><UIGlow>F201F9</UIGlow>Rang<Indent/>: <UIGlow>01</UIGlow><UIForeground>01</UIForeground>★
","Sort utilisé par les tréants et autres végétaux.
Propulse sur l'ennemi un amas d'énergie magique en forme de gland qui explose au contact et se fragmente en un nuage somnifère. Cette méthode de protection découlerait de la course à l'armement entre insectes nuisibles et plantes.",1,"the Navel",,,True,False,False,False,False,False,False,False,True,False,False,False
11,12,"ui/icon/072000/072211.tex","<UIForeground>F201F8</UIForeground><UIGlow>F201F9</UIGlow>Type<Indent/>: <UIGlow>01</UIGlow><UIForeground>01</UIForeground>Magique
<UIForeground>F201F8</UIForeground><UIGlow>F201F9</UIGlow>Élément<Indent/>: <UIGlow>01</UIGlow><UIForeground>01</UIForeground>Aucun
<UIForeground>F201F8</UIForeground><UIGlow>F201F9</UIGlow>Rang<Indent/>: <UIGlow>01</UIGlow><UIForeground>01</UIForeground>★★
","Instinct combatif propre aux bêtes sauvages.
Permet d'accroître sa puissance magique en laissant exploser sa colère. Cette capacité n'étant pas propre aux animaux, les mages bleus peuvent l'apprendre et y faire appel pour amplifier leurs propres sorts.",1,"Solemn Trinity",,,False,True,False,False,False,False,False,False,False,False,False,False
12,41,"ui/icon/072000/072212.tex","<UIForeground>F201F8</UIForeground><UIGlow>F201F9</UIGlow>Type<Indent/>: <UIGlow>01</UIGlow><UIForeground>01</UIForeground>Magique
<UIForeground>F201F8</UIForeground><UIGlow>F201F9</UIGlow>Élément<Indent/>: <UIGlow>01</UIGlow><UIForeground>01</UIForeground>Aucun
<UIForeground>F201F8</UIForeground><UIGlow>F201F9</UIGlow>Rang<Indent/>: <UIGlow>01</UIGlow><UIForeground>01</UIForeground>★
","Attaque mentale prin<SoftHyphen/>ci<SoftHyphen/>pa<SoftHyphen/>le<SoftHyphen/>ment utilisée par les flagelleurs d'âmes.
Les victimes de ce sort ressentent la même douleur que si elles étaient tailladées, réduisant leur endurance et entraînant parfois même la paralysie. Fait partie de l'arsenal immobilisant de Fracasseur.",4,"the Tam–Tara Deepcroft","Why They Call It the Blues","Blue Collar Work",True,False,False,False,True,False,False,False,False,False,False,False
13,17,"ui/icon/072000/072213.tex","<UIForeground>F201F8</UIForeground><UIGlow>F201F9</UIGlow>Type<Indent/>: <UIGlow>01</UIGlow><UIForeground>01</UIForeground>Magique
<UIForeground>F201F8</UIForeground><UIGlow>F201F9</UIGlow>Élément<Indent/>: <UIGlow>01</UIGlow><UIForeground>01</UIForeground>Aucun
<UIForeground>F201F8</UIForeground><UIGlow>F201F9</UIGlow>Rang<Indent/>: <UIGlow>01</UIGlow><UIForeground>01</UIForeground>★
","Sort utilisé par les chigoes et les chauves-souris.
Le lanceur absorbe l'éther contenu dans le sang de sa cible, lui permettant ainsi de régénérer sa propre énergie éthérée. Les zoologistes y voient là une adaptation de ces espèces hématophages.",1,"the Great Gubal Library","Blue Collar Work","Blue Leading the Blue",True,True,False,False,False,False,False,False,False,False,False,False
14,19,"ui/icon/072000/072214.tex","<UIForeground>F201F8</UIForeground><UIGlow>F201F9</UIGlow>Type<Indent/>: <UIGlow>01</UIGlow><UIForeground>01</UIForeground>Magique
<UIForeground>F201F8</UIForeground><UIGlow>F201F9</UIGlow>Élément<Indent/>: <UIGlow>01</UIGlow><UIForeground>01</UIForeground>Feu
<UIForeground>F201F8</UIForeground><UIGlow>F201F9</UIGlow>Rang<Indent/>: <UIGlow>01</UIGlow><UIForeground>01</UIForeground>★★
","Sort reproduisant l'effet d'un lancer de bombe gobelin.
Les Gobelins renforcent la puissance de leurs engins explosifs en insufflant de l'éther à la poudre. Cette composante magique permet aux mages bleus de copier cette technique et de la reproduire sans l'aide de bombes.",1,"the Wanderer's Palace (Hard)",,,True,False,False,False,False,False,False,True,False,False,False,False
15,36,"ui/icon/072000/072215.tex","<UIForeground>F201F8</UIForeground><UIGlow>F201F9</UIGlow>Type<Indent/>: <UIGlow>01</UIGlow><UIForeground>01</UIForeground>Physique / Perforant
<UIForeground>F201F8</UIForeground><UIGlow>F201F9</UIGlow>Élément<Indent/>: <UIGlow>01</UIGlow><UIForeground>01</UIForeground>Aucun
<UIForeground>F201F8</UIForeground><UIGlow>F201F9</UIGlow>Rang<Indent/>: <UIGlow>01</UIGlow><UIForeground>01</UIForeground>★★★★
","Sort spécial des pampas.
Con<SoftHyphen/>trai<SoftHyphen/>re<SoftHyphen/>ment aux pampas qui projettent leurs épines, les mages bleus matérialisent et lancent de multiples aiguilles constituées d'éther. La méthode diffère légèrement, mais la douleur de ces piqûres reste la même.",1,"Hero on the Half Shell","Blue Gold","Scream Blue Murder",True,False,False,False,False,False,False,False,False,False,False,False
16,5,"ui/icon/072000/072216.tex","<UIForeground>F201F8</UIForeground><UIGlow>F201F9</UIGlow>Type<Indent/>: <UIGlow>01</UIGlow><UIForeground>01</UIForeground>Physique / Perforant
<UIForeground>F201F8</UIForeground><UIGlow>F201F9</UIGlow>Élément<Indent/>: <UIGlow>01</UIGlow><UIForeground>01</UIForeground>Aucun
<UIForeground>F201F8</UIForeground><UIGlow>F201F9</UIGlow>Rang<Indent/>: <UIGlow>01</UIGlow><UIForeground>01</UIForeground>★★
","Sort reproduisant une méthode offensive des armes magitek.
Le lanceur forme deux concentrés d'éther et les fait tourbillonner avant de les lancer droit sur sa cible. Cette technique provenant des foreuses magitek, elle est par<SoftHyphen/>ti<SoftHyphen/>cu<SoftHyphen/>liè<SoftHyphen/>rement efficace contre les cibles pétrifiées.",1,"Pulling Poison Posies",,,True,False,False,False,False,False,False,False,False,False,False,False
17,27,"ui/icon/072000/072217.tex","<UIForeground>F201F8</UIForeground><UIGlow>F201F9</UIGlow>Type<Indent/>: <UIGlow>01</UIGlow><UIForeground>01</UIForeground>Magique
<UIForeground>F201F8</UIForeground><UIGlow>F201F9</UIGlow>Élément<Indent/>: <UIGlow>01</UIGlow><UIForeground>01</UIForeground>Aucun
<UIForeground>F201F8</UIForeground><UIGlow>F201F9</UIGlow>Rang<Indent/>: <UIGlow>01</UIGlow><UIForeground>01</UIForeground>★★
","Sort utilisé par les êtres surnaturels comme les dahakas.
Permet d'utiliser ses propres globes oculaires comme des cercles incantatoires pour concentrer sa magie. Cette énergie est ensuite libérée en un regard menaçant qui attire l'inimitié des ennemis proches.",4,"Amdapor Keep",,,True,False,False,False,False,False,False,False,False,False,False,False
18,15,"ui/icon/072000/072218.tex","<UIForeground>F201F8</UIForeground><UIGlow>F201F9</UIGlow>Type<Indent/>: <UIGlow>01</UIGlow><UIForeground>01</UIForeground>Physique / Tranchant
<UIForeground>F201F8</UIForeground><UIGlow>F201F9</UIGlow>Élément<Indent/>: <UIGlow>01</UIGlow><UIForeground>01</UIForeground>Aucun
<UIForeground>F201F8</UIForeground><UIGlow>F201F9</UIGlow>Rang<Indent/>: <UIGlow>01</UIGlow><UIForeground>01</UIForeground>★★★★
","Sort utilisé par les tomberrys.
Permet de concentrer magiquement le sentiment de rancune et d'augmenter la qualité tranchante d'une arme blanche. Les cibles immobilisées sont terrifiées par cette attaque foudroyante.",4,"the Wanderer's Palace",,,True,False,False,False,False,False,False,False,False,False,False,False
19,7,"ui/icon/072000/072219.tex","<UIForeground>F201F8</UIForeground><UIGlow>F201F9</UIGlow>Type<Indent/>: <UIGlow>01</UIGlow><UIForeground>01</UIForeground>Magique
<UIForeground>F201F8</UIForeground><UIGlow>F201F9</UIGlow>Élément<Indent/>: <UIGlow>01</UIGlow><UIForeground>01</UIForeground>Aucun
<UIForeground>F201F8</UIForeground><UIGlow>F201F9</UIGlow>Rang<Indent/>: <UIGlow>01</UIGlow><UIForeground>01</UIForeground>★
","Sort de déplacement.
Projette l'énergie magique du lanceur autour de lui pour générer un flux éthéré ru<SoftHyphen/>di<SoftHyphen/>men<SoftHyphen/>taire. La distance pouvant être parcourue est très limitée, mais ce sort peut servir pour les situations d'urgence.",1,"Pulling Poison Posies",,,False,False,False,False,False,False,False,False,False,False,False,False
20,2,"ui/icon/072000/072220.tex","<UIForeground>F201F8</UIForeground><UIGlow>F201F9</UIGlow>Type<Indent/>: <UIGlow>01</UIGlow><UIForeground>01</UIForeground>Magique
<UIForeground>F201F8</UIForeground><UIGlow>F201F9</UIGlow>Élément<Indent/>: <UIGlow>01</UIGlow><UIForeground>01</UIForeground>Feu
<UIForeground>F201F8</UIForeground><UIGlow>F201F9</UIGlow>Rang<Indent/>: <UIGlow>01</UIGlow><UIForeground>01</UIForeground>★★★★
","Sort projetant un cône de feu vers l'avant.
À l'instar du Feu occultiste, son principe est de concentrer de l'éther de feu avant de l'embraser. Il existe aussi des armes permettant de projeter des liquides hautement inflammables qui produisent un effet similaire.",4,"Brayflox's Longstop (Hard)",,,True,False,False,False,False,False,False,False,False,False,False,False
21,23,"ui/icon/072000/072221.tex","<UIForeground>F201F8</UIForeground><UIGlow>F201F9</UIGlow>Type<Indent/>: <UIGlow>01</UIGlow><UIForeground>01</UIForeground>Magique
<UIForeground>F201F8</UIForeground><UIGlow>F201F9</UIGlow>Élément<Indent/>: <UIGlow>01</UIGlow><UIForeground>01</UIForeground>Aucun
<UIForeground>F201F8</UIForeground><UIGlow>F201F9</UIGlow>Rang<Indent/>: <UIGlow>01</UIGlow><UIForeground>01</UIForeground>★★★
","Sort fétiche des Qiqirns.
Développé pour se protéger contre les puissants carnassiers, il permet de concentrer de l'énergie dans la paume de la main pour la projeter violemment et stupéfier la cible.",1,"the Keeper of the Lake","Scream Blue Murder","Why They Call It the Blues",True,False,False,False,False,False,False,True,False,False,False,False
22,10,"ui/icon/072000/072222.tex","<UIForeground>F201F8</UIForeground><UIGlow>F201F9</UIGlow>Type<Indent/>: <UIGlow>01</UIGlow><UIForeground>01</UIForeground>Magique
<UIForeground>F201F8</UIForeground><UIGlow>F201F9</UIGlow>Élément<Indent/>: <UIGlow>01</UIGlow><UIForeground>01</UIForeground>Foudre
<UIForeground>F201F8</UIForeground><UIGlow>F201F9</UIGlow>Rang<Indent/>: <UIGlow>01</UIGlow><UIForeground>01</UIForeground>★★★★
","Rayonnement utilisé par les cyclopes.
Ressemble à Regard intense dans le principe, les deux utilisant le globe occulaire comme cercle magique pour lancer un sort. Cette version étant plus concentrée, elle peut permettre de paralyser la cible comme un coup de tonnerre.",4,"the Aurum Vale","The Real Folk Blues","Blue Gold",True,False,False,False,True,False,False,False,False,False,False,False
23,35,"ui/icon/072000/072223.tex","<UIForeground>F201F8</UIForeground><UIGlow>F201F9</UIGlow>Type<Indent/>: <UIGlow>01</UIGlow><UIForeground>01</UIForeground>Magique
<UIForeground>F201F8</UIForeground><UIGlow>F201F9</UIGlow>Élément<Indent/>: <UIGlow>01</UIGlow><UIForeground>01</UIForeground>Aucun
<UIForeground>F201F8</UIForeground><UIGlow>F201F9</UIGlow>Rang<Indent/>: <UIGlow>01</UIGlow><UIForeground>01</UIForeground>★★★★
","Sort s'inspirant d'une arme guidée.
L'éther crée un missile factice qui provoque un choc en touchant la cible. Plus celle-ci est coriace, plus l'impact est fort et plus les dégâts infligés sont importants.",4,"Battle in the Big Keep",,,True,False,False,False,False,False,False,False,False,False,False,True
24,13,"ui/icon/072000/072224.tex","<UIForeground>F201F8</UIForeground><UIGlow>F201F9</UIGlow>Type<Indent/>: <UIGlow>01</UIGlow><UIForeground>01</UIForeground>Magique
<UIForeground>F201F8</UIForeground><UIGlow>F201F9</UIGlow>Élément<Indent/>: <UIGlow>01</UIGlow><UIForeground>01</UIForeground>Aucun
<UIForeground>F201F8</UIForeground><UIGlow>F201F9</UIGlow>Rang<Indent/>: <UIGlow>01</UIGlow><UIForeground>01</UIForeground>★★★
","Sort de guérison primitif.
Charge le vent d'un éther pur pour le répandre aux alentours. Il permet de soigner des compagnons proches en plus de soi-même, mais exige pour cela d'utiliser une grande quantité d'énergie magique.",2,"",,,False,True,False,False,False,False,False,False,False,False,False,False
25,8,"ui/icon/072000/072225.tex","<UIForeground>F201F8</UIForeground><UIGlow>F201F9</UIGlow>Type<Indent/>: <UIGlow>01</UIGlow><UIForeground>01</UIForeground>Physique / Perforant
<UIForeground>F201F8</UIForeground><UIGlow>F201F9</UIGlow>Élément<Indent/>: <UIGlow>01</UIGlow><UIForeground>01</UIForeground>Aucun
<UIForeground>F201F8</UIForeground><UIGlow>F201F9</UIGlow>Rang<Indent/>: <UIGlow>01</UIGlow><UIForeground>01</UIForeground>★★
","Technique de piqûre ultime des frelons.
Le lanceur convertit toute son énergie vitale en magie pour produire un puissant venin qui sera injecté dans le corps de la cible. À utiliser lorsque l'on est prêt à se sacrifier.",1,"the Wanderer's Palace (Hard)",,,True,False,False,False,False,False,False,False,False,False,False,False
26,21,"ui/icon/072000/072226.tex","<UIForeground>F201F8</UIForeground><UIGlow>F201F9</UIGlow>Type<Indent/>: <UIGlow>01</UIGlow><UIForeground>01</UIForeground>Magique
<UIForeground>F201F8</UIForeground><UIGlow>F201F9</UIGlow>Élément<Indent/>: <UIGlow>01</UIGlow><UIForeground>01</UIForeground>Feu
<UIForeground>F201F8</UIForeground><UIGlow>F201F9</UIGlow>Rang<Indent/>: <UIGlow>01</UIGlow><UIForeground>01</UIForeground>★
","Sort emblématique des bombos.
Le lanceur convertit toute son essence vitale en éther de feu, et provoque une énorme explosion dont il ne ressortira pas indemne. La déflagration est encore plus puissante si son corps est recouvert d'huile.",1,"Basic Training: Enemy Parties",,,True,False,False,False,False,False,False,False,False,False,False,False
27,22,"ui/icon/072000/072227.tex","<UIForeground>F201F8</UIForeground><UIGlow>F201F9</UIGlow>Type<Indent/>: <UIGlow>01</UIGlow><UIForeground>01</UIForeground>Magique
<UIForeground>F201F8</UIForeground><UIGlow>F201F9</UIGlow>Élément<Indent/>: <UIGlow>01</UIGlow><UIForeground>01</UIForeground>Aucun
<UIForeground>F201F8</UIForeground><UIGlow>F201F9</UIGlow>Rang<Indent/>: <UIGlow>01</UIGlow><UIForeground>01</UIForeground>★★
","Sort utilisé par des spectres du nouveau continent.
Le lanceur transfère toute son énergie vitale à sa cible pour la soigner com<SoftHyphen/>plè<SoftHyphen/>te<SoftHyphen/>ment, au prix de sa propre vie. À utiliser dans des situations désespérées, ou pour prouver son altruisme sans limites.",2,"",,,False,True,False,False,False,False,False,False,False,False,False,False
28,32,"ui/icon/072000/072228.tex","<UIForeground>F201F8</UIForeground><UIGlow>F201F9</UIGlow>Type<Indent/>: <UIGlow>01</UIGlow><UIForeground>01</UIForeground>Magique
<UIForeground>F201F8</UIForeground><UIGlow>F201F9</UIGlow>Élément<Indent/>: <UIGlow>01</UIGlow><UIForeground>01</UIForeground>Aucun
<UIForeground>F201F8</UIForeground><UIGlow>F201F9</UIGlow>Rang<Indent/>: <UIGlow>01</UIGlow><UIForeground>01</UIForeground>★★★
","Sort utilisé par les crapauds géants.
Le lanceur s'enduit le corps d'une huile au fort pouvoir lubrifiant, devenant aussi glissant et difficile à toucher qu'un crapaud<Indent/>; une pratique qui, si elle est peu ragoûtante aux yeux de certains, a aussi ses irréductibles amateurs.",1,"Basic Training: Enemy Parties",,,False,True,False,False,False,False,False,False,False,False,False,False
29,20,"ui/icon/072000/072229.tex","<UIForeground>F201F8</UIForeground><UIGlow>F201F9</UIGlow>Type<Indent/>: <UIGlow>01</UIGlow><UIForeground>01</UIForeground>Magique
<UIForeground>F201F8</UIForeground><UIGlow>F201F9</UIGlow>Élément<Indent/>: <UIGlow>01</UIGlow><UIForeground>01</UIForeground>Aucun
<UIForeground>F201F8</UIForeground><UIGlow>F201F9</UIGlow>Rang<Indent/>: <UIGlow>01</UIGlow><UIForeground>01</UIForeground>★★
","Sort utilisé par les géants du nouveau continent.
Une forme de magie primitive qui corrode l'esprit de l'ennemi et met à mal ses défenses naturelles. Ainsi affaibli, il peut alors être rossé sans ménagement.",2,"",,,True,False,False,False,False,False,False,False,False,False,False,False
30,31,"ui/icon/072000/072230.tex","<UIForeground>F201F8</UIForeground><UIGlow>F201F9</UIGlow>Type<Indent/>: <UIGlow>01</UIGlow><UIForeground>01</UIForeground>Physique / Contondant
<UIForeground>F201F8</UIForeground><UIGlow>F201F9</UIGlow>Élément<Indent/>: <UIGlow>01</UIGlow><UIForeground>01</UIForeground>Aucun
<UIForeground>F201F8</UIForeground><UIGlow>F201F9</UIGlow>Rang<Indent/>: <UIGlow>01</UIGlow><UIForeground>01</UIForeground>★★★★
","Sort spécial des crapauds géants.
Reproduit la capacité des crapauds géants à attraper des proies lointaines à l'aide de leur langue visqueuse. En l'occurrence, la “langue” est une projection d'énergie éthérée, tout aussi collante que son modèle.",1,"Basic Training: Enemy Parties",,,True,False,False,False,False,False,False,True,False,False,False,False
31,40,"ui/icon/072000/072231.tex","<UIForeground>F201F8</UIForeground><UIGlow>F201F9</UIGlow>Type<Indent/>: <UIGlow>01</UIGlow><UIForeground>01</UIForeground>Magique
<UIForeground>F201F8</UIForeground><UIGlow>F201F9</UIGlow>Élément<Indent/>: <UIGlow>01</UIGlow><UIForeground>01</UIForeground>Aucun
<UIForeground>F201F8</UIForeground><UIGlow>F201F9</UIGlow>Rang<Indent/>: <UIGlow>01</UIGlow><UIForeground>01</UIForeground>★★★★
","Sort utilisé par le Karlabos.
Concentre l'énergie éthérée dans l'arme du lanceur (la queue dans le cas du Karlabos) puis la relâche en un tourbillon qui sape presque entièrement la vie de l'ennemi. Très hasardeux à exécuter, ce sort fait rarement mouche.",4,"Sastasha (Hard)",,,True,False,False,False,False,False,False,False,False,False,False,True
32,14,"ui/icon/072000/072232.tex","<UIForeground>F201F8</UIForeground><UIGlow>F201F9</UIGlow>Type<Indent/>: <UIGlow>01</UIGlow><UIForeground>01</UIForeground>Magique
<UIForeground>F201F8</UIForeground><UIGlow>F201F9</UIGlow>Élément<Indent/>: <UIGlow>01</UIGlow><UIForeground>01</UIForeground>Aucun
<UIForeground>F201F8</UIForeground><UIGlow>F201F9</UIGlow>Rang<Indent/>: <UIGlow>01</UIGlow><UIForeground>01</UIForeground>★★
","Malédiction utilisée par les ahrimans.
Corrompt l'âme de l'ennemi et provoque l'arrêt immédiat de ses fonctions vitales. Son fonc<SoftHyphen/>tion<SoftHyphen/>ne<SoftHyphen/>ment obéit à une logique nébuleuse, qui fait que seules certaines cibles sont affectées. D'aucuns soutiennent que “tout est mathématique”...",4,"Haukke Manor",,,True,False,False,True,False,False,False,False,False,False,False,False
33,39,"ui/icon/072000/072233.tex","<UIForeground>F201F8</UIForeground><UIGlow>F201F9</UIGlow>Type<Indent/>: <UIGlow>01</UIGlow><UIForeground>01</UIForeground>Magique
<UIForeground>F201F8</UIForeground><UIGlow>F201F9</UIGlow>Élément<Indent/>: <UIGlow>01</UIGlow><UIForeground>01</UIForeground>Aucun
<UIForeground>F201F8</UIForeground><UIGlow>F201F9</UIGlow>Rang<Indent/>: <UIGlow>01</UIGlow><UIForeground>01</UIForeground>★
","Sort utilisé par une créature du néant du nouveau continent.
Invoquée par une peuplade vouant un culte à la lune, la créature jouait de la flûte pour exalter la passion de ses fidèles et mieux les contrôler. Ce sort possède un effet analogue, le côté insidieux en moins.",2,"",,,False,True,False,False,False,False,False,False,False,False,False,False
34,42,"ui/icon/072000/072234.tex","<UIForeground>F201F8</UIForeground><UIGlow>F201F9</UIGlow>Type<Indent/>: <UIGlow>01</UIGlow><UIForeground>01</UIForeground>Magique
<UIForeground>F201F8</UIForeground><UIGlow>F201F9</UIGlow>Élément<Indent/>: <UIGlow>01</UIGlow><UIForeground>01</UIForeground>Aucun
<UIForeground>F201F8</UIForeground><UIGlow>F201F9</UIGlow>Rang<Indent/>: <UIGlow>01</UIGlow><UIForeground>01</UIForeground>★★★★
","Sort utilisé par une créature du néant du nouveau continent.
Forme de malédiction très puissante, ce sort accable l'ennemi d'une peine de mort à effet rapide. Ses chances de toucher sont faibles, le souffle vital d'un être ne pouvant être ôté si facilement.",2,"",,,True,False,False,False,False,False,False,False,False,False,False,True
35,30,"ui/icon/072000/072235.tex","<UIForeground>F201F8</UIForeground><UIGlow>F201F9</UIGlow>Type<Indent/>: <UIGlow>01</UIGlow><UIForeground>01</UIForeground>Magique
<UIForeground>F201F8</UIForeground><UIGlow>F201F9</UIGlow>Élément<Indent/>: <UIGlow>01</UIGlow><UIForeground>01</UIForeground>Aucun
<UIForeground>F201F8</UIForeground><UIGlow>F201F9</UIGlow>Rang<Indent/>: <UIGlow>01</UIGlow><UIForeground>01</UIForeground>★★★★
","Sort utilisé par une créature marine du nouveau continent.
Le lanceur dresse une barrière magique autour de lui en sacrifiant une partie de son énergie éthérée offensive. La créature capable d'en faire autant est reconnaissable à la fine membrane qui recouvre son corps.",2,"",,,False,True,False,False,False,False,False,False,False,False,False,False
36,16,"ui/icon/072000/072236.tex","<UIForeground>F201F8</UIForeground><UIGlow>F201F9</UIGlow>Type<Indent/>: <UIGlow>01</UIGlow><UIForeground>01</UIForeground>Magique
<UIForeground>F201F8</UIForeground><UIGlow>F201F9</UIGlow>Élément<Indent/>: <UIGlow>01</UIGlow><UIForeground>01</UIForeground>Glace
<UIForeground>F201F8</UIForeground><UIGlow>F201F9</UIGlow>Rang<Indent/>: <UIGlow>01</UIGlow><UIForeground>01</UIForeground>★
","Sort utilisé par certaines créatures du néant.
Le lanceur projette sur lui-même une forme de malédiction, qui convertit la haine véhiculée par les attaques ennemies en éther de glace, et y réplique par des pointes acérées.",1,"Ward Up",,,False,True,True,False,False,False,False,False,False,False,False,False
37,33,"ui/icon/072000/072237.tex","<UIForeground>F201F8</UIForeground><UIGlow>F201F9</UIGlow>Type<Indent/>: <UIGlow>01</UIGlow><UIForeground>01</UIForeground>Magique
<UIForeground>F201F8</UIForeground><UIGlow>F201F9</UIGlow>Élément<Indent/>: <UIGlow>01</UIGlow><UIForeground>01</UIForeground>Glace
<UIForeground>F201F8</UIForeground><UIGlow>F201F9</UIGlow>Rang<Indent/>: <UIGlow>01</UIGlow><UIForeground>01</UIForeground>★★
","Sort utilisé par les chimères.
Les chimères sont un amalgame de divers animaux, notamment des béliers des contrées nordiques dont elles ont hérité ce sort de glace. Ce qui est à l'origine un moyen de protection contre le blizzard devient chez elles une arme mortelle.",4,"Cutter's Cry",,,True,False,False,True,False,False,False,False,False,False,False,False
38,34,"ui/icon/072000/072238.tex","<UIForeground>F201F8</UIForeground><UIGlow>F201F9</UIGlow>Type<Indent/>: <UIGlow>01</UIGlow><UIForeground>01</UIForeground>Magique
<UIForeground>F201F8</UIForeground><UIGlow>F201F9</UIGlow>Élément<Indent/>: <UIGlow>01</UIGlow><UIForeground>01</UIForeground>Foudre
<UIForeground>F201F8</UIForeground><UIGlow>F201F9</UIGlow>Rang<Indent/>: <UIGlow>01</UIGlow><UIForeground>01</UIForeground>★★
","Sort utilisé par les chimères.
Déchaîne la foudre tout autour du lanceur. Les chimères sont issues de l'hybridation de diverses créatures dont des dragons, et peuvent de ce fait manier l'électricité aussi bien que ces derniers.",4,"Cutter's Cry",,,True,False,False,False,True,False,False,False,False,False,False,False
39,43,"ui/icon/072000/072239.tex","<UIForeground>F201F8</UIForeground><UIGlow>F201F9</UIGlow>Type<Indent/>: <UIGlow>01</UIGlow><UIForeground>01</UIForeground>Magique
<UIForeground>F201F8</UIForeground><UIGlow>F201F9</UIGlow>Élément<Indent/>: <UIGlow>01</UIGlow><UIForeground>01</UIForeground>Aucun
<UIForeground>F201F8</UIForeground><UIGlow>F201F9</UIGlow>Rang<Indent/>: <UIGlow>01</UIGlow><UIForeground>01</UIForeground>★★
","Sort spécial des salamandres.
Le lanceur tire parti du phénomène de luminescence qui accompagne toute émission brusque et importante d'énergie éthérée, afin de provoquer chez l'ennemi une hypersensibilité à la magie.",1,"Thornmarch (Extreme)",,,True,False,False,False,False,False,False,False,False,False,False,False
40,37,"ui/icon/072000/072240.tex","<UIForeground>F201F8</UIForeground><UIGlow>F201F9</UIGlow>Type<Indent/>: <UIGlow>01</UIGlow><UIForeground>01</UIForeground>Magique
<UIForeground>F201F8</UIForeground><UIGlow>F201F9</UIGlow>Élément<Indent/>: <UIGlow>01</UIGlow><UIForeground>01</UIForeground>Aucun
<UIForeground>F201F8</UIForeground><UIGlow>F201F9</UIGlow>Rang<Indent/>: <UIGlow>01</UIGlow><UIForeground>01</UIForeground>★★★
","Sort utilisé par les Kraken.
Version évoluée de Tir d'eau, il permet d'aveugler l'ennemi en plus de le blesser. L'encre est en réalité de l'eau formée à partir d'énergie éthérée en suspension, puis enrichie en impuretés.",4,"Sastasha (Hard)",,,True,False,False,False,False,False,True,False,False,False,False,False
41,24,"ui/icon/072000/072241.tex","<UIForeground>F201F8</UIForeground><UIGlow>F201F9</UIGlow>Type<Indent/>: <UIGlow>01</UIGlow><UIForeground>01</UIForeground>Physique / Perforant
<UIForeground>F201F8</UIForeground><UIGlow>F201F9</UIGlow>Élément<Indent/>: <UIGlow>01</UIGlow><UIForeground>01</UIForeground>Aucun
<UIForeground>F201F8</UIForeground><UIGlow>F201F9</UIGlow>Rang<Indent/>: <UIGlow>01</UIGlow><UIForeground>01</UIForeground>★
","Sort spécial des apkallus.
Reproduit par la magie la capacité qu'ont ces animaux à recracher, avec une force étonnante, une sardine préalablement avalée tout rond au visage de leurs prédateurs, lesquels en restent souvent bouche bée.",1,"the Keeper of the Lake",,,True,False,False,False,False,True,False,False,False,False,False,False
42,29,"ui/icon/072000/072242.tex","<UIForeground>F201F8</UIForeground><UIGlow>F201F9</UIGlow>Type<Indent/>: <UIGlow>01</UIGlow><UIForeground>01</UIForeground>Magique
<UIForeground>F201F8</UIForeground><UIGlow>F201F9</UIGlow>Élément<Indent/>: <UIGlow>01</UIGlow><UIForeground>01</UIForeground>Aucun
<UIForeground>F201F8</UIForeground><UIGlow>F201F9</UIGlow>Rang<Indent/>: <UIGlow>01</UIGlow><UIForeground>01</UIForeground>★★★★
","Sort spécial des dragons à carapace.
Manipule l'éther de terre pour dresser une barrière magique renforcée de particules métalliques qui épouse la forme de l'armure ou des vêtements du lanceur. Ce dernier est immobilisé tant son équipement s'en retrouve alourdi.",4,"the Stone Vigil (Hard)",,,False,True,False,False,False,False,False,False,False,False,False,False
43,38,"ui/icon/072000/072243.tex","<UIForeground>F201F8</UIForeground><UIGlow>F201F9</UIGlow>Type<Indent/>: <UIGlow>01</UIGlow><UIForeground>01</UIForeground>Physique / Perforant
<UIForeground>F201F8</UIForeground><UIGlow>F201F9</UIGlow>Élément<Indent/>: <UIGlow>01</UIGlow><UIForeground>01</UIForeground>Feu
<UIForeground>F201F8</UIForeground><UIGlow>F201F9</UIGlow>Rang<Indent/>: <UIGlow>01</UIGlow><UIForeground>01</UIForeground>★★★
","Technique héritée des Mamool Ja du nouveau continent.
Matérialise un angon (un type de javelot), l'imprègne d'éther de feu et le projette sur l'ennemi. Chaque étape de ce sort fait appel à la magie du lanceur.",4,"the Wanderer's Palace (Hard)",,,True,False,False,False,False,False,False,False,False,False,False,False
44,44,"ui/icon/072000/072244.tex","<UIForeground>F201F8</UIForeground><UIGlow>F201F9</UIGlow>Type<Indent/>: <UIGlow>01</UIGlow><UIForeground>01</UIForeground>Magique
<UIForeground>F201F8</UIForeground><UIGlow>F201F9</UIGlow>Élément<Indent/>: <UIGlow>01</UIGlow><UIForeground>01</UIForeground>Vent
<UIForeground>F201F8</UIForeground><UIGlow>F201F9</UIGlow>Rang<Indent/>: <UIGlow>01</UIGlow><UIForeground>01</UIForeground>★★★★★
","Technique spéciale de Garuda.
Crée une multitude de plumes magiques en suspension, puis les abat sur l'ennemi à l'aide d'une violente rafale descendante. Les lacérations ainsi infligées sont, paraît-il, ex<SoftHyphen/>trê<SoftHyphen/>me<SoftHyphen/>ment douloureuses.",4,"the Howling Eye (Extreme)",,,True,False,False,False,False,False,False,False,False,False,False,False
45,45,"ui/icon/072000/072245.tex","<UIForeground>F201F8</UIForeground><UIGlow>F201F9</UIGlow>Type<Indent/>: <UIGlow>01</UIGlow><UIForeground>01</UIForeground>Magique
<UIForeground>F201F8</UIForeground><UIGlow>F201F9</UIGlow>Élément<Indent/>: <UIGlow>01</UIGlow><UIForeground>01</UIForeground>Feu
<UIForeground>F201F8</UIForeground><UIGlow>F201F9</UIGlow>Rang<Indent/>: <UIGlow>01</UIGlow><UIForeground>01</UIForeground>★★★★★
","Technique spéciale d'Ifrit.
Renforce l'élément feu en un point précis du flux éthéré afin de provoquer une puissante éruption, qui n'a rien à envier à celles des volcans.",4,"the Bowl of Embers (Extreme)",,,True,False,False,False,False,False,False,False,False,False,False,False
46,46,"ui/icon/072000/072246.tex","<UIForeground>F201F8</UIForeground><UIGlow>F201F9</UIGlow>Type<Indent/>: <UIGlow>01</UIGlow><UIForeground>01</UIForeground>Physique / Contondant
<UIForeground>F201F8</UIForeground><UIGlow>F201F9</UIGlow>Élément<Indent/>: <UIGlow>01</UIGlow><UIForeground>01</UIForeground>Terre
<UIForeground>F201F8</UIForeground><UIGlow>F201F9</UIGlow>Rang<Indent/>: <UIGlow>01</UIGlow><UIForeground>01</UIForeground>★★★★★
","Technique spéciale de Titan.
Libère de l'énergie éthérée de terre qui se matérialise en une multitude de rochers frappant l'ennemi. Le choc est si puissant qu'il pourrait briser une montagne.",4,"the Navel (Extreme)",,,True,False,False,False,False,False,False,False,False,False,False,False
47,47,"ui/icon/072000/072247.tex","<UIForeground>F201F8</UIForeground><UIGlow>F201F9</UIGlow>Type<Indent/>: <UIGlow>01</UIGlow><UIForeground>01</UIForeground>Magique
<UIForeground>F201F8</UIForeground><UIGlow>F201F9</UIGlow>Élément<Indent/>: <UIGlow>01</UIGlow><UIForeground>01</UIForeground>Foudre
<UIForeground>F201F8</UIForeground><UIGlow>F201F9</UIGlow>Rang<Indent/>: <UIGlow>01</UIGlow><UIForeground>01</UIForeground>★★★★★
","Technique spéciale de Ramuh.
Fait s'abattre, tel un marteau de guerre, la foudre sur l'ennemi. La tension électrique générée dépasse allègrement celles que l'on peut mesurer dans la nature.",4,"the Striking Tree (Extreme)",,,True,False,False,False,False,False,False,False,False,False,False,False
48,48,"ui/icon/072000/072248.tex","<UIForeground>F201F8</UIForeground><UIGlow>F201F9</UIGlow>Type<Indent/>: <UIGlow>01</UIGlow><UIForeground>01</UIForeground>Magique
<UIForeground>F201F8</UIForeground><UIGlow>F201F9</UIGlow>Élément<Indent/>: <UIGlow>01</UIGlow><UIForeground>01</UIForeground>Glace
<UIForeground>F201F8</UIForeground><UIGlow>F201F9</UIGlow>Rang<Indent/>: <UIGlow>01</UIGlow><UIForeground>01</UIForeground>★★★★★
","Technique spéciale de Shiva.
Crée un arc magique tirant un barrage de flèches glacées. Cœur-de-glace a mis au point cette technique en s'inspirant des chasseurs de La Penne.",4,"the Akh Afah Amphitheatre (Extreme)",,,True,False,False,False,False,False,False,False,False,False,False,False
49,49,"ui/icon/072000/072249.tex","<UIForeground>F201F8</UIForeground><UIGlow>F201F9</UIGlow>Type<Indent/>: <UIGlow>01</UIGlow><UIForeground>01</UIForeground>Magique
<UIForeground>F201F8</UIForeground><UIGlow>F201F9</UIGlow>Élément<Indent/>: <UIGlow>01</UIGlow><UIForeground>01</UIForeground>Eau
<UIForeground>F201F8</UIForeground><UIGlow>F201F9</UIGlow>Rang<Indent/>: <UIGlow>01</UIGlow><UIForeground>01</UIForeground>★★★★★
","Technique spéciale de Léviathan.
Capte l'humidité environnante pour créer un voile d'eau chargé d'énergie éthérée, qui réagit à toute attaque subie par une riposte immédiate.",4,"the <Emphasis>Whorleater</Emphasis> (Extreme)",,,False,True,False,False,False,False,False,False,False,False,False,False
50,50,"ui/icon/072000/072251.tex","<UIForeground>F201F8</UIForeground><UIGlow>F201F9</UIGlow>Type<Indent/>: <UIGlow>01</UIGlow><UIForeground>01</UIForeground>Magique
<UIForeground>F201F8</UIForeground><UIGlow>F201F9</UIGlow>Élément<Indent/>: <UIGlow>01</UIGlow><UIForeground>01</UIForeground>Vent
<UIForeground>F201F8</UIForeground><UIGlow>F201F9</UIGlow>Rang<Indent/>: <UIGlow>01</UIGlow><UIForeground>01</UIForeground>★★
","Sort utilisé par les griffons.
Les griffons emploient généralement cette technique pour défendre leur territoire. Le puissant souffle généré n'est pas sans rappeler les rafales de vent balayant les pics d'Abalathia.",4,"the Dusk Vigil",,,True,False,False,False,False,False,False,False,False,False,False,False
51,51,"ui/icon/072000/072252.tex","<UIForeground>F201F8</UIForeground><UIGlow>F201F9</UIGlow>Type<Indent/>: <UIGlow>01</UIGlow><UIForeground>01</UIForeground>Magique
<UIForeground>F201F8</UIForeground><UIGlow>F201F9</UIGlow>Élément<Indent/>: <UIGlow>01</UIGlow><UIForeground>01</UIForeground>Eau
<UIForeground>F201F8</UIForeground><UIGlow>F201F9</UIGlow>Rang<Indent/>: <UIGlow>01</UIGlow><UIForeground>01</UIForeground>★★★
","Attaque spéciale du liquide vivant.
L'étrange engin connu sous le nom de noyau d'hydrate permet de contrôler les fluides afin de créer de puissants courants. La magie bleue permet de reproduire ses effets et de repousser les plus imposants adversaires.",4,"Alexander - The Arm of the Father",,,True,False,False,False,False,False,False,False,False,False,False,False
52,52,"ui/icon/072000/072253.tex","<UIForeground>F201F8</UIForeground><UIGlow>F201F9</UIGlow>Type<Indent/>: <UIGlow>01</UIGlow><UIForeground>01</UIForeground>Magique
<UIForeground>F201F8</UIForeground><UIGlow>F201F9</UIGlow>Élément<Indent/>: <UIGlow>01</UIGlow><UIForeground>01</UIForeground>Glace
<UIForeground>F201F8</UIForeground><UIGlow>F201F9</UIGlow>Rang<Indent/>: <UIGlow>01</UIGlow><UIForeground>01</UIForeground>★★★★
","Sort utilisé par les yétis.
Réduit la température de l'air dans les voies respiratoires afin de l'expulser en un souffle frigorifique. Il est si froid que les victimes d'œdèmes qui subissent cette attaque se retrouvent gelées.",1,,"Something Borrowed, Something Blue","Into the Blue Again",True,False,False,True,False,False,False,False,False,False,False,False
53,53,"ui/icon/072000/072254.tex","<UIForeground>F201F8</UIForeground><UIGlow>F201F9</UIGlow>Type<Indent/>: <UIGlow>01</UIGlow><UIForeground>01</UIForeground>Magique
<UIForeground>F201F8</UIForeground><UIGlow>F201F9</UIGlow>Élément<Indent/>: <UIGlow>01</UIGlow><UIForeground>01</UIForeground>Foudre
<UIForeground>F201F8</UIForeground><UIGlow>F201F9</UIGlow>Rang<Indent/>: <UIGlow>01</UIGlow><UIForeground>01</UIForeground>★★
","Sort utilisé par les serpents de mer.
Les serpents de mer peuvent incorporer à de l'eau l'éther de foudre accumulé à la surface de leur corps. Ils crachent ensuite cette boule sur leurs ennemis afin de les affaiblir.",1,,,,True,False,False,False,False,False,False,False,False,False,False,False
54,54,"ui/icon/072000/072255.tex","<UIForeground>F201F8</UIForeground><UIGlow>F201F9</UIGlow>Type<Indent/>: <UIGlow>01</UIGlow><UIForeground>01</UIForeground>Physique / Tranchant
<UIForeground>F201F8</UIForeground><UIGlow>F201F9</UIGlow>Élément<Indent/>: <UIGlow>01</UIGlow><UIForeground>01</UIForeground>Aucun
<UIForeground>F201F8</UIForeground><UIGlow>F201F9</UIGlow>Rang<Indent/>: <UIGlow>01</UIGlow><UIForeground>01</UIForeground>★★
","Attaque spéciale des poupées panzer.
Balaye les ennemis devant soi en faisant tournoyer à la vitesse de l'éclair une lance faite d'éther concentré. ",4,"Alexander - The Fist of the Father",,,True,False,False,False,False,False,False,False,False,False,False,False
55,55,"ui/icon/072000/072256.tex","<UIForeground>F201F8</UIForeground><UIGlow>F201F9</UIGlow>Type<Indent/>: <UIGlow>01</UIGlow><UIForeground>01</UIForeground>Physique / Perforant
<UIForeground>F201F8</UIForeground><UIGlow>F201F9</UIGlow>Élément<Indent/>: <UIGlow>01</UIGlow><UIForeground>01</UIForeground>Aucun
<UIForeground>F201F8</UIForeground><UIGlow>F201F9</UIGlow>Rang<Indent/>: <UIGlow>01</UIGlow><UIForeground>01</UIForeground>★★★★
","Technique spéciale des archidémons.
Matérialise une multitude de lames éthérées autour de la cible puis la transperce de toute part. Les dégâts subis sont avant tout psy<SoftHyphen/>cho<SoftHyphen/>lo<SoftHyphen/>gi<SoftHyphen/>ques, paralysant parfois la victime.",4,"the Great Gubal Library",,,True,False,False,False,True,False,False,False,False,False,False,False
56,56,"ui/icon/072000/072257.tex","<UIForeground>F201F8</UIForeground><UIGlow>F201F9</UIGlow>Type<Indent/>: <UIGlow>01</UIGlow><UIForeground>01</UIForeground>Magique
<UIForeground>F201F8</UIForeground><UIGlow>F201F9</UIGlow>Élément<Indent/>: <UIGlow>01</UIGlow><UIForeground>01</UIForeground>Aucun
<UIForeground>F201F8</UIForeground><UIGlow>F201F9</UIGlow>Rang<Indent/>: <UIGlow>01</UIGlow><UIForeground>01</UIForeground>★
","Sort utilisé par les païssas.
Produit une étrange mélodie connectant les ennemis autour de soi à un autre plan d'existence où les vérités de l'univers leur sont révélées. Les victimes, incapables d'absorber tout ce savoir, se retrouvent plongées dans un profond sommeil.",1,,,,True,False,False,False,False,False,False,False,True,False,False,False
57,57,"ui/icon/072000/072258.tex","<UIForeground>F201F8</UIForeground><UIGlow>F201F9</UIGlow>Type<Indent/>: <UIGlow>01</UIGlow><UIForeground>01</UIForeground>Magique
<UIForeground>F201F8</UIForeground><UIGlow>F201F9</UIGlow>Élément<Indent/>: <UIGlow>01</UIGlow><UIForeground>01</UIForeground>Aucun
<UIForeground>F201F8</UIForeground><UIGlow>F201F9</UIGlow>Rang<Indent/>: <UIGlow>01</UIGlow><UIForeground>01</UIForeground>★★
","Sort utilisé par les empousas.
Fait vibrer une partie du corps et emet une onde discordante. Ce son traverse le périsprit des ennemis et fragilise leur équilibre éthéré, rendant inopérants certains effets bénéfiques qu'ils utilisent.",1,,,,True,False,False,False,False,False,False,False,False,False,False,False
58,58,"ui/icon/072000/072259.tex","<UIForeground>F201F8</UIForeground><UIGlow>F201F9</UIGlow>Type<Indent/>: <UIGlow>01</UIGlow><UIForeground>01</UIForeground>Magique
<UIForeground>F201F8</UIForeground><UIGlow>F201F9</UIGlow>Élément<Indent/>: <UIGlow>01</UIGlow><UIForeground>01</UIForeground>Aucun
<UIForeground>F201F8</UIForeground><UIGlow>F201F9</UIGlow>Rang<Indent/>: <UIGlow>01</UIGlow><UIForeground>01</UIForeground>★★★
","Sort de guérison utilisé par certains Mogs.
Ce sort est exactement identique au Soin des élé<SoftHyphen/>men<SoftHyphen/>ta<SoftHyphen/>lis<SoftHyphen/>tes, mais les Mogs ont une théorie bien à eux. “Pour se soigner, il suffit d'accumuler plein de magie dans son pompon, et de tout relâcher tout d'un coup, kupo<Indent/>!”",4,"Thornmarch (Hard)",,,False,True,False,False,False,False,False,False,False,False,False,False
59,59,"ui/icon/072000/072260.tex","<UIForeground>F201F8</UIForeground><UIGlow>F201F9</UIGlow>Type<Indent/>: <UIGlow>01</UIGlow><UIForeground>01</UIForeground>Magique
<UIForeground>F201F8</UIForeground><UIGlow>F201F9</UIGlow>Élément<Indent/>: <UIGlow>01</UIGlow><UIForeground>01</UIForeground>Aucun
<UIForeground>F201F8</UIForeground><UIGlow>F201F9</UIGlow>Rang<Indent/>: <UIGlow>01</UIGlow><UIForeground>01</UIForeground>★★★★
","Sort utilisé par certains Gobelins.
Permet de se recouvrir d'une mince couche d'éther absorbant les chocs. Cette technique a été développée par les chercheurs de la Main indigo désireux de percer les secrets de la magie par la méthode scien<SoftHyphen/>ti<SoftHyphen/>fi<SoftHyphen/>que.",1,,,,False,True,False,False,False,False,False,False,False,False,False,False
60,60,"ui/icon/072000/072261.tex","<UIForeground>F201F8</UIForeground><UIGlow>F201F9</UIGlow>Type<Indent/>: <UIGlow>01</UIGlow><UIForeground>01</UIForeground>Magique
<UIForeground>F201F8</UIForeground><UIGlow>F201F9</UIGlow>Élément<Indent/>: <UIGlow>01</UIGlow><UIForeground>01</UIForeground>Aucun
<UIForeground>F201F8</UIForeground><UIGlow>F201F9</UIGlow>Rang<Indent/>: <UIGlow>01</UIGlow><UIForeground>01</UIForeground>★★
","Sort notamment utilisé par Byblos.
Fait apparaître un marteau à la fois matériel et immatériel. La victime de cette frappe est placée dans un état de prostration extrême qui sape ses pouvoirs magiques.",4,"the Great Gubal Library (Hard)",,,True,True,False,False,False,False,False,False,False,False,False,False
61,61,"ui/icon/072000/072262.tex","<UIForeground>F201F8</UIForeground><UIGlow>F201F9</UIGlow>Type<Indent/>: <UIGlow>01</UIGlow><UIForeground>01</UIForeground>Magique
<UIForeground>F201F8</UIForeground><UIGlow>F201F9</UIGlow>Élément<Indent/>: <UIGlow>01</UIGlow><UIForeground>01</UIForeground>Aucun
<UIForeground>F201F8</UIForeground><UIGlow>F201F9</UIGlow>Rang<Indent/>: <UIGlow>01</UIGlow><UIForeground>01</UIForeground>★
","Sort utilisé par la reine des guêpes.
La reine de la ruche emet des phéromones poussant ses serviteurs à la protéger au péril de leur vie. Ceux qui abusent du sort reproduisant cette technique ne voient plus en leurs alliés que de simples boucliers de chair.",4,"Saint Mocianne's Arboretum",,,False,True,False,False,False,False,False,False,False,False,False,False
62,62,"ui/icon/072000/072263.tex","<UIForeground>F201F8</UIForeground><UIGlow>F201F9</UIGlow>Type<Indent/>: <UIGlow>01</UIGlow><UIForeground>01</UIForeground>Magique
<UIForeground>F201F8</UIForeground><UIGlow>F201F9</UIGlow>Élément<Indent/>: <UIGlow>01</UIGlow><UIForeground>01</UIForeground>Aucun
<UIForeground>F201F8</UIForeground><UIGlow>F201F9</UIGlow>Rang<Indent/>: <UIGlow>01</UIGlow><UIForeground>01</UIForeground>★
","Sort utilisé par les poroggos.
Le lanceur se met dans la peau d'un vulgaire crapaud et entonne un chant dont la stupidité attise la colère de ses ennemis.",1,,"Blue Scream of Death","Blue in the Face",True,False,False,False,False,False,False,False,False,False,False,False
63,63,"ui/icon/072000/072264.tex","<UIForeground>F201F8</UIForeground><UIGlow>F201F9</UIGlow>Type<Indent/>: <UIGlow>01</UIGlow><UIForeground>01</UIForeground>Magique
<UIForeground>F201F8</UIForeground><UIGlow>F201F9</UIGlow>Élément<Indent/>: <UIGlow>01</UIGlow><UIForeground>01</UIForeground>Vent
<UIForeground>F201F8</UIForeground><UIGlow>F201F9</UIGlow>Rang<Indent/>: <UIGlow>01</UIGlow><UIForeground>01</UIForeground>★★★★
","Sort utilisé par les zus.
Ces oiseaux sont capables grâce à leurs énormes ailes de concentrer l'éther de vent en grande quantité et de le projeter vers l'avant. Les pauvres victimes se retrouvent alors à affronter un vent aussi saillant qu'une pluie de lames.",4,"Pharos Sirius",,,True,False,False,False,False,False,False,False,False,False,False,False
64,64,"ui/icon/072000/072265.tex","<UIForeground>F201F8</UIForeground><UIGlow>F201F9</UIGlow>Type<Indent/>: <UIGlow>01</UIGlow><UIForeground>01</UIForeground>Magique
<UIForeground>F201F8</UIForeground><UIGlow>F201F9</UIGlow>Élément<Indent/>: <UIGlow>01</UIGlow><UIForeground>01</UIForeground>Aucun
<UIForeground>F201F8</UIForeground><UIGlow>F201F9</UIGlow>Rang<Indent/>: <UIGlow>01</UIGlow><UIForeground>01</UIForeground>★★★
","Sort utilisé par les dhalmels.
Permet de décupler ses forces grâce à l'autosuggestion. En période de rut, le dhalmel mâle emet un sifflement particulier, puis utilise cette technique pour s'attirer les bonnes grâces des femelles.",1,,"Bolt from the Blue","Something Borrowed, Something Blue",False,True,False,False,False,False,False,False,False,False,False,False
65,65,"ui/icon/072000/072266.tex","<UIForeground>F201F8</UIForeground><UIGlow>F201F9</UIGlow>Type<Indent/>: <UIGlow>01</UIGlow><UIForeground>01</UIForeground>Magique
<UIForeground>F201F8</UIForeground><UIGlow>F201F9</UIGlow>Élément<Indent/>: <UIGlow>01</UIGlow><UIForeground>01</UIForeground>Aucun
<UIForeground>F201F8</UIForeground><UIGlow>F201F9</UIGlow>Rang<Indent/>: <UIGlow>01</UIGlow><UIForeground>01</UIForeground>★★
","Technique de garrottage des cavaliers.
Tire une vague d'éther avec précision pour physiquement affaiblir la cible et la ralentir. Cette technique gagne en efficacité si la victime est déjà en détresse mentale.",4,"the Vault",,,True,False,True,False,False,False,False,False,False,False,False,False
66,66,"ui/icon/072000/072267.tex","<UIForeground>F201F8</UIForeground><UIGlow>F201F9</UIGlow>Type<Indent/>: <UIGlow>01</UIGlow><UIForeground>01</UIForeground>Magique
<UIForeground>F201F8</UIForeground><UIGlow>F201F9</UIGlow>Élément<Indent/>: <UIGlow>01</UIGlow><UIForeground>01</UIForeground>Aucun
<UIForeground>F201F8</UIForeground><UIGlow>F201F9</UIGlow>Rang<Indent/>: <UIGlow>01</UIGlow><UIForeground>01</UIForeground>★★
","Technique de torture des cavaliers.
Tire une vague d'éther avec précision pour mentalement affaiblir la cible et l'immobiliser. Cette technique gagne en efficacité si la victime est déjà en détresse physique.",4,"the Vault",,,True,False,False,False,False,False,False,False,False,True,False,False
67,67,"ui/icon/072000/072268.tex","<UIForeground>F201F8</UIForeground><UIGlow>F201F9</UIGlow>Type<Indent/>: <UIGlow>01</UIGlow><UIForeground>01</UIForeground>Magique
<UIForeground>F201F8</UIForeground><UIGlow>F201F9</UIGlow>Élément<Indent/>: <UIGlow>01</UIGlow><UIForeground>01</UIForeground>Aucun
<UIForeground>F201F8</UIForeground><UIGlow>F201F9</UIGlow>Rang<Indent/>: <UIGlow>01</UIGlow><UIForeground>01</UIForeground>★★★★
","Sort utilisé par certains démons.
Infection mentale qui s'immisce dans l'esprit des organismes arrivés à une étape par<SoftHyphen/>ti<SoftHyphen/>cu<SoftHyphen/>liè<SoftHyphen/>re de leur développement. Elle interrompt tous les processus de purification du corps et provoque une mort instantanée.",4,"the Great Gubal Library",,,True,False,False,False,False,False,False,False,False,False,False,True
68,68,"ui/icon/072000/072269.tex","<UIForeground>F201F8</UIForeground><UIGlow>F201F9</UIGlow>Type<Indent/>: <UIGlow>01</UIGlow><UIForeground>01</UIForeground>Magique
<UIForeground>F201F8</UIForeground><UIGlow>F201F9</UIGlow>Élément<Indent/>: <UIGlow>01</UIGlow><UIForeground>01</UIForeground>Aucun
<UIForeground>F201F8</UIForeground><UIGlow>F201F9</UIGlow>Rang<Indent/>: <UIGlow>01</UIGlow><UIForeground>01</UIForeground>★★
","Sort s'inspirant d'une arme magitek.
Crée l'illusion d'une salve de missiles à partir d'éther. Plus les victimes sont persuadées que l'assaut est réel, plus leur corps souffre et subit d'importants dégâts.",4,"Baelsar's Wall",,,True,False,False,False,False,False,False,False,False,False,False,True
69,69,"ui/icon/072000/072270.tex","<UIForeground>F201F8</UIForeground><UIGlow>F201F9</UIGlow>Type<Indent/>: <UIGlow>01</UIGlow><UIForeground>01</UIForeground>Magique
<UIForeground>F201F8</UIForeground><UIGlow>F201F9</UIGlow>Élément<Indent/>: <UIGlow>01</UIGlow><UIForeground>01</UIForeground>Aucun
<UIForeground>F201F8</UIForeground><UIGlow>F201F9</UIGlow>Rang<Indent/>: <UIGlow>01</UIGlow><UIForeground>01</UIForeground>★★★★
","Sort s'inspirant d'une machine née d'un Primordial.
Réduit la cible à l'impuissance en frappant ses connexions nerveuses grâce à un rayon laser ex<SoftHyphen/>trê<SoftHyphen/>me<SoftHyphen/>ment fin et concentré. Le sort, répété à intervalles réguliers, peut même incapaciter indéfiniment la victime.",4,"Alexander - The Burden of the Father",,,True,False,False,False,False,False,False,True,False,False,False,False
70,70,"ui/icon/072000/072271.tex","<UIForeground>F201F8</UIForeground><UIGlow>F201F9</UIGlow>Type<Indent/>: <UIGlow>01</UIGlow><UIForeground>01</UIForeground>Magique
<UIForeground>F201F8</UIForeground><UIGlow>F201F9</UIGlow>Élément<Indent/>: <UIGlow>01</UIGlow><UIForeground>01</UIForeground>Aucun
<UIForeground>F201F8</UIForeground><UIGlow>F201F9</UIGlow>Rang<Indent/>: <UIGlow>01</UIGlow><UIForeground>01</UIForeground>★
","Sort utilisé par certaines espèces de pampas.
Même si ce n'est que par instinct, les pampas savent faire preuve d'altruisme. Ils placent parfois la survie de l'espèce avant la leur en offrant un peu de leur éther pour aider les jeunes pousses des autres individus.",4,"the Sunken Temple of Qarn (Hard)",,,False,True,False,False,False,False,False,False,False,False,False,False
71,71,"ui/icon/072000/072272.tex","<UIForeground>F201F8</UIForeground><UIGlow>F201F9</UIGlow>Type<Indent/>: <UIGlow>01</UIGlow><UIForeground>01</UIForeground>Physique / Contondant
<UIForeground>F201F8</UIForeground><UIGlow>F201F9</UIGlow>Élément<Indent/>: <UIGlow>01</UIGlow><UIForeground>01</UIForeground>Aucun
<UIForeground>F201F8</UIForeground><UIGlow>F201F9</UIGlow>Rang<Indent/>: <UIGlow>01</UIGlow><UIForeground>01</UIForeground>★★
","Sort offensif transmis de génération en génération chez les Whalaqee.
Le potentiel offensif de cette attaque est d'autant plus élevé que le mage est proche de la mort. L'animal sur lequel la technique a été copiée est l'un des secrets les mieux gardés des Whalaqee.",2,"",,,True,False,False,False,False,False,False,False,False,False,False,False
72,72,"ui/icon/072000/072273.tex","<UIForeground>F201F8</UIForeground><UIGlow>F201F9</UIGlow>Type<Indent/>: <UIGlow>01</UIGlow><UIForeground>01</UIForeground>Magique
<UIForeground>F201F8</UIForeground><UIGlow>F201F9</UIGlow>Élément<Indent/>: <UIGlow>01</UIGlow><UIForeground>01</UIForeground>Aucun
<UIForeground>F201F8</UIForeground><UIGlow>F201F9</UIGlow>Rang<Indent/>: <UIGlow>01</UIGlow><UIForeground>01</UIForeground>★★★★
","Sort de résurrection transmis de génération en génération chez les Whalaqee.
Fait apparaître un familier ressemblant à un petit ange pour ressusciter un allié inconscient. L'origine de ce sort est d'autant plus mystérieuse que la religion whalaqee ne dépeint aucune figure angélique.",2,"",,,False,True,False,False,False,False,False,False,False,False,False,False
73,73,"ui/icon/072000/072274.tex","<UIForeground>F201F8</UIForeground><UIGlow>F201F9</UIGlow>Type<Indent/>: <UIGlow>01</UIGlow><UIForeground>01</UIForeground>Magique
<UIForeground>F201F8</UIForeground><UIGlow>F201F9</UIGlow>Élément<Indent/>: <UIGlow>01</UIGlow><UIForeground>01</UIForeground>Aucun
<UIForeground>F201F8</UIForeground><UIGlow>F201F9</UIGlow>Rang<Indent/>: <UIGlow>01</UIGlow><UIForeground>01</UIForeground>★★
","Sort utilisé par les wamouras.
Stimule les capacités de régénération de l'organisme et purge le corps de ses toxines et des poisons qui pourraient le ronger. Le lanceur se sent presque renaître.",1,,"Blue in the Face","Bolt from the Blue",False,True,False,False,False,False,False,False,False,False,False,False
74,74,"ui/icon/072000/072275.tex","<UIForeground>F201F8</UIForeground><UIGlow>F201F9</UIGlow>Type<Indent/>: <UIGlow>01</UIGlow><UIForeground>01</UIForeground>Magique
<UIForeground>F201F8</UIForeground><UIGlow>F201F9</UIGlow>Élément<Indent/>: <UIGlow>01</UIGlow><UIForeground>01</UIForeground>Foudre
<UIForeground>F201F8</UIForeground><UIGlow>F201F9</UIGlow>Rang<Indent/>: <UIGlow>01</UIGlow><UIForeground>01</UIForeground>★★★
","Sort utilisé par les wyvernes anciennes.
Certaines wyvernes ont l'art de charger électriquement leur épiderme en volant à travers les couches de brouillard. Elles peuvent ensuite relâcher cette énergie en lançant une boule foudroyante qui engourdit leur ennemi.",4,"the Aery",,,True,False,False,False,False,False,False,False,False,False,True,False
75,75,"ui/icon/072000/072276.tex","<UIForeground>F201F8</UIForeground><UIGlow>F201F9</UIGlow>Type<Indent/>: <UIGlow>01</UIGlow><UIForeground>01</UIForeground>Magique
<UIForeground>F201F8</UIForeground><UIGlow>F201F9</UIGlow>Élément<Indent/>: <UIGlow>01</UIGlow><UIForeground>01</UIForeground>Aucun
<UIForeground>F201F8</UIForeground><UIGlow>F201F9</UIGlow>Rang<Indent/>: <UIGlow>01</UIGlow><UIForeground>01</UIForeground>★
","Technique propre aux bêtes sauvages.
Bien entendu, les mages bleus ne dévorent pas lit<SoftHyphen/>té<SoftHyphen/>ra<SoftHyphen/>le<SoftHyphen/>ment leurs ennemis. Mais ils utilisent une technique analogue qui permet d'absorber une partie de l'éther de leur adversaire afin de se soigner et d'obtenir un puissant regain de vitalité.",4,"the Binding Coil of Bahamut - Turn 1",,,True,True,False,False,False,False,False,False,False,False,False,False
76,76,"ui/icon/072000/072277.tex","<UIForeground>F201F8</UIForeground><UIGlow>F201F9</UIGlow>Type<Indent/>: <UIGlow>01</UIGlow><UIForeground>01</UIForeground>Magique
<UIForeground>F201F8</UIForeground><UIGlow>F201F9</UIGlow>Élément<Indent/>: <UIGlow>01</UIGlow><UIForeground>01</UIForeground>Aucun
<UIForeground>F201F8</UIForeground><UIGlow>F201F9</UIGlow>Rang<Indent/>: <UIGlow>01</UIGlow><UIForeground>01</UIForeground>★★★
","Sort spécial utilisé par les mécano-scribes.
Met au jour les faiblesses de sa cible et les accentue. La personne à l'origine des mécano-scribes les a créés pour révéler les infidélités de sa moitié, et ce n'est que par accident que ses automates se sont vus dotés d'une telle fonctionnalité.",4,"the Great Gubal Library (Hard)",,,True,False,False,False,False,False,False,False,False,False,False,False
77,77,"ui/icon/072000/072278.tex","<UIForeground>F201F8</UIForeground><UIGlow>F201F9</UIGlow>Type<Indent/>: <UIGlow>01</UIGlow><UIForeground>01</UIForeground>Magique
<UIForeground>F201F8</UIForeground><UIGlow>F201F9</UIGlow>Élément<Indent/>: <UIGlow>01</UIGlow><UIForeground>01</UIForeground>Aucun
<UIForeground>F201F8</UIForeground><UIGlow>F201F9</UIGlow>Rang<Indent/>: <UIGlow>01</UIGlow><UIForeground>01</UIForeground>★★★★
","Sort utilisé par les ghrahs.
Aligne son propre éther sur celui de sa cible. Il devient alors temporairement possible de profiter de ses talents innés.",4,"Pharos Sirius (Hard)",,,False,True,False,False,False,False,False,False,False,False,False,False
78,78,"ui/icon/072000/072279.tex","<UIForeground>F201F8</UIForeground><UIGlow>F201F9</UIGlow>Type<Indent/>: <UIGlow>01</UIGlow><UIForeground>01</UIForeground>Magique
<UIForeground>F201F8</UIForeground><UIGlow>F201F9</UIGlow>Élément<Indent/>: <UIGlow>01</UIGlow><UIForeground>01</UIForeground>Terre
<UIForeground>F201F8</UIForeground><UIGlow>F201F9</UIGlow>Rang<Indent/>: <UIGlow>01</UIGlow><UIForeground>01</UIForeground>★★★★★
","Technique spéciale de Ravana.
Manipule l'éther de terre pour extraire du sol les minerais métalliques qui y sont enfouis. Ces derniers sont ensuite expulsés en une rafale de grains denses qui dévaste tout sur son passage.",4,"Thok ast Thok (Hard)",,,True,False,False,False,False,False,False,False,False,False,False,False
79,79,"ui/icon/072000/072280.tex","<UIForeground>F201F8</UIForeground><UIGlow>F201F9</UIGlow>Type<Indent/>: <UIGlow>01</UIGlow><UIForeground>01</UIForeground>Magique
<UIForeground>F201F8</UIForeground><UIGlow>F201F9</UIGlow>Élément<Indent/>: <UIGlow>01</UIGlow><UIForeground>01</UIForeground>Aucun
<UIForeground>F201F8</UIForeground><UIGlow>F201F9</UIGlow>Rang<Indent/>: <UIGlow>01</UIGlow><UIForeground>01</UIForeground>★★★★★
","Technique spéciale de Sophia.
La Déesse condamne tous ceux qui menaceraient l'équilibre et l'harmonie, et les punit en faisant pleuvoir des météorites enflammées sur eux.",4,"Containment Bay P1T6",,,True,False,False,False,False,False,False,False,False,False,False,False
80,80,"ui/icon/072000/072281.tex","<UIForeground>F201F8</UIForeground><UIGlow>F201F9</UIGlow>Type<Indent/>: <UIGlow>01</UIGlow><UIForeground>01</UIForeground>Physique / Contondant
<UIForeground>F201F8</UIForeground><UIGlow>F201F9</UIGlow>Élément<Indent/>: <UIGlow>01</UIGlow><UIForeground>01</UIForeground>Aucun
<UIForeground>F201F8</UIForeground><UIGlow>F201F9</UIGlow>Rang<Indent/>: <UIGlow>01</UIGlow><UIForeground>01</UIForeground>★★★★★
","Technique ultime de Justicier.
Cours<Indent/>! Bondis<Indent/>! Vole à travers l'univers différentiel, Justicier<Indent/>! Nos rêves, nos espoirs, notre amitié, ton amour et ta bravoure<Indent/>! Les forces du mal ne pourront faire face à ces forces conjuguées<Indent/>! Assène-leur un coup de pied justicier, Héros de toujours<Indent/>!",4,"Alexander - The Burden of the Son",,,True,False,False,False,False,False,False,False,False,False,False,False
81,81,"ui/icon/072000/072282.tex","<UIForeground>F201F8</UIForeground><UIGlow>F201F9</UIGlow>Type<Indent/>: <UIGlow>01</UIGlow><UIForeground>01</UIForeground>Physique / Perforant
<UIForeground>F201F8</UIForeground><UIGlow>F201F9</UIGlow>Élément<Indent/>: <UIGlow>01</UIGlow><UIForeground>01</UIForeground>Aucun
<UIForeground>F201F8</UIForeground><UIGlow>F201F9</UIGlow>Rang<Indent/>: <UIGlow>01</UIGlow><UIForeground>01</UIForeground>★
","Technique de pêche tra<SoftHyphen/>di<SoftHyphen/>tion<SoftHyphen/>nel<SoftHyphen/>le des Namazu.
Donne trois coups de harpon si rapides qu'on peut dif<SoftHyphen/>fi<SoftHyphen/>ci<SoftHyphen/>le<SoftHyphen/>ment les distinguer à l'œil nu. Certains Namazu se servent également de cette technique pour se défendre.",1,,,,True,False,False,False,False,False,False,False,False,False,False,False
82,82,"ui/icon/072000/072283.tex","<UIForeground>F201F8</UIForeground><UIGlow>F201F9</UIGlow>Type<Indent/>: <UIGlow>01</UIGlow><UIForeground>01</UIForeground>Magique
<UIForeground>F201F8</UIForeground><UIGlow>F201F9</UIGlow>Élément<Indent/>: <UIGlow>01</UIGlow><UIForeground>01</UIForeground>Foudre
<UIForeground>F201F8</UIForeground><UIGlow>F201F9</UIGlow>Rang<Indent/>: <UIGlow>01</UIGlow><UIForeground>01</UIForeground>★★
","Attaque électrique propre aux Namazu.
Les plus paresseux l'utilisent pour chasser leurs proies tout en restant confortablement allongés au fond des rivières. L'électricité a également l'avantage de favoriser leur circulation sanguine et de fortifier leurs muscles.",1,,"Azuro and Goliath","Everybody Was Fukumen Fighting",True,True,False,False,False,False,False,False,False,False,False,False
83,83,"ui/icon/072000/072284.tex","<UIForeground>F201F8</UIForeground><UIGlow>F201F9</UIGlow>Type<Indent/>: <UIGlow>01</UIGlow><UIForeground>01</UIForeground>Magique
<UIForeground>F201F8</UIForeground><UIGlow>F201F9</UIGlow>Élément<Indent/>: <UIGlow>01</UIGlow><UIForeground>01</UIForeground>Aucun
<UIForeground>F201F8</UIForeground><UIGlow>F201F9</UIGlow>Rang<Indent/>: <UIGlow>01</UIGlow><UIForeground>01</UIForeground>★★★
","Sort s'inspirant d'une technique de Dôjun Maru.
Matérialise magiquement des tatamis sous l'adversaire puis les retourne violemment. À haut niveau, il est même possible de leur donner l'odeur du jonc épars pour plus de réalisme.",4,"Kugane Castle",,,True,False,False,False,False,False,False,True,False,False,False,False
84,84,"ui/icon/072000/072285.tex","<UIForeground>F201F8</UIForeground><UIGlow>F201F9</UIGlow>Type<Indent/>: <UIGlow>01</UIGlow><UIForeground>01</UIForeground>Magique
<UIForeground>F201F8</UIForeground><UIGlow>F201F9</UIGlow>Élément<Indent/>: <UIGlow>01</UIGlow><UIForeground>01</UIForeground>Glace
<UIForeground>F201F8</UIForeground><UIGlow>F201F9</UIGlow>Rang<Indent/>: <UIGlow>01</UIGlow><UIForeground>01</UIForeground>★★★★
","Mécanisme de défense des dragons des brumes.
Refroidit l'air autour de soi pour geler quiconque oserait s'approcher un peu trop. Le lanceur se protège lui-même du gel en s'entourant d'une fine membrane d'air chaud.",4,"the Burn",,,True,True,False,True,False,False,False,False,False,False,False,False
85,85,"ui/icon/072000/072286.tex","<UIForeground>F201F8</UIForeground><UIGlow>F201F9</UIGlow>Type<Indent/>: <UIGlow>01</UIGlow><UIForeground>01</UIForeground>Magique
<UIForeground>F201F8</UIForeground><UIGlow>F201F9</UIGlow>Élément<Indent/>: <UIGlow>01</UIGlow><UIForeground>01</UIForeground>Aucun
<UIForeground>F201F8</UIForeground><UIGlow>F201F9</UIGlow>Rang<Indent/>: <UIGlow>01</UIGlow><UIForeground>01</UIForeground>★★
","Technique spéciale de Lakshmi.
Un hymne à l'amour véritable. Entonné par une âme puissamment éprise, il devient une onde guérisseuse<Indent/>; sinon, il provoque une déflagration mortelle. La preuve que l'amour peut être à double tranchant.",4,"Emanation",,,True,True,False,False,False,False,False,False,False,False,False,False
86,86,"ui/icon/072000/072287.tex","<UIForeground>F201F8</UIForeground><UIGlow>F201F9</UIGlow>Type<Indent/>: <UIGlow>01</UIGlow><UIForeground>01</UIForeground>Magique
<UIForeground>F201F8</UIForeground><UIGlow>F201F9</UIGlow>Élément<Indent/>: <UIGlow>01</UIGlow><UIForeground>01</UIForeground>Aucun
<UIForeground>F201F8</UIForeground><UIGlow>F201F9</UIGlow>Rang<Indent/>: <UIGlow>01</UIGlow><UIForeground>01</UIForeground>★★
","Lumière purificatrice émise par le train fantôme.
Purge les âmes des spectres et autres entités corrompues qui hantent ce bas monde. À Garlemald, où les premières locomotives magitek ont vu le jour, une légende urbaine parle d'un train qui transporterait les morts...",4,"Sigmascape V1.0",,,True,False,False,False,False,False,False,False,False,False,False,False
87,87,"ui/icon/072000/072288.tex","<UIForeground>F201F8</UIForeground><UIGlow>F201F9</UIGlow>Type<Indent/>: <UIGlow>01</UIGlow><UIForeground>01</UIForeground>Magique
<UIForeground>F201F8</UIForeground><UIGlow>F201F9</UIGlow>Élément<Indent/>: <UIGlow>01</UIGlow><UIForeground>01</UIForeground>Terre
<UIForeground>F201F8</UIForeground><UIGlow>F201F9</UIGlow>Rang<Indent/>: <UIGlow>01</UIGlow><UIForeground>01</UIForeground>★
","La technique maîtresse de Tokkapchi.
Manipule l'éther de terre pour créer des monceaux de boue, puis les jette sur son adversaire, lui infligeant une douleur à la fois physique et psy<SoftHyphen/>cho<SoftHyphen/>lo<SoftHyphen/>gi<SoftHyphen/>que (surtout s'il est habillé en blanc).",4,"Saint Mocianne's Arboretum (Hard)",,,True,False,False,False,False,False,False,False,False,False,False,False
88,88,"ui/icon/072000/072289.tex","<UIForeground>F201F8</UIForeground><UIGlow>F201F9</UIGlow>Type<Indent/>: <UIGlow>01</UIGlow><UIForeground>01</UIForeground>Magique
<UIForeground>F201F8</UIForeground><UIGlow>F201F9</UIGlow>Élément<Indent/>: <UIGlow>01</UIGlow><UIForeground>01</UIForeground>Aucun
<UIForeground>F201F8</UIForeground><UIGlow>F201F9</UIGlow>Rang<Indent/>: <UIGlow>01</UIGlow><UIForeground>01</UIForeground>★★★
","Sort utilisé par des statues gardiennes du nouveau continent.
Génère grâce à la magie un composé aux vertus de panacée, et l'absorbe im<SoftHyphen/>mé<SoftHyphen/>dia<SoftHyphen/>te<SoftHyphen/>ment pour décupler son propre pouvoir curateur. Plus efficace si le lanceur est versé dans l'art de soigner.",2,"",,,False,True,False,False,False,False,False,False,False,False,False,False
89,89,"ui/icon/072000/072290.tex","<UIForeground>F201F8</UIForeground><UIGlow>F201F9</UIGlow>Type<Indent/>: <UIGlow>01</UIGlow><UIForeground>01</UIForeground>Magique
<UIForeground>F201F8</UIForeground><UIGlow>F201F9</UIGlow>Élément<Indent/>: <UIGlow>01</UIGlow><UIForeground>01</UIForeground>Eau
<UIForeground>F201F8</UIForeground><UIGlow>F201F9</UIGlow>Rang<Indent/>: <UIGlow>01</UIGlow><UIForeground>01</UIForeground>★★★★
","Technique spéciale de Genbu.
Manipule l'éther d'eau pour créer une barrière magique qui absorbe l'énergie des coups ennemis. La force accumulée pourra ensuite être relâchée en une contre-attaque dévastatrice.",4,"Hells' Lid",,,True,True,False,False,False,False,False,False,False,False,False,False
90,90,"ui/icon/072000/072291.tex","<UIForeground>F201F8</UIForeground><UIGlow>F201F9</UIGlow>Type<Indent/>: <UIGlow>01</UIGlow><UIForeground>01</UIForeground>Magique
<UIForeground>F201F8</UIForeground><UIGlow>F201F9</UIGlow>Élément<Indent/>: <UIGlow>01</UIGlow><UIForeground>01</UIForeground>Aucun
<UIForeground>F201F8</UIForeground><UIGlow>F201F9</UIGlow>Rang<Indent/>: <UIGlow>01</UIGlow><UIForeground>01</UIForeground>★★
","Sort reproduisant une technique d'Ivon le Coeurl.
Concentre l'énergie éthérée dans la paume des mains, et la relâche en un puissant tir. Ivon a élaboré cette technique durant son en<SoftHyphen/>traî<SoftHyphen/>ne<SoftHyphen/>ment dans les montagnes, en s'inspirant des coeurls et de leurs électrochocs.",4,"The Temple of the Fist",,,True,False,False,False,False,False,False,False,False,False,False,False
91,91,"ui/icon/072000/072292.tex","<UIForeground>F201F8</UIForeground><UIGlow>F201F9</UIGlow>Type<Indent/>: <UIGlow>01</UIGlow><UIForeground>01</UIForeground>Magique
<UIForeground>F201F8</UIForeground><UIGlow>F201F9</UIGlow>Élément<Indent/>: <UIGlow>01</UIGlow><UIForeground>01</UIForeground>Aucun
<UIForeground>F201F8</UIForeground><UIGlow>F201F9</UIGlow>Rang<Indent/>: <UIGlow>01</UIGlow><UIForeground>01</UIForeground>★★
","Sort utilisé par certains coeurls.
Décuple les capacités physiques dans les situations où l'instinct de survie est mis à rude épreuve, par exemple, lorsqu'un individu est l'unique rescapé de son groupe, ou qu'il se frotte à un danger a priori trop grand pour être affronté seul.",1,"the Vault","Everybody Was Fukumen Fighting","Second-rate Entertainment",False,True,False,False,False,False,False,False,False,False,False,False
92,92,"ui/icon/072000/072293.tex","<UIForeground>F201F8</UIForeground><UIGlow>F201F9</UIGlow>Type<Indent/>: <UIGlow>01</UIGlow><UIForeground>01</UIForeground>Magique
<UIForeground>F201F8</UIForeground><UIGlow>F201F9</UIGlow>Élément<Indent/>: <UIGlow>01</UIGlow><UIForeground>01</UIForeground>Aucun
<UIForeground>F201F8</UIForeground><UIGlow>F201F9</UIGlow>Rang<Indent/>: <UIGlow>01</UIGlow><UIForeground>01</UIForeground>★
","Sort reproduisant l'attaque spéciale des kongamato.
Comme le feraient les kongamato avec leurs ailes, le lanceur fait vibrer une partie de son corps à très haute vitesse pour générer des ultrasons, si puissants qu'ils fracturent instantanément tout ennemi gelé ou pétrifié.",1,,"Where the Gold Goes","Azuro and Goliath",True,False,False,False,False,False,False,False,False,False,False,True
93,93,"ui/icon/072000/072294.tex","<UIForeground>F201F8</UIForeground><UIGlow>F201F9</UIGlow>Type<Indent/>: <UIGlow>01</UIGlow><UIForeground>01</UIForeground>Magique
<UIForeground>F201F8</UIForeground><UIGlow>F201F9</UIGlow>Élément<Indent/>: <UIGlow>01</UIGlow><UIForeground>01</UIForeground>Glace
<UIForeground>F201F8</UIForeground><UIGlow>F201F9</UIGlow>Rang<Indent/>: <UIGlow>01</UIGlow><UIForeground>01</UIForeground>★★
","Sort utilisé par Alte Roite.
Piège la cible dans un tourbillon glacé. Le nom de ce sort pourrait être vu comme un euphémisme, les gelures qu'il inflige s'avérant tout aussi graves que des brûlures au dernier degré.",4,"Deltascape V1.0",,,True,False,False,False,False,False,False,False,False,False,False,False
94,94,"ui/icon/072000/072295.tex","<UIForeground>F201F8</UIForeground><UIGlow>F201F9</UIGlow>Type<Indent/>: <UIGlow>01</UIGlow><UIForeground>01</UIForeground>Magique
<UIForeground>F201F8</UIForeground><UIGlow>F201F9</UIGlow>Élément<Indent/>: <UIGlow>01</UIGlow><UIForeground>01</UIForeground>Feu
<UIForeground>F201F8</UIForeground><UIGlow>F201F9</UIGlow>Rang<Indent/>: <UIGlow>01</UIGlow><UIForeground>01</UIForeground>★★★★
","Sort s'inspirant d'une arme chimique d'Oméga.
Génère un composé chimique nocif, contenu dans une sorte d'obus qui explose à l'impact. En théorie inodore, cette substance acquiert un parfum proche de celui de la moutarde si des impuretés s'y incorporent.",4,"Alphascape V3.0",,,True,False,False,False,False,False,False,False,False,False,False,False
95,95,"ui/icon/072000/072296.tex","<UIForeground>F201F8</UIForeground><UIGlow>F201F9</UIGlow>Type<Indent/>: <UIGlow>01</UIGlow><UIForeground>01</UIForeground>Magique
<UIForeground>F201F8</UIForeground><UIGlow>F201F9</UIGlow>Élément<Indent/>: <UIGlow>01</UIGlow><UIForeground>01</UIForeground>Aucun
<UIForeground>F201F8</UIForeground><UIGlow>F201F9</UIGlow>Rang<Indent/>: <UIGlow>01</UIGlow><UIForeground>01</UIForeground>★★★
","Sort utilisé par des dragons du nouveau continent.
Crée une membrane éthérée qui atténue les impacts externes et renforce ainsi la défense. On ignore si les créatures possédant cette aptitude sont à proprement parler des dragons, ou s'il s'agit de simples reptiles.",2,"",,,False,True,False,False,False,False,False,False,False,False,False,False
96,96,"ui/icon/072000/072297.tex","<UIForeground>F201F8</UIForeground><UIGlow>F201F9</UIGlow>Type<Indent/>: <UIGlow>01</UIGlow><UIForeground>01</UIForeground>Magique
<UIForeground>F201F8</UIForeground><UIGlow>F201F9</UIGlow>Élément<Indent/>: <UIGlow>01</UIGlow><UIForeground>01</UIForeground>Aucun
<UIForeground>F201F8</UIForeground><UIGlow>F201F9</UIGlow>Rang<Indent/>: <UIGlow>01</UIGlow><UIForeground>01</UIForeground>★
","Sort utilisé par les dhruvas.
Manipule l'éther environnemental pour tirer des traits d'énergie qui infligent une multitude de microlacérations à l'adversaire. Provoque une douleur insidieuse, et ex<SoftHyphen/>trê<SoftHyphen/>me<SoftHyphen/>ment aiguë à terme.",1,,"Master of Mimicry","Where the Gold Goes",True,False,False,False,False,False,False,False,False,False,False,False
97,97,"ui/icon/072000/072298.tex","<UIForeground>F201F8</UIForeground><UIGlow>F201F9</UIGlow>Type<Indent/>: <UIGlow>01</UIGlow><UIForeground>01</UIForeground>Magique
<UIForeground>F201F8</UIForeground><UIGlow>F201F9</UIGlow>Élément<Indent/>: <UIGlow>01</UIGlow><UIForeground>01</UIForeground>Eau
<UIForeground>F201F8</UIForeground><UIGlow>F201F9</UIGlow>Rang<Indent/>: <UIGlow>01</UIGlow><UIForeground>01</UIForeground>★★★★
","Sort spécial de Kelpie.
Crée des courants d'eau concentriques qui attirent les ennemis vers le lanceur. Des oiseaux se retrouvent parfois pris au piège, donnant à voir un spectacle pour le moins insolite.",4,"the Drowned City of Skalla",,,True,False,False,False,False,False,False,False,False,False,False,False
98,98,"ui/icon/072000/072299.tex","<UIForeground>F201F8</UIForeground><UIGlow>F201F9</UIGlow>Type<Indent/>: <UIGlow>01</UIGlow><UIForeground>01</UIForeground>Magique
<UIForeground>F201F8</UIForeground><UIGlow>F201F9</UIGlow>Élément<Indent/>: <UIGlow>01</UIGlow><UIForeground>01</UIForeground>Eau
<UIForeground>F201F8</UIForeground><UIGlow>F201F9</UIGlow>Rang<Indent/>: <UIGlow>01</UIGlow><UIForeground>01</UIForeground>★★
","Sort de géomancie utilisé par Sai Tai Sui.
Manipule l'éther à la surface du sol pour créer un cours d'eau éphémère qui emporte les ennemis... ainsi que les alliés lorsque le lanceur est négligent. Malédiction<Indent/>!",4,"the Swallow's Compass",,,True,True,False,False,False,False,False,False,False,False,False,False
99,99,"ui/icon/072000/072300.tex","<UIForeground>F201F8</UIForeground><UIGlow>F201F9</UIGlow>Type<Indent/>: <UIGlow>01</UIGlow><UIForeground>01</UIForeground>Magique
<UIForeground>F201F8</UIForeground><UIGlow>F201F9</UIGlow>Élément<Indent/>: <UIGlow>01</UIGlow><UIForeground>01</UIForeground>Aucun
<UIForeground>F201F8</UIForeground><UIGlow>F201F9</UIGlow>Rang<Indent/>: <UIGlow>01</UIGlow><UIForeground>01</UIForeground>★
","Technique spéciale des chocobos coursiers, aussi appelés “chocobos rouges”.
Agglomère le sable et la poussière environnante en un immense rocher, l'embrase et le fait choir sur l'ennemi. Les chocobos rouges sont craints dans le monde entier en raison de cette technique.",1,,,,True,False,False,False,False,False,False,False,False,False,False,False
100,100,"ui/icon/072000/072301.tex","<UIForeground>F201F8</UIForeground><UIGlow>F201F9</UIGlow>Type<Indent/>: <UIGlow>01</UIGlow><UIForeground>01</UIForeground>Magique
<UIForeground>F201F8</UIForeground><UIGlow>F201F9</UIGlow>Élément<Indent/>: <UIGlow>01</UIGlow><UIForeground>01</UIForeground>Aucun
<UIForeground>F201F8</UIForeground><UIGlow>F201F9</UIGlow>Rang<Indent/>: <UIGlow>01</UIGlow><UIForeground>01</UIForeground>★★★
","Sort utilisé par les démons du nouveau continent.
Tire huit projectiles magiques. Il existe deux autres sorts whalaqee qui partagent le même nom. Le premier réduit drastiquement l'énergie vitale, le second convertit cette dernière en énergie magique, et vice versa.",2,"",,,True,False,False,False,False,False,False,False,False,False,False,False
101,101,"ui/icon/072000/072302.tex","<UIForeground>F201F8</UIForeground><UIGlow>F201F9</UIGlow>Type<Indent/>: <UIGlow>01</UIGlow><UIForeground>01</UIForeground>Physique / Contondant
<UIForeground>F201F8</UIForeground><UIGlow>F201F9</UIGlow>Élément<Indent/>: <UIGlow>01</UIGlow><UIForeground>01</UIForeground>Aucun
<UIForeground>F201F8</UIForeground><UIGlow>F201F9</UIGlow>Rang<Indent/>: <UIGlow>01</UIGlow><UIForeground>01</UIForeground>★★★★
","Sort reproduisant l'attaque spéciale d'Oméga.
Matérialise un énorme poing de fer autopropulsé. L'arme autonome a mis au point cette technique à partir des données de combats prélevées dans la fissure interdimensionnelle – son laboratoire en quelque sorte.",4,"Alphascape V3.0",,,True,False,True,False,False,False,False,False,False,False,False,False
102,102,"ui/icon/072000/072303.tex","<UIForeground>F201F8</UIForeground><UIGlow>F201F9</UIGlow>Type<Indent/>: <UIGlow>01</UIGlow><UIForeground>01</UIForeground>Physique / Contondant
<UIForeground>F201F8</UIForeground><UIGlow>F201F9</UIGlow>Élément<Indent/>: <UIGlow>01</UIGlow><UIForeground>01</UIForeground>Aucun
<UIForeground>F201F8</UIForeground><UIGlow>F201F9</UIGlow>Rang<Indent/>: <UIGlow>01</UIGlow><UIForeground>01</UIForeground>★★★★★
","Technique spéciale de Qitian Dasheng.
Matérialise l'arme emblématique du Zuijû, à savoir son bâton magique extensible. Ainsi équipé, le lanceur tourne sur lui-même à une vitesse telle qu'il génère un violent tourbillon.",4,"the Swallow's Compass",,,True,False,False,False,False,False,False,False,False,False,False,False
103,103,"ui/icon/072000/072304.tex","<UIForeground>F201F8</UIForeground><UIGlow>F201F9</UIGlow>Type<Indent/>: <UIGlow>01</UIGlow><UIForeground>01</UIForeground>Physique / Contondant
<UIForeground>F201F8</UIForeground><UIGlow>F201F9</UIGlow>Élément<Indent/>: <UIGlow>01</UIGlow><UIForeground>01</UIForeground>Aucun
<UIForeground>F201F8</UIForeground><UIGlow>F201F9</UIGlow>Rang<Indent/>: <UIGlow>01</UIGlow><UIForeground>01</UIForeground>★★★★★
","Technique spéciale de Suzaku.
Donne une série de coups de pied si rapides qu'ils se confondent à l'œil nu. Le nom oriental de cette technique fait référence à une “loge lunaire” utilisée en divination. Celle-ci porterait chance partout, sauf en amour.",4,"Hells' Kier",,,True,False,False,False,False,False,False,False,False,False,False,False
104,104,"ui/icon/072000/072305.tex","<UIForeground>F201F8</UIForeground><UIGlow>F201F9</UIGlow>Type<Indent/>: <UIGlow>01</UIGlow><UIForeground>01</UIForeground>Magique
<UIForeground>F201F8</UIForeground><UIGlow>F201F9</UIGlow>Élément<Indent/>: <UIGlow>01</UIGlow><UIForeground>01</UIForeground>Aucun
<UIForeground>F201F8</UIForeground><UIGlow>F201F9</UIGlow>Rang<Indent/>: <UIGlow>01</UIGlow><UIForeground>01</UIForeground>★★★★★
","Technique spéciale de Tsukuyomi.
Matérialise la haine sous forme de lis qui tournent et explosent. À l'image de certaines fleurs qui n'éclosent qu'une fois par an, l'invocatrice de Tsukuyomi était vouée à s'éteindre juste après avoir atteint la plénitude.",4,"Castrum Fluminis",,,True,False,False,False,False,False,False,False,False,False,False,False
