key,0,1,2,3,4,5,6
#,Category,,Image,,UnlockCondition,SortKey,Name
int32,byte,byte,Image,byte,BannerCondition,uint16,str
0,0,0,,0,"BannerCondition#1",0,"None"
1,2,0,"ui/icon/194000/194002.tex",0,"BannerCondition#1",1,"Glossy"
2,2,0,"ui/icon/194000/194003.tex",0,"BannerCondition#1",6,"Squares"
3,2,0,"ui/icon/194000/194004.tex",0,"BannerCondition#1",7,"Dots"
4,2,0,"ui/icon/194000/194005.tex",0,"BannerCondition#1",8,"Checkerboard"
5,2,0,"ui/icon/194000/194006.tex",0,"BannerCondition#1",2,"Grid"
6,2,0,"ui/icon/194000/194007.tex",0,"BannerCondition#1",3,"Diagonal Lines"
7,2,0,"ui/icon/194000/194008.tex",0,"BannerCondition#1",4,"Diagonal Slice"
8,2,0,"ui/icon/194000/194009.tex",0,"BannerCondition#1",5,"Triangles"
9,2,0,"ui/icon/194000/194010.tex",0,"BannerCondition#1",10,"Vellum"
10,2,0,"ui/icon/194000/194011.tex",0,"BannerCondition#1",9,"Corner Accent"
11,1,0,"ui/icon/195000/195002.tex",0,"BannerCondition#1",1,"Shadow"
12,1,0,"ui/icon/195000/195003.tex",0,"BannerCondition#1",2,"Light"
13,1,0,"ui/icon/195000/195004.tex",0,"BannerCondition#1",3,"Dots"
14,1,0,"ui/icon/195000/195005.tex",0,"BannerCondition#1",4,"Notebook"
15,1,0,"ui/icon/195000/195006.tex",0,"BannerCondition#1",5,"Scrapbook"
16,1,0,"ui/icon/195000/195007.tex",0,"BannerCondition#1",6,"Arcane Sigil"
17,1,0,"ui/icon/195000/195008.tex",0,"BannerCondition#1",7,"Vellum"
18,1,0,"ui/icon/195000/195009.tex",0,"BannerCondition#1",8,"Paint"
19,1,0,"ui/icon/195000/195010.tex",0,"BannerCondition#1",9,"Metal Signboard"
20,1,0,"ui/icon/195000/195011.tex",0,"BannerCondition#1",10,"Parchment Stack"
21,3,0,"ui/icon/197000/197002.tex",0,"BannerCondition#1",3,"Banner"
22,3,0,"ui/icon/197000/197003.tex",0,"BannerCondition#1",4,"Welcome Back"
23,3,0,"ui/icon/197000/197004.tex",0,"BannerCondition#1",5,"Curved Metal"
24,3,0,"ui/icon/197000/197005.tex",0,"BannerCondition#1",6,"Tank Marker"
25,3,0,"ui/icon/197000/197006.tex",0,"BannerCondition#1",8,"DPS Marker"
26,3,0,"ui/icon/197000/197007.tex",0,"BannerCondition#1",7,"Healer Marker"
27,3,0,"ui/icon/197000/197008.tex",0,"BannerCondition#1",1,"Simple"
28,3,0,"ui/icon/197000/197009.tex",0,"BannerCondition#1",2,"Beveled"
29,3,0,"ui/icon/197000/197010.tex",0,"BannerCondition#1",9,"Notes"
30,3,0,"ui/icon/197000/197011.tex",0,"BannerCondition#1",10,"Scrapbook"
31,4,0,"ui/icon/198000/198002.tex",0,"BannerCondition#1",3,"Black"
32,4,0,"ui/icon/198000/198003.tex",0,"BannerCondition#1",2,"White"
33,4,0,"ui/icon/198000/198004.tex",0,"BannerCondition#1",5,"Gemstone Inlay (Thick)"
34,4,0,"ui/icon/198000/198005.tex",0,"BannerCondition#1",4,"Gemstone Inlay (Thin)"
35,4,0,"ui/icon/198000/198006.tex",0,"BannerCondition#1",6,"Limsa Lominsa"
36,4,0,"ui/icon/198000/198007.tex",0,"BannerCondition#1",7,"Gridania"
37,4,0,"ui/icon/198000/198008.tex",0,"BannerCondition#1",8,"Ul'dah"
38,4,0,"ui/icon/198000/198009.tex",0,"BannerCondition#1",1,"Metal"
39,4,0,"ui/icon/198000/198010.tex",0,"BannerCondition#298",10,"Triple Triad Ex."
40,4,0,"ui/icon/198000/198011.tex",0,"BannerCondition#298",9,"Triple Triad"
41,5,0,"ui/icon/199000/199002.tex",0,"BannerCondition#1",1,"Gil"
42,5,0,"ui/icon/199000/199003.tex",0,"BannerCondition#1",2,"Quill"
43,5,0,"ui/icon/199000/199004.tex",0,"BannerCondition#1",3,"Stickers"
44,5,0,"ui/icon/199000/199005.tex",0,"BannerCondition#1",4,"Maps"
45,5,0,"ui/icon/199000/199006.tex",0,"BannerCondition#1",5,"Ribbon"
46,5,0,"ui/icon/199000/199007.tex",0,"BannerCondition#1",6,"Letters"
47,5,0,"ui/icon/199000/199008.tex",0,"BannerCondition#1",7,"Music"
48,5,0,"ui/icon/199000/199009.tex",0,"BannerCondition#1",8,"Bouquet"
49,5,0,"ui/icon/199000/199010.tex",0,"BannerCondition#1",9,"Notes"
50,5,0,"ui/icon/199000/199011.tex",0,"BannerCondition#1",10,"Stamps"
51,2,0,"ui/icon/194000/194201.tex",0,"BannerCondition#156",950,"Gladiator"
52,2,0,"ui/icon/194000/194202.tex",0,"BannerCondition#157",951,"Marauder"
53,2,0,"ui/icon/194000/194203.tex",0,"BannerCondition#158",952,"Conjurer"
54,2,0,"ui/icon/194000/194204.tex",0,"BannerCondition#159",953,"Pugilist"
55,2,0,"ui/icon/194000/194205.tex",0,"BannerCondition#160",954,"Lancer"
56,2,0,"ui/icon/194000/194206.tex",0,"BannerCondition#161",955,"Rogue"
57,2,0,"ui/icon/194000/194207.tex",0,"BannerCondition#162",956,"Archer"
58,2,0,"ui/icon/194000/194208.tex",0,"BannerCondition#163",957,"Thaumaturge"
59,2,0,"ui/icon/194000/194209.tex",0,"BannerCondition#164",958,"Arcanist"
60,2,0,"ui/icon/194000/194210.tex",0,"BannerCondition#300",1000,"Paladin"
61,2,0,"ui/icon/194000/194211.tex",0,"BannerCondition#301",1001,"Warrior"
62,2,0,"ui/icon/194000/194212.tex",0,"BannerCondition#302",1002,"Dark Knight"
63,2,0,"ui/icon/194000/194213.tex",0,"BannerCondition#303",1003,"Gunbreaker"
64,2,0,"ui/icon/194000/194214.tex",0,"BannerCondition#304",1004,"White Mage"
65,2,0,"ui/icon/194000/194215.tex",0,"BannerCondition#305",1005,"Scholar"
66,2,0,"ui/icon/194000/194216.tex",0,"BannerCondition#306",1006,"Astrologian"
67,2,0,"ui/icon/194000/194217.tex",0,"BannerCondition#307",1007,"Sage"
68,2,0,"ui/icon/194000/194218.tex",0,"BannerCondition#308",1008,"Monk"
69,2,0,"ui/icon/194000/194219.tex",0,"BannerCondition#309",1009,"Dragoon"
70,2,0,"ui/icon/194000/194220.tex",0,"BannerCondition#310",1010,"Ninja"
71,2,0,"ui/icon/194000/194221.tex",0,"BannerCondition#311",1011,"Samurai"
72,2,0,"ui/icon/194000/194222.tex",0,"BannerCondition#312",1012,"Reaper"
73,2,0,"ui/icon/194000/194223.tex",0,"BannerCondition#313",1013,"Bard"
74,2,0,"ui/icon/194000/194224.tex",0,"BannerCondition#314",1014,"Machinist"
75,2,0,"ui/icon/194000/194225.tex",0,"BannerCondition#315",1015,"Dancer"
76,2,0,"ui/icon/194000/194226.tex",0,"BannerCondition#316",1016,"Black Mage"
77,2,0,"ui/icon/194000/194227.tex",0,"BannerCondition#317",1017,"Summoner"
78,2,0,"ui/icon/194000/194228.tex",0,"BannerCondition#318",1018,"Red Mage"
79,2,0,"ui/icon/194000/194229.tex",0,"BannerCondition#232",1019,"Blue Mage"
80,2,0,"ui/icon/194000/194230.tex",0,"BannerCondition#268",1100,"Carpenter"
81,2,0,"ui/icon/194000/194231.tex",0,"BannerCondition#269",1101,"Blacksmith"
82,2,0,"ui/icon/194000/194232.tex",0,"BannerCondition#270",1102,"Armorer"
83,2,0,"ui/icon/194000/194233.tex",0,"BannerCondition#271",1103,"Goldsmith"
84,2,0,"ui/icon/194000/194234.tex",0,"BannerCondition#272",1104,"Leatherworker"
85,2,0,"ui/icon/194000/194235.tex",0,"BannerCondition#273",1105,"Weaver"
86,2,0,"ui/icon/194000/194236.tex",0,"BannerCondition#274",1106,"Alchemist"
87,2,0,"ui/icon/194000/194237.tex",0,"BannerCondition#275",1107,"Culinarian"
88,2,0,"ui/icon/194000/194238.tex",0,"BannerCondition#285",1108,"Miner"
89,2,0,"ui/icon/194000/194239.tex",0,"BannerCondition#286",1109,"Botanist"
90,2,0,"ui/icon/194000/194240.tex",0,"BannerCondition#287",1110,"Fisher"
91,0,0,,0,"BannerCondition#0",0,""
92,0,0,,0,"BannerCondition#0",0,""
93,0,0,,0,"BannerCondition#0",0,""
94,0,0,,0,"BannerCondition#0",0,""
95,0,0,,0,"BannerCondition#0",0,""
96,0,0,,0,"BannerCondition#0",0,""
97,0,0,,0,"BannerCondition#0",0,""
98,0,0,,0,"BannerCondition#0",0,""
99,0,0,,0,"BannerCondition#0",0,""
100,0,0,,0,"BannerCondition#0",0,""
101,0,0,,0,"BannerCondition#0",0,""
102,0,0,,0,"BannerCondition#0",0,""
103,0,0,,0,"BannerCondition#0",0,""
104,0,0,,0,"BannerCondition#0",0,""
105,0,0,,0,"BannerCondition#0",0,""
106,0,0,,0,"BannerCondition#0",0,""
107,0,0,,0,"BannerCondition#0",0,""
108,0,0,,0,"BannerCondition#0",0,""
109,0,0,,0,"BannerCondition#0",0,""
110,0,0,,0,"BannerCondition#0",0,""
111,0,0,,0,"BannerCondition#0",0,""
112,0,0,,0,"BannerCondition#0",0,""
113,0,0,,0,"BannerCondition#0",0,""
114,0,0,,0,"BannerCondition#0",0,""
115,0,0,,0,"BannerCondition#0",0,""
116,0,0,,0,"BannerCondition#0",0,""
117,0,0,,0,"BannerCondition#0",0,""
118,0,0,,0,"BannerCondition#0",0,""
119,0,0,,0,"BannerCondition#0",0,""
120,0,0,,0,"BannerCondition#0",0,""
121,0,0,,0,"BannerCondition#0",0,""
122,0,0,,0,"BannerCondition#0",0,""
123,0,0,,0,"BannerCondition#0",0,""
124,0,0,,0,"BannerCondition#0",0,""
125,0,0,,0,"BannerCondition#0",0,""
126,0,0,,0,"BannerCondition#0",0,""
127,0,0,,0,"BannerCondition#0",0,""
128,0,0,,0,"BannerCondition#0",0,""
129,0,0,,0,"BannerCondition#0",0,""
130,0,0,,0,"BannerCondition#0",0,""
131,0,0,,0,"BannerCondition#0",0,""
132,0,0,,0,"BannerCondition#0",0,""
133,0,0,,0,"BannerCondition#0",0,""
134,0,0,,0,"BannerCondition#0",0,""
135,0,0,,0,"BannerCondition#0",0,""
136,0,0,,0,"BannerCondition#0",0,""
137,0,0,,0,"BannerCondition#0",0,""
138,0,0,,0,"BannerCondition#0",0,""
139,0,0,,0,"BannerCondition#0",0,""
140,0,0,,0,"BannerCondition#0",0,""
141,0,0,,0,"BannerCondition#0",0,""
142,0,0,,0,"BannerCondition#0",0,""
143,0,0,,0,"BannerCondition#0",0,""
144,0,0,,0,"BannerCondition#0",0,""
145,0,0,,0,"BannerCondition#0",0,""
146,0,0,,0,"BannerCondition#0",0,""
147,0,0,,0,"BannerCondition#0",0,""
148,0,0,,0,"BannerCondition#0",0,""
149,0,0,,0,"BannerCondition#0",0,""
150,0,0,,0,"BannerCondition#0",0,""
151,0,0,,0,"BannerCondition#0",0,""
152,3,0,"ui/icon/197000/197901.tex",0,"BannerCondition#154",4000,"Companion 1"
153,3,0,"ui/icon/197000/197902.tex",0,"BannerCondition#155",4001,"Companion 2"
154,4,0,"ui/icon/198000/198901.tex",0,"BannerCondition#154",4000,"Companion 1"
155,4,0,"ui/icon/198000/198902.tex",0,"BannerCondition#155",4001,"Companion 2"
156,5,0,"ui/icon/199000/199901.tex",0,"BannerCondition#154",4000,"Companion 1"
157,5,0,"ui/icon/199000/199902.tex",0,"BannerCondition#155",4001,"Companion 2"
158,1,0,"ui/icon/195000/195901.tex",0,"BannerCondition#154",4000,"Companion Sticker 1"
159,1,0,"ui/icon/195000/195902.tex",0,"BannerCondition#155",4001,"Companion Sticker 2"
160,1,0,"ui/icon/195000/195701.tex",0,"BannerCondition#319",2500,"Unending Coil of Bahamut"
161,3,0,"ui/icon/197000/197701.tex",0,"BannerCondition#319",2500,"Unending Coil of Bahamut"
162,4,0,"ui/icon/198000/198701.tex",0,"BannerCondition#319",2500,"Unending Coil of Bahamut"
163,5,0,"ui/icon/199000/199701.tex",0,"BannerCondition#319",2500,"Unending Coil of Bahamut"
164,1,0,"ui/icon/195000/195702.tex",0,"BannerCondition#320",2501,"Weapon's Refrain"
165,3,0,"ui/icon/197000/197702.tex",0,"BannerCondition#320",2501,"Weapon's Refrain"
166,4,0,"ui/icon/198000/198702.tex",0,"BannerCondition#320",2501,"Weapon's Refrain"
167,5,0,"ui/icon/199000/199702.tex",0,"BannerCondition#320",2501,"Weapon's Refrain"
168,1,0,"ui/icon/195000/195703.tex",0,"BannerCondition#321",2502,"Epic of Alexander"
169,3,0,"ui/icon/197000/197703.tex",0,"BannerCondition#321",2502,"Epic of Alexander"
170,4,0,"ui/icon/198000/198703.tex",0,"BannerCondition#321",2502,"Epic of Alexander"
171,5,0,"ui/icon/199000/199703.tex",0,"BannerCondition#321",2502,"Epic of Alexander"
172,1,0,"ui/icon/195000/195704.tex",0,"BannerCondition#322",2503,"Dragonsong's Reprise"
173,3,0,"ui/icon/197000/197704.tex",0,"BannerCondition#322",2503,"Dragonsong's Reprise"
174,4,0,"ui/icon/198000/198704.tex",0,"BannerCondition#322",2503,"Dragonsong's Reprise"
175,5,0,"ui/icon/199000/199704.tex",0,"BannerCondition#322",2503,"Dragonsong's Reprise"
176,2,0,"ui/icon/194000/194701.tex",0,"BannerCondition#343",2400,"Sil'dihn Subterrane (Variant)"
177,3,0,"ui/icon/197000/197705.tex",0,"BannerCondition#343",2400,"Sil'dihn Subterrane (Variant)"
178,0,0,,0,"BannerCondition#0",0,""
179,5,0,"ui/icon/199000/199966.tex",0,"BannerCondition#344",2307,"Last Dregs"
180,2,0,"ui/icon/194000/194012.tex",0,"BannerCondition#1",11,"Café"
181,2,0,"ui/icon/194000/194013.tex",0,"BannerCondition#1",12,"Quadrilled"
182,2,0,"ui/icon/194000/194014.tex",0,"BannerCondition#1",13,"Sparkles"
183,2,0,"ui/icon/194000/194015.tex",0,"BannerCondition#1",14,"Vertical Stripes"
184,2,0,"ui/icon/194000/194016.tex",0,"BannerCondition#1",15,"Horizontal Stripes"
185,2,0,"ui/icon/194000/194017.tex",0,"BannerCondition#1",16,"Hearts"
186,2,0,"ui/icon/194000/194018.tex",0,"BannerCondition#1",17,"Chevron Stripes"
187,2,0,"ui/icon/194000/194019.tex",0,"BannerCondition#1",18,"Symmetrical"
188,2,0,"ui/icon/194000/194020.tex",0,"BannerCondition#1",19,"Gingham Check"
189,2,0,"ui/icon/194000/194021.tex",0,"BannerCondition#1",20,"Crystal"
190,1,0,"ui/icon/195000/195012.tex",0,"BannerCondition#1",11,"Far Eastern"
191,4,0,"ui/icon/198000/198012.tex",0,"BannerCondition#1",11,"Zigzag"
192,4,0,"ui/icon/198000/198013.tex",0,"BannerCondition#1",12,"Warm Tape"
193,4,0,"ui/icon/198000/198014.tex",0,"BannerCondition#1",13,"Cool Tape"
194,5,0,"ui/icon/199000/199012.tex",0,"BannerCondition#1",11,"Café"
195,5,0,"ui/icon/199000/199013.tex",0,"BannerCondition#347",13,"Guitar Picks"
196,5,0,"ui/icon/199000/199014.tex",0,"BannerCondition#347",12,"Violin"
197,5,1,"ui/icon/076000/076701.tex",0,"BannerCondition#348",5111,"Mammet #001"
198,5,1,"ui/icon/076000/076702.tex",0,"BannerCondition#349",5001,"Wayward Hatchling"
199,5,1,"ui/icon/076000/076703.tex",0,"BannerCondition#350",5004,"Cherry Bomb"
200,5,1,"ui/icon/076000/076704.tex",0,"BannerCondition#351",5005,"Baby Behemoth"
201,5,1,"ui/icon/076000/076705.tex",0,"BannerCondition#352",5006,"Morbol Seedling"
202,5,1,"ui/icon/076000/076706.tex",0,"BannerCondition#353",5009,"Dust Bunny"
203,5,1,"ui/icon/076000/076707.tex",0,"BannerCondition#354",5010,"Cactuar Cutting"
204,5,1,"ui/icon/076000/076708.tex",0,"BannerCondition#355",5011,"Smallshell"
205,5,1,"ui/icon/076000/076709.tex",0,"BannerCondition#356",5021,"Goobbue Sproutling"
206,5,1,"ui/icon/076000/076710.tex",0,"BannerCondition#357",5022,"Demon Brick"
207,5,1,"ui/icon/076000/076711.tex",0,"BannerCondition#358",5117,"Wind-up Cursor"
208,5,1,"ui/icon/076000/076712.tex",0,"BannerCondition#359",5076,"Wind-up Qiqirn"
209,5,1,"ui/icon/076000/076713.tex",0,"BannerCondition#360",5012,"Wolf Pup"
210,5,1,"ui/icon/076000/076714.tex",0,"BannerCondition#361",5007,"Coeurl Kitten"
211,5,1,"ui/icon/076000/076715.tex",0,"BannerCondition#362",5008,"Wind-up Tonberry"
212,5,1,"ui/icon/076000/076716.tex",0,"BannerCondition#363",5118,"Magic Broom"
213,5,1,"ui/icon/076000/076717.tex",0,"BannerCondition#364",5003,"Wind-up Moogle"
214,5,1,"ui/icon/076000/076718.tex",0,"BannerCondition#365",5047,"Nutkin"
215,5,1,"ui/icon/076000/076719.tex",0,"BannerCondition#366",5048,"Fat Cat"
216,5,1,"ui/icon/076000/076720.tex",0,"BannerCondition#367",5119,"Water Imp"
217,5,1,"ui/icon/076000/076721.tex",0,"BannerCondition#368",5115,"Accompaniment Node"
218,5,1,"ui/icon/076000/076722.tex",0,"BannerCondition#369",5032,"Paissa Brat"
219,5,1,"ui/icon/076000/076723.tex",0,"BannerCondition#370",5034,"Korpokkur Kid"
220,5,1,"ui/icon/076000/076724.tex",0,"BannerCondition#371",5063,"Odder Otter"
221,5,1,"ui/icon/076000/076725.tex",0,"BannerCondition#372",5077,"Wind-up Namazu"
222,5,1,"ui/icon/076000/076726.tex",0,"BannerCondition#373",5106,"Wind-up Khloe"
223,5,1,"ui/icon/076000/076727.tex",0,"BannerCondition#374",5052,"Mameshiba"
224,5,1,"ui/icon/076000/076728.tex",0,"BannerCondition#375",5057,"Great Serpent of Ronka"
225,5,1,"ui/icon/076000/076729.tex",0,"BannerCondition#376",5078,"Giant Beaver"
226,5,1,"ui/icon/076000/076730.tex",0,"BannerCondition#377",5068,"Major-General"
227,5,1,"ui/icon/076000/076731.tex",0,"BannerCondition#378",5112,"Cait Sith Doll"
228,5,1,"ui/icon/076000/076732.tex",0,"BannerCondition#379",5070,"Bluebird"
229,5,1,"ui/icon/076000/076733.tex",0,"BannerCondition#380",5013,"Fledgling Dodo"
230,5,1,"ui/icon/076000/076734.tex",0,"BannerCondition#381",5020,"Fledgling Apkallu"
231,5,1,"ui/icon/076000/076735.tex",0,"BannerCondition#382",5023,"Tender Lamb"
232,5,1,"ui/icon/076000/076736.tex",0,"BannerCondition#383",5014,"Kidragora"
233,5,1,"ui/icon/076000/076737.tex",0,"BannerCondition#384",5025,"Tight-beaked Parrot"
234,5,1,"ui/icon/076000/076738.tex",0,"BannerCondition#385",5027,"Wind-up Succubus"
235,5,1,"ui/icon/076000/076739.tex",0,"BannerCondition#386",5107,"Wind-up Gilgamesh"
236,5,1,"ui/icon/076000/076740.tex",0,"BannerCondition#387",5015,"Onion Prince"
237,5,1,"ui/icon/076000/076741.tex",0,"BannerCondition#388",5016,"Eggplant Knight"
238,5,1,"ui/icon/076000/076742.tex",0,"BannerCondition#389",5017,"Garlic Jester"
239,5,1,"ui/icon/076000/076743.tex",0,"BannerCondition#390",5018,"Tomato King"
240,5,1,"ui/icon/076000/076744.tex",0,"BannerCondition#391",5019,"Mandragora Queen"
241,5,1,"ui/icon/076000/076745.tex",0,"BannerCondition#392",5109,"Wind-up Ultros"
242,5,1,"ui/icon/076000/076746.tex",0,"BannerCondition#393",5108,"Enkidu"
243,5,1,"ui/icon/076000/076747.tex",0,"BannerCondition#394",5029,"Atrophied Atomos"
244,5,1,"ui/icon/076000/076748.tex",0,"BannerCondition#395",5030,"Gaelikitten"
245,5,1,"ui/icon/076000/076749.tex",0,"BannerCondition#396",5049,"Lesser Panda"
246,5,1,"ui/icon/076000/076750.tex",0,"BannerCondition#397",5072,"Penguin Prince"
247,5,1,"ui/icon/076000/076751.tex",0,"BannerCondition#398",5120,"Piggy"
248,5,1,"ui/icon/076000/076752.tex",0,"BannerCondition#399",5037,"Shaggy Shoat"
249,5,1,"ui/icon/076000/076753.tex",0,"BannerCondition#400",5073,"Road Sparrow"
250,5,1,"ui/icon/076000/076754.tex",0,"BannerCondition#401",5113,"Wind-up Chimera"
251,5,1,"ui/icon/076000/076755.tex",0,"BannerCondition#402",5038,"Yukinko Snowflake"
252,5,1,"ui/icon/076000/076756.tex",0,"BannerCondition#403",5050,"Fox Kit"
253,5,1,"ui/icon/076000/076757.tex",0,"BannerCondition#404",5074,"Shoebill"
254,5,1,"ui/icon/076000/076758.tex",0,"BannerCondition#405",5039,"Bacon Bits"
255,5,1,"ui/icon/076000/076759.tex",0,"BannerCondition#406",5058,"Sand Fox"
256,5,1,"ui/icon/076000/076760.tex",0,"BannerCondition#407",5069,"Much-coveted Mora"
257,5,0,"ui/icon/199000/199962.tex",0,"BannerCondition#429",2303,"Dreamspinners"
258,5,0,"ui/icon/199000/199963.tex",0,"BannerCondition#430",2304,"Stewards"
259,5,0,"ui/icon/199000/199964.tex",0,"BannerCondition#431",2305,"Watts's Anvil"
260,5,0,"ui/icon/199000/199965.tex",0,"BannerCondition#432",2306,"Hippo Riders"
261,5,0,"ui/icon/199000/199967.tex",0,"BannerCondition#433",2308,"Dreaming Ways"
262,1,0,"ui/icon/195000/195705.tex",0,"BannerCondition#434",2504,"Omega Protocol"
263,3,0,"ui/icon/197000/197706.tex",0,"BannerCondition#434",2504,"Omega Protocol"
264,4,0,"ui/icon/198000/198705.tex",0,"BannerCondition#434",2504,"Omega Protocol"
265,5,0,"ui/icon/199000/199705.tex",0,"BannerCondition#434",2504,"Omega Protocol"
266,5,1,"ui/icon/076000/076761.tex",0,"BannerCondition#435",5002,"Heavy Hatchling"
267,5,1,"ui/icon/076000/076762.tex",0,"BannerCondition#436",5024,"Slime Puddle"
268,5,1,"ui/icon/076000/076763.tex",0,"BannerCondition#437",5026,"Baby Opo-opo"
269,5,1,"ui/icon/076000/076764.tex",0,"BannerCondition#438",5028,"Littlefoot"
270,5,1,"ui/icon/076000/076765.tex",0,"BannerCondition#439",5033,"Shalloweye"
271,5,1,"ui/icon/076000/076766.tex",0,"BannerCondition#440",5035,"Morpho"
272,5,1,"ui/icon/076000/076767.tex",0,"BannerCondition#441",5036,"Poro Roggo"
273,5,1,"ui/icon/076000/076768.tex",0,"BannerCondition#442",5040,"Drippy"
274,5,1,"ui/icon/076000/076769.tex",0,"BannerCondition#443",5051,"Bom Boko"
275,5,1,"ui/icon/076000/076770.tex",0,"BannerCondition#444",5056,"Hedgehoglet"
276,5,1,"ui/icon/076000/076771.tex",0,"BannerCondition#445",5060,"Pterosquirrel"
277,5,1,"ui/icon/076000/076772.tex",0,"BannerCondition#446",5064,"Ghido"
278,5,1,"ui/icon/076000/076773.tex",0,"BannerCondition#447",5065,"Salt & Pepper Seal"
279,5,1,"ui/icon/076000/076774.tex",0,"BannerCondition#448",5066,"Axolotl Eft"
280,5,1,"ui/icon/076000/076775.tex",0,"BannerCondition#449",5067,"Bitty Duckbill"
281,5,1,"ui/icon/076000/076776.tex",0,"BannerCondition#450",5071,"Ugly Duckling"
282,5,1,"ui/icon/076000/076777.tex",0,"BannerCondition#451",5082,"Byakko Cub"
283,5,1,"ui/icon/076000/076778.tex",0,"BannerCondition#452",5083,"Scarlet Peacock"
284,5,1,"ui/icon/076000/076779.tex",0,"BannerCondition#453",5084,"Seitei"
285,5,1,"ui/icon/076000/076780.tex",0,"BannerCondition#454",5085,"Wind-up Y'shtola"
286,5,1,"ui/icon/076000/076781.tex",0,"BannerCondition#455",5086,"Wind-up Minfilia"
287,5,1,"ui/icon/076000/076782.tex",0,"BannerCondition#456",5087,"Wind-up Thancred"
288,5,1,"ui/icon/076000/076783.tex",0,"BannerCondition#457",5088,"Wind-up Yda"
289,5,1,"ui/icon/076000/076784.tex",0,"BannerCondition#458",5089,"Wind-up Papalymo"
290,5,1,"ui/icon/076000/076785.tex",0,"BannerCondition#459",5090,"Wind-up Urianger"
291,5,1,"ui/icon/076000/076786.tex",0,"BannerCondition#460",5091,"Wind-up Alphinaud"
292,5,1,"ui/icon/076000/076787.tex",0,"BannerCondition#461",5092,"Wind-up Alisaie"
293,5,1,"ui/icon/076000/076788.tex",0,"BannerCondition#462",5093,"Wind-up Tataru"
294,5,1,"ui/icon/076000/076789.tex",0,"BannerCondition#463",5094,"Wind-up Cid"
295,5,1,"ui/icon/076000/076790.tex",0,"BannerCondition#464",5114,"Felicitous Fuzzball"
296,3,0,"ui/icon/197000/197711.tex",0,"BannerCondition#465",2354,"Eureka Orthos"
297,3,0,"ui/icon/197000/197712.tex",0,"BannerCondition#466",2355,"Enaretos"
298,4,0,"ui/icon/198000/198706.tex",0,"BannerCondition#467",2250,"Four Lords"
299,4,0,"ui/icon/198000/198707.tex",0,"BannerCondition#468",2340,"Island Vacation"
300,4,0,"ui/icon/198000/198708.tex",0,"BannerCondition#469",2341,"Island Memories"
301,5,0,"ui/icon/199000/199706.tex",0,"BannerCondition#468",2340,"Island Vacation"
302,5,0,"ui/icon/199000/199707.tex",0,"BannerCondition#469",2341,"Island Memories"
303,5,1,"ui/icon/076000/076791.tex",0,"BannerCondition#472",5042,"Sponge Silkie"
304,5,1,"ui/icon/076000/076792.tex",0,"BannerCondition#473",5061,"Chewy"
305,5,1,"ui/icon/076000/076793.tex",0,"BannerCondition#474",5031,"Weatherproof Gaelicat"
306,5,1,"ui/icon/076000/076794.tex",0,"BannerCondition#475",5046,"Nana Bear"
307,5,1,"ui/icon/076000/076795.tex",0,"BannerCondition#476",5053,"Black Hayate"
308,5,1,"ui/icon/076000/076796.tex",0,"BannerCondition#477",5054,"Koala Joey"
309,5,1,"ui/icon/076000/076797.tex",0,"BannerCondition#478",5055,"Capybara Pup"
310,5,1,"ui/icon/076000/076798.tex",0,"BannerCondition#479",5059,"Flag"
311,5,1,"ui/icon/076000/076799.tex",0,"BannerCondition#480",5062,"Corgi"
312,5,1,"ui/icon/076000/076601.tex",0,"BannerCondition#481",5075,"Silver Dasher"
313,5,1,"ui/icon/076000/076602.tex",0,"BannerCondition#482",5041,"Greener Gleaner"
314,5,1,"ui/icon/076000/076603.tex",0,"BannerCondition#483",5081,"Wind-up Arkasodara"
315,5,1,"ui/icon/076000/076604.tex",0,"BannerCondition#484",5079,"Wind-up Grebuloff"
316,5,1,"ui/icon/076000/076605.tex",0,"BannerCondition#485",5080,"Findingway"
317,5,1,"ui/icon/076000/076606.tex",0,"BannerCondition#486",5116,"Optimus Omicron"
318,5,1,"ui/icon/076000/076607.tex",0,"BannerCondition#487",5044,"Wind-up Omega-M"
319,5,1,"ui/icon/076000/076608.tex",0,"BannerCondition#488",5045,"Wind-up Omega-F"
320,5,1,"ui/icon/076000/076609.tex",0,"BannerCondition#489",5043,"OMG"
321,5,1,"ui/icon/076000/076610.tex",0,"BannerCondition#490",5110,"Wind-up Alpha"
322,5,1,"ui/icon/076000/076611.tex",0,"BannerCondition#491",5095,"Wind-up Krile"
323,5,1,"ui/icon/076000/076612.tex",0,"BannerCondition#492",5096,"Wind-up Moenbryda"
324,5,1,"ui/icon/076000/076613.tex",0,"BannerCondition#493",5097,"Wind-up Gentleman"
325,5,1,"ui/icon/076000/076614.tex",0,"BannerCondition#494",5101,"Wind-up Nanamo"
326,5,1,"ui/icon/076000/076616.tex",0,"BannerCondition#495",5102,"Wind-up Haurchefant"
327,5,1,"ui/icon/076000/076617.tex",0,"BannerCondition#496",5104,"Wind-up Aymeric"
328,5,1,"ui/icon/076000/076618.tex",0,"BannerCondition#497",5105,"Wind-up Estinien"
329,5,1,"ui/icon/076000/076619.tex",0,"BannerCondition#498",5103,"Wind-up Nero tol Scaeva"
330,5,1,"ui/icon/076000/076615.tex",0,"BannerCondition#499",5100,"Wind-up Raubahn"
331,5,1,"ui/icon/076000/076620.tex",0,"BannerCondition#500",5099,"Wind-up Kan-E"
332,5,1,"ui/icon/076000/076621.tex",0,"BannerCondition#501",5098,"Wind-up Merlwyb"
333,5,0,"ui/icon/199000/199960.tex",0,"BannerCondition#524",2300,"Divine Circle"
334,5,0,"ui/icon/199000/199959.tex",0,"BannerCondition#525",2301,"Velodyna Gatekeepers"
335,5,0,"ui/icon/199000/199961.tex",0,"BannerCondition#526",2302,"Seven Hundred Seventy-Seven"
336,0,0,,0,"BannerCondition#0",0,""
337,0,0,,0,"BannerCondition#0",0,""
338,0,0,,0,"BannerCondition#0",0,""
339,0,0,,0,"BannerCondition#0",0,""
340,0,0,,0,"BannerCondition#0",0,""
341,0,0,,0,"BannerCondition#0",0,""
342,0,0,,0,"BannerCondition#0",0,""
343,1,0,"ui/icon/195000/195706.tex",0,"BannerCondition#529",2342,"Adventurous Angling"
344,3,0,"ui/icon/197000/197715.tex",0,"BannerCondition#529",2342,"Adventurous Angling"
345,4,0,"ui/icon/198000/198711.tex",0,"BannerCondition#529",2342,"Adventurous Angling"
346,5,0,"ui/icon/199000/199710.tex",0,"BannerCondition#529",2342,"Adventurous Anchor"
347,1,0,"ui/icon/195000/195707.tex",0,"BannerCondition#530",2343,"Big Fish"
348,3,0,"ui/icon/197000/197716.tex",0,"BannerCondition#530",2343,"Big Fish"
349,4,0,"ui/icon/198000/198712.tex",0,"BannerCondition#530",2343,"Big Fish"
350,5,0,"ui/icon/199000/199711.tex",0,"BannerCondition#530",2343,"Big Fishing Lure"
351,1,0,"ui/icon/195000/195708.tex",0,"BannerCondition#531",2350,"Mahjong Mastery"
352,4,0,"ui/icon/198000/198713.tex",0,"BannerCondition#531",2350,"Mahjong Mastery"
353,5,0,"ui/icon/199000/199712.tex",0,"BannerCondition#531",2350,"Namazu Tile"
354,0,0,,0,"BannerCondition#0",0,""
355,0,0,,0,"BannerCondition#0",0,""
356,0,0,,0,"BannerCondition#0",0,""
357,0,0,,0,"BannerCondition#0",0,""
358,0,0,,0,"BannerCondition#0",0,""
359,0,0,,0,"BannerCondition#0",0,""
360,0,0,,0,"BannerCondition#0",0,""
361,0,0,,0,"BannerCondition#0",0,""
362,0,0,,0,"BannerCondition#0",0,""
363,0,0,,0,"BannerCondition#0",0,""
364,0,0,,0,"BannerCondition#0",0,""
365,0,0,,0,"BannerCondition#0",0,""
366,0,0,,0,"BannerCondition#0",0,""
367,0,0,,0,"BannerCondition#0",0,""
368,0,0,,0,"BannerCondition#0",0,""
369,0,0,,0,"BannerCondition#0",0,""
370,0,0,,0,"BannerCondition#0",0,""
371,0,0,,0,"BannerCondition#0",0,""
372,0,0,,0,"BannerCondition#0",0,""
373,0,0,,0,"BannerCondition#0",0,""
374,0,0,,0,"BannerCondition#0",0,""
375,0,0,,0,"BannerCondition#0",0,""
376,0,0,,0,"BannerCondition#0",0,""
377,0,0,,0,"BannerCondition#0",0,""
378,0,0,,0,"BannerCondition#0",0,""
379,0,0,,0,"BannerCondition#0",0,""
380,0,0,,0,"BannerCondition#0",0,""
381,0,0,,0,"BannerCondition#0",0,""
382,0,0,,0,"BannerCondition#0",0,""
383,0,0,,0,"BannerCondition#0",0,""
384,0,0,,0,"BannerCondition#0",0,""
385,0,0,,0,"BannerCondition#0",0,""
386,0,0,,0,"BannerCondition#0",0,""
387,0,0,,0,"BannerCondition#0",0,""
388,0,0,,0,"BannerCondition#0",0,""
389,0,0,,0,"BannerCondition#0",0,""
390,0,0,,0,"BannerCondition#0",0,""
391,0,0,,0,"BannerCondition#0",0,""
392,0,0,,0,"BannerCondition#0",0,""
393,0,0,,0,"BannerCondition#0",0,""
394,0,0,,0,"BannerCondition#0",0,""
395,0,0,,0,"BannerCondition#0",0,""
396,0,0,,0,"BannerCondition#0",0,""
397,0,0,,0,"BannerCondition#0",0,""
398,0,0,,0,"BannerCondition#0",0,""
399,0,0,,0,"BannerCondition#0",0,""
400,0,0,,0,"BannerCondition#0",0,""
