key,0,1,2,3,4,5,6,7,8,9,10,11,12,13,14,15,16,17,18,19,20,21,22,23,24,25,26,27,28,29,30,31,32,33,34,35,36,37
#,Singular,Adjective,Plural,PossessivePronoun,StartsWithVowel,,Pronoun,Article,Model,Scale,InactiveIdle[0],InactiveIdle[1],InactiveBattle,InactiveWandering,Behavior,Special,WanderingWait,Priority,Roulette,,Battle,LookAt,Poke,Enemy,Stroke,Clapping,Icon,Order,,,Cost,HP,,Skill{Angle},Skill{Cost},,,MinionRace
int32,str,sbyte,str,sbyte,sbyte,sbyte,sbyte,sbyte,ModelChara,byte,byte,byte,byte,byte,CompanionMove,byte,byte,uint16,bit&01,bit&02,bit&04,bit&08,bit&10,uint16,bit&20,bit&40,Image,uint16,bit&80,byte,byte,uint16,byte,uint16,byte,byte,uint16,MinionRace
0,"",0,"",0,0,1,0,0,"ModelChara#0",100,0,0,0,0,"",0,8,0,False,False,False,False,False,0,False,True,,0,False,0,10,100,0,0,20,0,0,""
1,"Kirschbomber",4,"Kirschbomber",2,0,1,0,0,"ModelChara#427",100,30,0,0,0,"Independent",0,8,1,True,False,True,False,False,0,False,True,"ui/icon/004000/004403.tex",1001,True,0,10,390,5,360,30,1,600,"Monster"
2,"Marionette Nr. 001",3,"Marionetten Nr. 001",1,0,1,1,0,"ModelChara#419",100,30,0,0,0,"Obedient",0,8,200,False,True,False,False,False,0,False,True,"ui/icon/004000/004401.tex",10001,True,0,10,410,37,0,20,1,620,"Poppet"
3,"Chocobo-Küken",4,"Chocobo-Küken",1,0,1,2,0,"ModelChara#423",100,30,0,30,0,"Independent",0,8,3,True,False,True,False,True,0,False,True,"ui/icon/004000/004402.tex",1,True,0,15,410,23,30,20,1,601,"Critter"
4,"Cait Sith-Puppe",3,"Cait Sith-Puppen",1,0,1,1,0,"ModelChara#430",100,30,0,0,0,"Obedient",0,8,201,False,True,False,False,False,0,False,True,"ui/icon/004000/004404.tex",10006,True,0,20,400,25,360,20,1,625,"Poppet"
5,"Baby-Behemoth",3,"Baby-Behemoth",1,0,1,0,0,"ModelChara#428",100,30,0,0,0,"Independent",0,8,5,True,False,True,False,True,0,False,True,"ui/icon/004000/004405.tex",1002,True,90,15,430,1,30,20,1,601,"Monster"
6,"Marionette Nr. 003L",3,"Marionetten Nr. 003L",1,0,1,1,0,"ModelChara#420",100,30,0,0,0,"Obedient",0,8,200,False,True,False,False,False,0,False,True,"ui/icon/004000/004406.tex",10002,True,0,10,365,14,30,20,1,607,"Poppet"
7,"Marionette Nr. 003G",3,"Marionetten Nr. 003G",1,0,1,1,0,"ModelChara#421",100,30,0,0,0,"Obedient",0,8,200,False,True,False,False,False,0,False,True,"ui/icon/004000/004407.tex",10003,True,0,10,280,25,360,20,1,625,"Poppet"
8,"Marionette Nr. 003U",3,"Marionetten Nr. 003U",1,0,1,1,0,"ModelChara#422",100,30,0,0,0,"Obedient",0,8,200,False,True,False,False,False,0,False,True,"ui/icon/004000/004408.tex",10004,True,0,10,420,13,120,20,1,631,"Poppet"
9,"Mahlstrom-Küken",4,"Mahlstrom-Küken",1,0,1,2,0,"ModelChara#424",100,30,0,30,0,"Independent",0,8,3,True,False,True,False,True,0,False,True,"ui/icon/004000/004409.tex",2,True,0,10,315,19,30,30,1,601,"Critter"
10,"Bruderschafts-Küken",4,"Bruderschafts-Küken",1,0,1,2,0,"ModelChara#425",100,30,0,30,0,"Independent",0,8,3,True,False,True,False,True,0,False,True,"ui/icon/004000/004410.tex",3,True,0,10,350,30,360,20,1,623,"Critter"
11,"Legions-Küken",4,"Legions-Küken",1,0,1,2,0,"ModelChara#426",100,30,0,30,0,"Independent",0,8,3,True,False,True,False,True,0,False,True,"ui/icon/004000/004411.tex",4,True,0,10,320,26,120,20,1,622,"Critter"
12,"Morbol-Knolle",3,"Morbol-Knollen",1,0,1,1,0,"ModelChara#429",100,30,0,0,0,"Independent",0,8,6,True,False,True,False,False,0,False,True,"ui/icon/004000/004412.tex",1003,True,0,30,560,20,120,20,1,602,"Monster"
13,"klein[a] Ratte",3,"klein[a] Ratten",0,0,1,1,0,"ModelChara#431",100,30,0,0,0,"Independent",0,8,7,True,False,False,False,True,0,False,True,"ui/icon/004000/004413.tex",1004,True,0,10,400,14,120,20,1,622,"Critter"
14,"Mini-Pilz",2,"Mini-Pilze",2,0,1,0,0,"ModelChara#432",100,30,0,0,0,"Independent",0,8,8,True,False,False,True,False,0,False,True,"ui/icon/004000/004414.tex",1005,True,0,10,395,4,120,20,1,602,"Monster"
15,"Stechmücken-Larve",3,"Stechmücken-Larve",2,0,1,1,0,"ModelChara#433",100,30,0,0,0,"Independent",0,8,9,True,False,True,True,False,0,False,True,"ui/icon/004000/004415.tex",1006,True,130,10,420,9,0,20,1,620,"Critter"
16,"blau[a] Vögelchen",4,"blau[a] Vögelchen",1,0,1,2,0,"ModelChara#434",80,30,0,0,0,"Independent",3,8,10,True,False,True,False,True,0,False,True,"ui/icon/004000/004416.tex",5001,True,100,15,460,1,120,20,1,605,"Critter"
17,"Rehkitz",2,"Rehkitze",2,0,1,2,0,"ModelChara#435",100,20,10,0,30,"Independent",0,8,11,True,False,False,False,True,0,False,True,"ui/icon/004000/004417.tex",1007,True,0,15,400,22,360,20,2,632,"Critter"
18,"Baby-Imp",4,"Baby-Imps",1,0,1,0,0,"ModelChara#436",100,20,10,0,0,"Independent",0,8,12,True,False,False,False,True,0,False,True,"ui/icon/004000/004418.tex",1008,True,0,20,380,1,120,20,2,608,"Monster"
19,"Mini-Coeurl",3,"Mini-Coeurl",1,0,1,0,0,"ModelChara#437",85,10,10,0,0,"Independent",0,8,13,True,False,True,False,True,35,True,True,"ui/icon/004000/004452.tex",1009,True,0,10,365,1,30,30,3,603,"Critter"
20,"schwarz[a] Coeurl",3,"schwarz[a] Coeurl",1,0,1,0,0,"ModelChara#438",75,10,10,0,0,"Independent",0,8,13,True,False,True,False,True,35,True,True,"ui/icon/004000/004514.tex",1010,True,0,15,380,31,0,30,3,620,"Critter"
21,"Hildibrand-Puppe",4,"Hildibrand-Puppen",1,0,1,1,0,"ModelChara#882",100,10,0,0,0,"Obedient",0,8,268,False,True,False,False,False,0,False,True,"ui/icon/004000/004515.tex",9014,True,0,30,400,16,360,60,2,630,"Poppet"
22,"Kiesgolem",4,"Kiesgolems",1,0,1,0,0,"ModelChara#440",100,20,10,0,0,"Obedient",0,8,202,False,True,False,True,False,0,False,True,"ui/icon/004000/004419.tex",1011,True,0,20,480,10,0,20,2,620,"Monster"
23,"Tomberry-Stofftier",4,"Tomberry-Stofftiere",2,0,1,2,0,"ModelChara#441",100,30,0,0,0,"Obedient",0,8,203,False,True,False,True,False,0,True,True,"ui/icon/004000/004453.tex",1012,True,0,20,470,16,360,60,1,630,"Monster"
24,"Zwergschildkröte",3,"Zwergschildkröten",1,0,1,1,0,"ModelChara#442",100,10,10,0,0,"Independent",0,8,18,True,False,False,False,True,0,False,True,"ui/icon/004000/004420.tex",1013,True,0,20,480,14,120,20,2,622,"Monster"
25,"Baby-Raptor",4,"Baby-Raptoren",1,0,1,0,0,"ModelChara#443",100,20,20,0,0,"Independent",0,8,19,True,False,False,False,True,0,False,True,"ui/icon/004000/004421.tex",1014,True,0,10,400,21,0,20,2,620,"Monster"
26,"Baby-Fledermaus",3,"Baby-Fledermäuse",2,0,1,1,0,"ModelChara#444",100,30,0,0,0,"Independent",0,8,20,True,False,False,False,False,0,False,True,"ui/icon/004000/004422.tex",1015,True,0,10,420,20,120,20,1,631,"Monster"
27,"Mini-Knolle",3,"Mini-Knollen",1,0,1,1,0,"ModelChara#445",100,30,0,0,0,"Independent",0,8,21,True,False,False,False,False,0,False,True,"ui/icon/004000/004423.tex",1016,True,0,25,480,35,360,25,1,634,"Monster"
28,"Staubhäschen",4,"Staubhäschen",1,0,1,2,0,"ModelChara#446",100,10,10,0,30,"Independent",0,8,22,True,False,False,True,False,0,False,True,"ui/icon/004000/004424.tex",1017,True,0,10,340,1,120,20,2,609,"Critter"
29,"mechanisch[a] Dullahan",3,"mechanisch[a] Dullahan",1,0,1,0,0,"ModelChara#447",100,30,0,0,0,"Obedient",0,8,204,False,True,True,False,False,0,False,True,"ui/icon/004000/004425.tex",1018,True,0,20,445,35,360,30,1,634,"Monster"
30,"Kaulquappe",3,"Kaulquappe",2,0,1,1,0,"ModelChara#448",100,30,0,0,0,"Independent",0,8,24,True,False,False,False,False,0,False,True,"ui/icon/004000/004426.tex",1019,True,0,20,495,13,30,20,1,607,"Monster"
31,"Schwabbelpuk",4,"Schwabbelpuks",1,0,1,0,0,"ModelChara#449",100,20,10,0,0,"Independent",0,8,25,True,False,False,False,True,0,False,True,"ui/icon/004000/004427.tex",1020,True,0,15,460,23,30,20,2,606,"Monster"
32,"Büffelkalb",4,"Büffelkälber",2,0,0,2,0,"ModelChara#450",100,30,0,0,0,"Independent",0,8,26,True,False,True,False,True,0,False,True,"ui/icon/004000/004428.tex",1021,True,0,10,440,9,0,20,1,620,"Monster"
33,"Kaktorfigur",3,"Kaktorfiguren",1,0,1,1,0,"ModelChara#451",100,20,0,0,20,"Independent",0,3,27,True,False,True,False,False,0,False,True,"ui/icon/004000/004429.tex",1022,True,0,10,380,17,0,30,1,620,"Monster"
34,"Mini-Krabbe",3,"Mini-Krabben",1,0,1,1,0,"ModelChara#452",100,30,0,0,0,"Independent",0,8,28,True,False,True,False,False,0,False,True,"ui/icon/004000/004430.tex",1023,True,0,10,420,28,120,20,1,605,"Monster"
35,"Wolfshundwelpe",8,"Wolfshundwelpen",1,0,1,0,0,"ModelChara#453",100,10,10,0,0,"Independent",0,8,29,True,False,True,True,True,19,True,True,"ui/icon/004000/004450.tex",1024,True,0,15,385,11,360,20,3,617,"Critter"
36,"Wächterauge",4,"Wächteraugen",1,0,1,2,0,"ModelChara#454",100,30,0,0,0,"Independent",0,8,30,True,False,False,True,True,0,False,True,"ui/icon/004000/004431.tex",1024,True,0,10,440,1,30,20,1,613,"Monster"
37,"Dodo-Küken",4,"Dodo-Küken",1,0,1,2,0,"ModelChara#455",100,20,10,0,30,"Independent",0,8,31,True,False,False,False,True,0,False,True,"ui/icon/004000/004432.tex",1025,True,0,25,500,39,0,20,2,620,"Monster"
38,"Kobalos-Larve",3,"Kobalos-Larven",1,0,1,1,0,"ModelChara#456",100,20,10,0,0,"Independent",0,8,32,True,False,False,False,False,0,False,True,"ui/icon/004000/004433.tex",1026,True,0,15,400,12,360,20,2,626,"Monster"
39,"Steinbock-Stofftier",4,"Steinbock-Stofftiere",2,0,1,2,0,"ModelChara#457",85,30,0,0,0,"Obedient",0,8,205,False,True,True,False,False,0,False,True,"ui/icon/004000/004434.tex",1027,True,0,10,340,29,360,20,1,623,"Critter"
40,"Apkallu-Küken",4,"Apkallu-Küken",1,0,1,2,0,"ModelChara#458",100,20,10,0,0,"Independent",0,8,34,True,False,True,False,True,0,False,True,"ui/icon/004000/004435.tex",1028,True,0,30,510,41,0,20,2,620,"Critter"
41,"Baby-Goobbue",3,"Baby-Goobbue",1,0,1,1,0,"ModelChara#459",100,10,0,0,0,"Independent",0,8,35,True,False,False,False,False,0,False,True,"ui/icon/004000/004436.tex",1029,True,0,20,410,37,0,20,1,620,"Monster"
42,"Mini-Pudding",4,"Mini-Puddings",1,0,1,0,0,"ModelChara#460",100,30,0,0,0,"Independent",0,8,36,True,False,False,True,False,0,False,True,"ui/icon/004000/004437.tex",1030,True,0,10,400,21,0,20,1,620,"Monster"
43,"Aufzieh-Frontbrecher",4,"Aufzieh-Frontbrecher",2,0,1,0,0,"ModelChara#461",100,30,0,0,0,"Obedient",0,8,221,False,True,False,True,False,0,False,True,"ui/icon/004000/004438.tex",11003,True,0,10,340,25,360,20,1,625,"Monster"
44,"Dämonenwürfel",4,"Dämonenwürfel",2,0,1,0,0,"ModelChara#462",100,10,5,0,30,"Independent",0,8,38,True,False,False,True,False,0,False,True,"ui/icon/004000/004439.tex",1031,True,0,15,390,38,120,20,2,609,"Monster"
45,"Mini-Mull",4,"Mini-Mulle",2,0,1,0,0,"ModelChara#463",100,20,10,0,0,"Independent",0,8,39,True,False,False,False,True,0,False,True,"ui/icon/004000/004440.tex",1032,True,0,25,430,9,0,20,2,620,"Critter"
46,"Schäfchen",4,"Schäfchen",1,0,1,2,0,"ModelChara#464",100,30,0,0,0,"Independent",0,10,40,True,False,True,False,True,0,False,True,"ui/icon/004000/004441.tex",1033,True,0,20,680,10,0,20,1,620,"Critter"
47,"Schleimpfütze",3,"Schleimpfützen",1,0,1,1,0,"ModelChara#465",100,30,0,0,0,"Independent",0,8,41,True,False,False,True,False,0,False,True,"ui/icon/004000/004451.tex",1034,True,0,10,430,23,30,20,1,606,"Monster"
48,"Kindragora",3,"Kindragoras",1,0,1,1,0,"ModelChara#466",90,10,10,30,0,"Independent",0,8,42,True,False,True,False,True,0,False,True,"ui/icon/004000/004442.tex",1025,True,0,15,360,1,120,20,2,609,"Critter"
49,"Goblin-Stofftier",4,"Goblin-Stofftiere",2,0,1,2,0,"ModelChara#467",100,10,5,0,0,"Obedient",0,8,207,False,True,False,True,False,0,False,True,"ui/icon/004000/004443.tex",7001,True,0,15,435,26,120,20,2,622,"Poppet"
50,"Sylphen-Puppe",3,"Sylphen-Puppen",1,0,1,1,0,"ModelChara#468",100,30,0,0,0,"Obedient",0,8,208,False,True,True,False,False,0,False,True,"ui/icon/004000/004449.tex",7002,True,0,15,490,13,30,20,1,621,"Poppet"
51,"Zeigerhändchen",4,"Zeigerhändchen",1,0,1,2,0,"ModelChara#469",100,20,0,0,0,"Obedient",0,8,0,False,False,False,False,False,0,False,True,"ui/icon/004000/004444.tex",11501,True,0,15,400,14,30,20,2,621,"Gadget"
52,"Aufzieh-Luftschiff",4,"Aufzieh-Luftschiffe",2,0,1,2,0,"ModelChara#470",100,30,0,0,0,"Obedient",0,8,0,False,False,False,False,False,0,False,True,"ui/icon/004000/004445.tex",11001,True,0,25,465,11,360,20,2,617,"Gadget"
53,"Qiqirn-Stofftier",4,"Qiqirn-Stofftiere",2,0,1,2,0,"ModelChara#471",90,30,0,0,0,"Obedient",0,8,206,False,True,True,False,False,0,False,True,"ui/icon/004000/004446.tex",6001,True,0,15,380,44,0,30,1,620,"Poppet"
54,"schwarz[a] Chocobo-Küken",4,"schwarz[a] Chocobo-Küken",1,0,1,2,0,"ModelChara#505",100,30,0,30,0,"Independent",0,8,3,True,False,True,False,True,0,False,True,"ui/icon/004000/004448.tex",5,True,0,25,450,35,360,25,1,634,"Critter"
55,"mechanisch[a] Dalamud",4,"mechanisch[a] Dalamuds",1,0,1,0,0,"ModelChara#472",100,30,0,0,0,"Obedient",0,8,0,False,False,False,False,False,0,False,True,"ui/icon/004000/004447.tex",11004,True,0,20,520,17,0,30,1,620,"Gadget"
56,"Mini-Gedankenschinder",4,"Mini-Gedankenschinder",2,0,1,0,0,"ModelChara#578",100,30,0,0,0,"Independent",0,8,49,True,False,False,False,True,0,False,True,"ui/icon/004000/004461.tex",1035,True,0,25,455,13,120,20,2,616,"Monster"
57,"schnatterfaul[a] Kolibri",4,"schnatterfaul[a] Kolibris",1,0,1,0,0,"ModelChara#579",55,30,0,0,0,"Independent",3,8,50,True,False,True,False,True,0,False,True,"ui/icon/004000/004462.tex",1036,True,0,10,365,40,0,30,1,631,"Critter"
58,"Aufzieh-Amalj'aa",4,"Aufzieh-Amalj'aa",1,0,1,0,0,"ModelChara#580",100,30,0,0,0,"Obedient",0,8,213,False,True,False,True,False,0,False,True,"ui/icon/004000/004454.tex",7003,True,0,10,465,12,360,20,2,626,"Poppet"
59,"Ixal-Puppe",3,"Ixal-Puppen",1,0,1,1,0,"ModelChara#581",100,30,0,30,0,"Obedient",0,8,214,False,True,False,True,False,0,False,True,"ui/icon/004000/004474.tex",7005,True,0,10,390,10,0,20,1,620,"Poppet"
60,"Kobold-Puppe",3,"Kobold-Puppen",1,0,1,1,0,"ModelChara#699",100,30,0,0,0,"Obedient",0,8,215,False,True,False,True,False,0,False,True,"ui/icon/004000/004463.tex",7006,True,0,10,440,13,120,20,1,622,"Poppet"
61,"Jung-Sahagin",4,"Jung-Sahagin",1,0,1,0,0,"ModelChara#700",100,30,0,0,0,"Obedient",0,8,216,False,True,False,True,False,0,False,True,"ui/icon/004000/004464.tex",7007,True,0,15,435,28,120,20,1,605,"Poppet"
62,"Golem",4,"Golems",1,0,1,0,0,"ModelChara#577",100,30,0,0,0,"Independent",0,8,51,True,False,False,False,True,0,False,True,"ui/icon/004000/004455.tex",13001,True,0,10,410,10,0,20,1,620,"Monster"
63,"Aufzieh-Shantotto",3,"Aufzieh-Shantottos",1,0,1,1,0,"ModelChara#527",100,20,0,0,0,"Obedient",0,8,358,False,True,False,False,False,0,False,True,"ui/icon/004000/004456.tex",12111,True,0,25,525,9,0,20,1,620,"Poppet"
64,"Aufzieh-Edvya",3,"Aufzieh-Edvyas",1,0,1,1,0,"ModelChara#584",100,30,0,0,0,"Obedient",0,8,219,False,True,False,False,False,0,False,True,"ui/icon/004000/004457.tex",10007,True,0,15,360,23,120,30,1,622,"Poppet"
65,"portabl[a] Studiosonne",3,"portabl[a] Studiosonnen",1,0,1,1,0,"ModelChara#585",100,0,0,0,0,"Stationary",8,8,0,False,False,False,False,False,0,False,True,"ui/icon/004000/004465.tex",11502,True,0,15,440,10,0,20,1,620,"Gadget"
66,"Sitzkissen",4,"Sitzkissen",1,0,1,2,0,"ModelChara#586",100,30,0,0,0,"Stationary",12,8,0,False,False,False,False,False,0,False,True,"ui/icon/004000/004466.tex",11503,True,80,10,390,30,360,20,1,623,"Gadget"
67,"Begleiter[p] des Lichts",4,"Begleiter[p] des Lichts",2,0,1,0,0,"ModelChara#0",100,0,0,0,0,"Obedient",0,8,0,False,True,False,False,False,0,False,True,"ui/icon/004000/004458.tex",12011,False,0,10,100,0,0,20,1,0,"Poppet"
68,"Begleiter[p] des Lichts",4,"Begleiter[p] des Lichts",2,0,1,0,0,"ModelChara#587",100,10,0,70,0,"Obedient",0,8,223,False,True,False,False,False,0,False,True,"ui/icon/004000/004550.tex",12011,True,0,10,430,13,30,20,1,604,"Poppet"
69,"Begleiter[p] des Lichts",4,"Begleiter[p] des Lichts",2,0,1,0,0,"ModelChara#623",100,10,0,70,0,"Obedient",0,8,223,False,True,False,False,False,0,False,True,"ui/icon/004000/004551.tex",12011,True,0,10,420,27,360,30,1,615,"Poppet"
70,"Begleiter[p] des Lichts",4,"Begleiter[p] des Lichts",2,0,1,0,0,"ModelChara#624",100,10,0,70,0,"Obedient",0,8,223,False,True,False,False,False,0,False,True,"ui/icon/004000/004552.tex",12011,True,0,10,395,23,120,30,1,610,"Poppet"
71,"Aufzieh-Anführer",4,"Aufzieh-Anführer",2,0,1,0,0,"ModelChara#0",100,0,0,0,0,"Obedient",0,8,0,False,True,False,False,False,0,False,True,"ui/icon/004000/004459.tex",9015,False,0,20,100,0,0,20,1,0,"Poppet"
72,"Aufzieh-Merlwyb",3,"Aufzieh-Merlwybs",1,0,1,1,0,"ModelChara#626",100,10,0,0,0,"Obedient",0,8,224,False,True,False,True,False,0,False,True,"ui/icon/004000/004554.tex",9016,True,0,20,470,43,0,20,1,620,"Poppet"
73,"Aufzieh-Kan-E",3,"Aufzieh-Kan-Es",1,0,1,1,0,"ModelChara#627",100,10,0,0,0,"Obedient",0,8,224,False,True,False,True,False,0,False,True,"ui/icon/004000/004553.tex",9017,True,0,20,430,29,360,30,1,623,"Poppet"
74,"Aufzieh-Raubahn",4,"Aufzieh-Raubahns",1,0,1,0,0,"ModelChara#625",100,10,0,0,0,"Obedient",0,8,224,False,True,False,True,False,0,False,True,"ui/icon/004000/004555.tex",9018,True,0,20,470,19,120,30,1,609,"Poppet"
75,"Chocobo-Prinz",6,"Chocobo-Prinzen",1,0,1,0,0,"ModelChara#634",100,30,0,30,0,"Independent",0,8,3,True,False,True,False,True,0,False,True,"ui/icon/004000/004460.tex",6,True,0,10,365,14,30,20,1,621,"Critter"
76,"Mini-Odin",4,"Mini-Odin",1,0,1,0,0,"ModelChara#683",90,5,10,0,0,"Independent",0,8,230,False,True,False,True,False,0,False,True,"ui/icon/004000/004468.tex",8007,True,80,30,500,1,120,20,2,605,"Monster"
77,"Mini-Lichtkrieger",4,"Mini-Lichtkrieger",2,0,1,0,0,"ModelChara#684",80,10,0,0,0,"Obedient",0,8,235,False,True,False,True,False,0,False,True,"ui/icon/004000/004467.tex",12012,True,0,15,380,1,30,20,1,604,"Poppet"
78,"Aufzieh-Bahamut",4,"Aufzieh-Bahamut",1,0,1,0,0,"ModelChara#685",100,10,0,0,0,"Independent",0,8,0,True,False,False,False,False,118,False,True,"ui/icon/004000/004469.tex",2002,True,0,25,410,1,120,20,3,636,"Monster"
79,"Mogry-Stofftier",4,"Mogry-Stofftiere",1,0,1,2,0,"ModelChara#688",100,10,0,0,0,"Obedient",4,8,233,False,True,False,False,False,0,False,True,"ui/icon/004000/004472.tex",10,True,0,20,470,1,120,20,1,614,"Poppet"
80,"Stoff-Opo-Opo",4,"Stoff-Opo-Opos",1,0,1,0,0,"ModelChara#686",60,30,0,0,0,"Independent",1,8,52,True,False,True,False,False,0,False,True,"ui/icon/004000/004470.tex",1037,True,0,10,420,23,120,30,1,605,"Critter"
81,"emsig[a] Besen",4,"emsig[a] Besen",1,0,1,0,0,"ModelChara#687",100,10,0,0,80,"Independent",0,5,0,False,False,False,False,False,0,False,True,"ui/icon/004000/004471.tex",11504,True,0,25,420,30,360,20,1,623,"Gadget"
82,"Sukkubus-Puppe",3,"Sukkubus-Puppen",1,0,1,1,0,"ModelChara#748",80,10,0,0,0,"Obedient",2,8,231,False,True,False,True,False,0,False,True,"ui/icon/004000/004475.tex",1038,True,0,10,340,11,360,30,1,617,"Monster"
83,"Zu-Küken",4,"Zu-Küken",1,0,1,2,0,"ModelChara#682",100,30,0,0,0,"Independent",0,8,54,True,False,False,False,True,0,False,True,"ui/icon/004000/004473.tex",1039,True,0,10,450,9,0,20,1,620,"Monster"
84,"Nanamo-Puppe",3,"Nanamo-Puppen",1,0,1,1,0,"ModelChara#751",80,10,0,0,0,"Obedient",1,8,266,False,True,True,False,False,0,False,True,"ui/icon/004000/004499.tex",9019,True,0,20,490,15,0,20,1,620,"Poppet"
85,"Aufzieh-Gilgamesch",3,"Aufzieh-Gilgamesche",1,0,1,0,0,"ModelChara#756",100,10,0,0,0,"Obedient",0,8,68,False,True,False,True,False,0,False,True,"ui/icon/004000/004476.tex",9501,True,0,25,485,5,360,30,2,600,"Poppet"
86,"Prinz Zwiebel",3,"Prinz Zwiebel",1,0,0,0,1,"ModelChara#742",100,10,20,0,0,"Independent",0,8,42,True,False,True,False,True,0,False,True,"ui/icon/004000/004477.tex",1025,True,0,15,440,31,0,30,1,620,"Critter"
87,"Ritter Aubergine",3,"Ritter Aubergine",1,0,0,0,1,"ModelChara#743",100,15,10,0,0,"Independent",0,8,42,True,False,True,False,True,0,False,True,"ui/icon/004000/004478.tex",1025,True,0,15,415,12,360,20,1,626,"Critter"
88,"Sir Knoblauch",3,"Sir Knoblauch",1,0,0,0,1,"ModelChara#744",100,15,10,0,0,"Independent",0,8,42,True,False,True,False,True,0,False,True,"ui/icon/004000/004479.tex",1025,True,0,15,435,11,360,20,1,617,"Critter"
89,"König Tomate",3,"König Tomate",1,0,0,0,1,"ModelChara#745",100,10,10,0,0,"Independent",0,8,42,True,False,True,False,True,0,False,True,"ui/icon/004000/004480.tex",1025,True,0,20,355,9,0,20,1,620,"Critter"
90,"Königin Mandragora",3,"Königin Mandragora",1,0,0,1,1,"ModelChara#746",100,25,5,0,0,"Independent",0,8,42,True,False,True,False,True,0,False,True,"ui/icon/004000/004481.tex",1025,True,0,30,560,27,360,30,1,615,"Critter"
91,"Y'shtola-Puppe",3,"Y'shtola-Puppen",1,0,1,1,0,"ModelChara#750",100,10,0,0,0,"Obedient",0,8,262,False,True,False,True,False,0,False,True,"ui/icon/004000/004500.tex",9001,True,0,25,435,12,360,20,1,618,"Poppet"
92,"Aufzieh-Zwiebelritter",4,"Aufzieh-Zwiebelritter",2,0,1,0,0,"ModelChara#749",100,10,0,0,0,"Obedient",0,8,240,False,True,False,True,False,0,False,True,"ui/icon/004000/004482.tex",12031,True,90,15,430,21,0,20,1,620,"Poppet"
93,"Schatzkiste",3,"Schatzkisten",1,0,1,1,0,"ModelChara#747",100,5,10,0,0,"Independent",0,8,56,True,False,True,False,False,0,False,True,"ui/icon/004000/004483.tex",1040,True,0,15,390,8,30,20,1,621,"Monster"
94,"Tapirjung[a]",3,"Tapirjung[a]",1,0,1,2,0,"ModelChara#754",80,30,0,0,0,"Independent",0,8,57,True,False,True,False,True,0,False,True,"ui/icon/004000/004484.tex",3001,True,0,10,390,23,120,30,1,631,"Critter"
95,"Nana-Stoffbär",6,"Nana-Stoffbären",1,0,1,0,0,"ModelChara#752",100,20,0,0,0,"Obedient",0,8,238,False,True,False,True,False,0,False,True,"ui/icon/004000/004485.tex",3002,True,0,10,380,1,30,20,1,604,"Critter"
96,"Miniaturlore",3,"Miniaturloren",1,0,1,1,0,"ModelChara#753",100,10,0,0,0,"Obedient",0,8,0,False,False,False,False,False,0,False,True,"ui/icon/004000/004486.tex",11505,True,0,15,415,25,360,20,1,625,"Gadget"
97,"Nussfresser",4,"Nussfresser",2,0,1,0,0,"ModelChara#755",100,10,0,0,30,"Independent",1,8,59,True,False,True,False,True,0,False,True,"ui/icon/004000/004487.tex",3003,True,0,30,450,36,360,30,1,634,"Critter"
98,"Minfilia-Puppe",3,"Minfilia-Puppen",1,0,1,1,0,"ModelChara#797",100,10,0,0,0,"Obedient",0,8,262,False,True,False,True,False,0,False,True,"ui/icon/004000/004488.tex",9002,True,0,20,400,1,30,20,1,604,"Poppet"
99,"Thancred-Puppe",3,"Thancred-Puppen",1,0,1,1,0,"ModelChara#796",100,10,0,0,0,"Obedient",0,8,262,False,True,False,True,False,0,False,True,"ui/icon/004000/004489.tex",9003,True,0,20,450,35,360,30,1,634,"Poppet"
100,"Aufzieh-Magitek-Drohne",3,"Aufzieh-Magitek-Drohnen",1,0,1,1,0,"ModelChara#1016",100,10,0,0,0,"Independent",0,8,0,False,False,False,False,False,0,True,True,"ui/icon/004000/004516.tex",11005,True,0,30,455,1,30,20,1,612,"Monster"
101,"Wölkchen[p] der Dunkelheit",4,"Wölkchen[p] der Dunkelheit",1,0,1,2,0,"ModelChara#1017",80,10,0,0,0,"Obedient",2,8,232,False,True,False,True,False,0,False,True,"ui/icon/004000/004517.tex",2101,True,0,30,540,4,30,20,2,612,"Monster"
102,"Ninki-Nanka-Puppe",3,"Ninki-Nanka-Puppen",1,0,1,1,0,"ModelChara#808",100,30,0,0,0,"Independent",0,8,60,True,False,True,False,False,0,False,True,"ui/icon/004000/004490.tex",1041,True,0,15,415,11,360,20,1,617,"Monster"
103,"Panda-Stofftier",4,"Panda-Stofftiere",2,0,1,2,0,"ModelChara#816",100,20,0,0,0,"Obedient",0,8,241,False,True,True,False,False,0,False,True,"ui/icon/004000/004491.tex",3004,True,0,15,450,35,360,30,1,634,"Critter"
104,"Aufzieh-Ultros",3,"Aufzieh-Ultrosse",2,0,1,0,0,"ModelChara#799",100,30,0,0,0,"Obedient",11,8,237,False,True,True,True,False,0,False,True,"ui/icon/004000/004504.tex",9503,True,0,20,395,18,360,30,1,624,"Monster"
105,"Zuckerschneemann",2,"Zuckerschneemänner",2,0,1,0,0,"ModelChara#803",100,20,0,0,0,"Obedient",0,8,220,False,True,False,True,False,0,False,True,"ui/icon/004000/004505.tex",11507,True,0,15,420,44,0,30,1,620,"Poppet"
106,"Chocopummelchen",4,"Chocopummelchen",1,0,1,2,0,"ModelChara#800",100,1,0,0,0,"Obedient",0,8,0,False,False,False,False,True,0,False,True,"ui/icon/004000/004506.tex",7,True,90,15,360,42,0,20,1,620,"Critter"
107,"Yda-Puppe",3,"Yda-Puppen",1,0,1,1,0,"ModelChara#878",100,10,0,0,0,"Obedient",0,8,262,False,True,False,True,False,0,False,True,"ui/icon/004000/004501.tex",9004,True,0,25,460,1,30,20,1,606,"Poppet"
108,"Papalymo-Puppe",3,"Papalymo-Puppen",1,0,1,1,0,"ModelChara#879",100,10,0,0,0,"Obedient",0,8,262,False,True,False,True,False,0,False,True,"ui/icon/004000/004502.tex",9005,True,0,20,420,20,120,20,1,633,"Poppet"
109,"Urianger-Puppe",3,"Urianger-Puppen",1,0,1,1,0,"ModelChara#880",100,10,0,0,0,"Obedient",0,8,262,False,True,False,True,False,0,False,True,"ui/icon/004000/004503.tex",9006,True,0,20,435,1,120,20,1,616,"Poppet"
110,"dick[a] Katze",3,"dick[a] Katze",1,0,1,1,0,"ModelChara#802",100,10,0,0,0,"Obedient",0,8,61,True,False,False,False,True,0,False,True,"ui/icon/004000/004507.tex",3005,True,0,10,380,12,360,20,2,626,"Critter"
111,"Kleinfuß",2,"Kleinfüße",1,0,1,0,0,"ModelChara#801",100,10,0,0,0,"Independent",0,8,62,True,False,True,False,True,0,False,True,"ui/icon/004000/004508.tex",1042,True,0,15,410,1,30,20,1,611,"Monster"
112,"Mini-Mumie",3,"Mini-Mumien",1,0,1,1,0,"ModelChara#798",100,5,10,0,0,"Independent",0,8,63,True,False,False,True,False,0,False,True,"ui/icon/004000/004509.tex",1043,True,0,15,475,23,30,20,2,613,"Monster"
113,"Aufzieh-Enterprise",3,"Aufzieh-Enterprise",1,0,1,1,0,"ModelChara#887",100,10,0,0,0,"Obedient",0,8,0,False,False,False,False,False,0,False,True,"ui/icon/004000/004497.tex",11002,True,0,20,460,1,120,20,2,629,"Gadget"
114,"Mogry-Stoffpostbote",8,"Mogry-Stoffpostboten",1,0,1,0,0,"ModelChara#809",100,5,10,0,0,"Obedient",4,8,233,False,True,False,False,False,0,False,True,"ui/icon/004000/004498.tex",11,True,0,20,370,14,120,20,1,614,"Poppet"
115,"fliegend[a] Kampffisch",2,"fliegend[a] Kampffische",2,0,1,0,0,"ModelChara#807",100,10,5,0,0,"Independent",5,8,64,True,False,False,True,True,0,False,True,"ui/icon/004000/004510.tex",4002,True,0,10,425,2,30,20,2,603,"Critter"
116,"beseelt[a] Geschenkpäckchen",4,"beseelt[a] Geschenkpäckchen",1,0,1,2,0,"ModelChara#805",100,10,10,0,0,"Independent",0,8,65,True,False,False,True,False,0,False,True,"ui/icon/004000/004513.tex",11508,True,0,30,530,37,0,20,2,620,"Critter"
117,"Flusskobold",4,"Flusskobolde",2,0,1,0,0,"ModelChara#886",60,10,0,0,0,"Independent",0,8,66,True,False,False,False,True,0,False,True,"ui/icon/004000/004511.tex",12901,True,0,20,430,13,120,20,1,605,"Critter"
118,"Aufzieh-Louisoix",3,"Aufzieh-Louisoix",1,0,1,0,0,"ModelChara#881",100,10,0,0,0,"Obedient",0,8,267,False,True,False,True,False,78,False,True,"ui/icon/004000/004512.tex",9007,True,0,15,410,27,360,30,2,615,"Poppet"
119,"Midgardsormr",3,"Midgardsormrs",1,0,0,0,1,"ModelChara#883",100,10,0,0,0,"Independent",2,8,0,False,False,False,False,True,0,False,True,"ui/icon/004000/004518.tex",9504,True,0,25,435,33,0,20,1,620,"Critter"
120,"",0,"",0,0,0,0,0,"ModelChara#0",0,0,0,0,0,"",0,0,0,False,False,False,False,False,0,False,False,,0,False,0,0,0,0,0,0,0,0,""
121,"klein[a] Elster",3,"klein[a] Elstern",1,0,1,1,0,"ModelChara#1337",80,30,0,0,0,"Independent",0,8,10,True,False,True,False,True,0,False,True,"ui/icon/004000/004556.tex",5002,True,0,15,310,10,0,20,1,620,"Critter"
122,"Aufzieh-Enkidu",4,"Aufzieh-Enkidus",1,0,1,0,0,"ModelChara#888",100,10,0,0,0,"Independent",0,8,68,True,False,False,False,False,0,False,True,"ui/icon/004000/004521.tex",9502,True,0,20,480,28,120,20,1,605,"Critter"
123,"Finstrigen-Puppe",3,"Finstrigen-Puppen",1,0,1,1,0,"ModelChara#901",100,30,0,0,0,"Obedient",0,8,208,False,True,False,True,False,0,False,True,"ui/icon/004000/004493.tex",7002,True,0,15,480,22,360,20,1,632,"Poppet"
124,"Aufzieh-Gründer",4,"Aufzieh-Gründer",2,0,1,0,0,"ModelChara#902",100,30,0,0,0,"Obedient",0,8,213,False,True,False,True,False,0,False,True,"ui/icon/004000/004492.tex",7003,True,0,15,440,10,0,20,1,620,"Poppet"
125,"Dezul-Qualan-Puppe",3,"Dezul-Qualan-Puppen",1,0,1,1,0,"ModelChara#903",100,30,0,30,0,"Obedient",0,8,214,False,True,False,True,False,0,False,True,"ui/icon/004000/004494.tex",7004,True,0,15,460,31,0,30,1,620,"Poppet"
126,"Aufzieh-Kobold[p] Nr. 2",4,"Aufzieh-Kobolde[p] Nr. 2",2,0,1,0,0,"ModelChara#582",100,30,0,0,0,"Obedient",0,8,215,False,True,False,True,False,0,False,True,"ui/icon/004000/004495.tex",7006,True,0,10,440,5,360,30,1,600,"Poppet"
127,"Aufzieh-Seeteufel",4,"Aufzieh-Seeteufel",2,0,1,0,0,"ModelChara#583",100,30,0,0,0,"Obedient",0,8,216,False,True,False,True,False,0,False,True,"ui/icon/004000/004496.tex",7007,True,0,25,500,9,0,20,1,620,"Poppet"
128,"Brief-Chocobo-Küken",4,"Brief-Chocobo-Küken",1,0,1,2,0,"ModelChara#990",100,10,0,0,0,"Independent",0,8,3,True,False,True,False,True,0,False,True,"ui/icon/004000/004524.tex",5,True,0,20,405,35,360,30,1,634,"Critter"
129,"Kain-Puppe",3,"Kain-Puppen",1,0,1,1,0,"ModelChara#989",80,10,0,0,0,"Obedient",0,8,242,False,True,False,True,False,0,True,True,"ui/icon/004000/004525.tex",12041,True,0,30,440,46,0,20,1,620,"Poppet"
130,"Aufzieh-Alphinaud",3,"Aufzieh-Alphinaud",1,0,1,0,0,"ModelChara#884",100,10,0,0,0,"Obedient",0,8,262,False,True,False,True,False,0,False,True,"ui/icon/004000/004519.tex",9008,True,0,10,420,4,120,20,1,633,"Poppet"
131,"Aufzieh-Alisaie",3,"Aufzieh-Alisaie",1,0,1,1,0,"ModelChara#885",100,10,0,0,0,"Obedient",0,8,262,False,True,False,True,False,0,False,True,"ui/icon/004000/004520.tex",9009,True,0,15,460,1,120,20,2,616,"Poppet"
132,"Tataru-Puppe",3,"Tataru-Puppe",1,0,1,1,0,"ModelChara#892",100,5,5,0,0,"Obedient",0,8,262,False,True,False,True,False,0,False,True,"ui/icon/004000/004526.tex",9010,True,0,10,440,12,360,20,2,626,"Poppet"
133,"Cid-Puppe",3,"Cid-Puppe",1,0,1,1,0,"ModelChara#891",100,10,5,0,0,"Obedient",0,8,263,False,True,False,True,False,0,False,True,"ui/icon/004000/004527.tex",9011,True,0,30,500,35,360,20,2,634,"Poppet"
134,"Kleinhorn",4,"Kleinhörner",2,0,1,2,0,"ModelChara#890",100,10,0,0,0,"Independent",0,8,43,True,False,True,False,True,0,False,True,"ui/icon/004000/004528.tex",3006,True,0,10,415,18,360,30,1,624,"Critter"
135,"Aufzieh-Gundo",3,"Aufzieh-Gundo",1,0,1,0,0,"ModelChara#889",100,10,0,0,0,"Obedient",0,8,87,False,True,True,False,False,0,False,True,"ui/icon/004000/004557.tex",7010,True,0,10,420,9,0,20,1,620,"Poppet"
136,"Mini-Atomos",3,"Mini-Atomos",1,0,1,0,0,"ModelChara#894",100,10,0,0,0,"Independent",0,8,69,True,False,False,False,False,0,False,True,"ui/icon/004000/004529.tex",1044,True,0,25,460,22,360,20,1,632,"Monster"
137,"Eulette",3,"Euletten",1,0,1,1,0,"ModelChara#893",100,0,0,0,0,"Independent",2,8,70,True,False,False,False,True,0,False,True,"ui/icon/004000/004530.tex",5003,True,0,25,540,43,0,20,1,620,"Critter"
138,"hässlich[a] Entlein",4,"hässlich[a] Entlein",1,0,1,2,0,"ModelChara#899",90,20,0,0,0,"Independent",0,8,71,True,False,True,False,True,0,False,True,"ui/icon/004000/004531.tex",5004,True,0,20,480,1,30,20,1,601,"Critter"
139,"Geira-Kätzchen",4,"Geira-Kätzchen",1,0,1,2,0,"ModelChara#988",100,10,5,0,0,"Independent",2,8,72,True,False,False,False,True,0,False,True,"ui/icon/004000/004532.tex",1045,True,0,15,490,6,30,30,2,606,"Critter"
140,"Aufzieh-Schubkarre",3,"Aufzieh-Schubkarren",1,0,1,1,0,"ModelChara#896",100,10,0,0,0,"Obedient",0,8,0,False,False,False,False,False,0,False,True,"ui/icon/004000/004533.tex",11506,True,0,10,395,12,360,20,1,626,"Gadget"
141,"Rotpanda-Stofftier",4,"Rotpanda-Stofftiere",2,0,1,2,0,"ModelChara#895",70,10,0,0,0,"Independent",1,8,73,True,False,False,False,True,0,False,True,"ui/icon/004000/004534.tex",3007,True,0,25,405,34,0,30,1,620,"Critter"
142,"Seite[p] 63",3,"Seiten[p] 63",1,0,1,1,0,"ModelChara#900",100,10,0,0,0,"Independent",0,8,74,True,False,False,False,False,0,False,True,"ui/icon/004000/004535.tex",1046,True,0,10,415,1,120,20,1,605,"Monster"
143,"Eisenzwerg",4,"Eisenzwerge",2,0,1,0,0,"ModelChara#898",100,10,0,0,0,"Obedient",0,8,243,False,True,False,True,False,0,False,True,"ui/icon/004000/004536.tex",1047,True,0,10,360,9,0,20,1,620,"Monster"
144,"Greifen-Küken",4,"Greifen-Küken",1,0,1,2,0,"ModelChara#897",90,10,5,0,0,"Independent",0,8,75,True,False,False,False,True,0,False,True,"ui/icon/004000/004537.tex",1048,True,0,15,310,22,360,20,2,632,"Monster"
145,"Eisherz-Puppe",3,"Eisherz-Puppen",1,0,1,1,0,"ModelChara#1165",100,5,10,0,0,"Obedient",0,8,269,False,True,False,True,False,0,False,True,"ui/icon/004000/004538.tex",9020,True,0,25,400,19,30,30,2,611,"Poppet"
146,"Gestahl-Schoßhund",4,"Gestahl-Schoßhunde",1,0,1,0,0,"ModelChara#1166",100,1,10,0,0,"Independent",0,8,76,True,False,True,False,True,0,True,True,"ui/icon/004000/004539.tex",3008,True,0,10,320,21,0,20,1,620,"Critter"
147,"Dampf-Stampfer",4,"Dampf-Stampfer",2,0,1,0,0,"ModelChara#1164",100,10,0,0,0,"Independent",0,8,0,False,False,False,False,False,0,False,True,"ui/icon/004000/004540.tex",2004,True,0,15,330,32,0,30,1,620,"Gadget"
148,"blaublütig[a] Behemoth",3,"blaublütig[a] Behemoth",1,0,1,0,0,"ModelChara#1162",100,10,0,0,0,"Independent",0,8,5,True,False,True,False,True,0,False,True,"ui/icon/004000/004541.tex",1002,True,90,15,400,9,0,20,1,620,"Monster"
149,"Begleitmodul",4,"Begleitmodule",2,0,1,2,0,"ModelChara#1163",100,3,8,0,0,"Independent",0,8,77,True,False,False,True,False,0,False,True,"ui/icon/004000/004542.tex",11006,True,0,30,630,6,360,30,1,600,"Gadget"
150,"Yugiri-Puppe",3,"Yugiri-Puppen",1,0,1,1,0,"ModelChara#1167",100,10,0,0,0,"Obedient",0,8,271,False,True,False,True,False,0,False,True,"ui/icon/004000/004543.tex",9021,True,0,15,335,11,360,20,1,617,"Poppet"
151,"Peridot-Karfunkel",4,"Peridot-Karfunkel",2,0,1,2,0,"ModelChara#1168",80,10,0,0,0,"Obedient",0,8,245,False,True,False,True,False,0,False,True,"ui/icon/004000/004544.tex",10010,True,0,20,430,38,120,20,1,609,"Critter"
152,"Heliodor-Karfunkel",4,"Heliodor-Karfunkel",2,0,1,2,0,"ModelChara#1068",80,10,0,0,0,"Obedient",0,8,245,False,True,False,True,False,0,False,True,"ui/icon/004000/004545.tex",10011,True,0,15,610,10,0,20,1,620,"Critter"
153,"",0,"",0,0,0,0,0,"ModelChara#0",0,0,0,0,0,"",0,0,0,False,False,False,False,False,0,False,False,,0,False,0,0,0,0,0,0,0,0,""
154,"Goldrausch-Karre",3,"Goldrausch-Karren",1,0,1,1,0,"ModelChara#1212",100,10,0,0,0,"Obedient",0,8,0,False,False,False,False,False,0,False,True,"ui/icon/004000/004547.tex",11505,True,0,15,445,39,0,20,1,620,"Gadget"
155,"Primog-Kapelle",3,"Primog-Kapellen",1,0,1,1,0,"ModelChara#991",50,30,0,0,0,"Obedient",4,8,233,False,True,False,False,False,0,False,True,"ui/icon/004000/004523.tex",12,True,0,15,460,11,360,20,1,617,"Poppet"
156,"Gnath-Puppe",3,"Gnath-Puppen",1,0,1,1,0,"ModelChara#1169",100,10,0,0,0,"Obedient",0,8,277,False,True,False,True,False,0,False,True,"ui/icon/004000/004570.tex",7009,True,0,20,480,12,360,20,1,626,"Poppet"
157,"Paissa-Fratz",2,"Paissa-Fratzen",1,0,1,0,0,"ModelChara#1170",100,10,0,0,0,"Independent",0,8,273,True,False,False,True,False,0,False,True,"ui/icon/004000/004558.tex",1049,True,0,25,620,46,0,20,1,620,"Monster"
158,"Indigohand-Puppe",3,"Indigohand-Puppen",1,0,1,1,0,"ModelChara#1171",90,10,0,0,0,"Obedient",0,8,207,False,True,False,True,False,0,False,True,"ui/icon/004000/004559.tex",7001,True,0,10,390,18,360,30,1,624,"Poppet"
159,"Kürbis-Butler",4,"Kürbis-Butler",2,0,1,0,0,"ModelChara#1172",100,10,0,0,0,"Independent",0,8,42,True,False,True,False,True,0,False,True,"ui/icon/004000/004548.tex",1025,True,0,15,420,13,30,20,1,613,"Critter"
160,"Aufzieh-Echidna",3,"Aufzieh-Echidnas",1,0,1,1,0,"ModelChara#1322",100,10,0,0,0,"Obedient",0,8,275,False,True,False,True,False,0,False,True,"ui/icon/004000/004560.tex",2102,True,0,20,410,45,0,60,1,620,"Monster"
161,"Relm-Puppe",3,"Relm-Puppen",1,0,1,1,0,"ModelChara#1176",100,10,0,0,0,"Obedient",0,8,276,False,True,False,True,False,0,False,True,"ui/icon/004000/004561.tex",12061,True,0,10,415,10,0,20,1,620,"Poppet"
162,"Jagdfalke",8,"Jagdfalken",1,0,1,0,0,"ModelChara#1173",100,10,0,0,0,"Independent",2,8,78,True,False,False,False,False,0,False,True,"ui/icon/004000/004562.tex",5005,True,0,20,520,13,30,20,1,604,"Critter"
163,"Stumpfauge",4,"Stumpfaugen",1,0,1,2,0,"ModelChara#1174",100,10,0,0,0,"Independent",1,8,79,True,False,False,False,False,0,False,True,"ui/icon/004000/004563.tex",1050,True,0,15,420,19,30,30,1,613,"Monster"
164,"Pinguinprinz",1,"Pinguinprinzen",1,0,1,0,0,"ModelChara#1175",100,10,0,0,0,"Independent",0,8,80,True,False,False,False,False,0,False,True,"ui/icon/004000/004564.tex",5006,True,130,10,415,36,360,30,1,634,"Critter"
165,"Uhrwerk-Twintania",3,"Uhrwerk-Twintanias",1,0,1,0,0,"ModelChara#1319",100,10,0,0,0,"Obedient",0,8,81,False,True,False,True,False,0,False,True,"ui/icon/004000/004565.tex",2001,True,0,25,380,12,360,20,1,618,"Monster"
166,"Korpokkur-Pflänzchen",4,"Korpokkur-Pflänzchen",1,0,1,2,0,"ModelChara#1320",100,10,0,0,0,"Independent",0,8,82,True,False,False,False,False,0,False,True,"ui/icon/004000/004566.tex",1051,True,0,15,440,20,120,20,1,605,"Critter"
167,"Firion-Puppe",3,"Firion-Puppen",0,0,1,1,0,"ModelChara#1321",100,10,0,0,0,"Obedient",0,8,239,False,True,False,True,False,0,False,True,"ui/icon/004000/004549.tex",12021,True,0,25,600,4,120,20,1,605,"Poppet"
168,"Mini-Ifrit",3,"Mini-Ifrits",1,0,1,0,0,"ModelChara#1318",100,10,0,0,0,"Obedient",0,8,83,False,True,False,False,False,0,False,True,"ui/icon/004000/004567.tex",8001,True,0,20,380,1,120,20,1,610,"Monster"
169,"Mini-Garuda",3,"Mini-Garudas",1,0,1,1,0,"ModelChara#1330",90,10,0,0,0,"Obedient",2,8,83,False,True,False,True,False,0,False,True,"ui/icon/004000/004572.tex",8002,True,0,20,495,26,360,20,1,619,"Monster"
170,"Mini-Titan",4,"Mini-Titane",2,0,1,0,0,"ModelChara#1331",100,10,0,0,0,"Obedient",0,8,83,False,True,False,True,False,0,False,True,"ui/icon/004000/004573.tex",8003,True,0,15,380,19,30,30,1,613,"Monster"
171,"Mini-Leviathan",4,"Mini-Leviathan",2,0,1,0,0,"ModelChara#1332",100,10,0,0,0,"Obedient",0,8,83,False,True,False,True,False,0,False,True,"ui/icon/004000/004574.tex",8004,True,0,30,455,32,0,40,1,620,"Monster"
172,"Aufzieh-Zundo-Krieger",4,"Aufzieh-Zundo-Krieger",2,0,1,0,0,"ModelChara#1423",100,10,0,0,0,"Obedient",0,8,87,False,True,False,True,False,0,False,True,"ui/icon/004000/004569.tex",7010,True,0,25,630,11,360,20,1,617,"Poppet"
173,"Haurchefant-Puppe",3,"Haurchefant-Puppen",1,0,1,1,0,"ModelChara#1334",100,10,2,0,0,"Obedient",0,8,272,False,True,False,True,False,0,False,True,"ui/icon/004000/004568.tex",9022,True,0,30,530,10,0,20,1,620,"Poppet"
174,"Nero-Puppe",3,"Nero-Puppen",1,0,1,1,0,"ModelChara#1335",100,10,0,0,0,"Obedient",0,8,278,False,True,False,True,False,0,False,True,"ui/icon/004000/004575.tex",9023,True,0,20,420,49,0,30,1,620,"Poppet"
175,"Vath-Puppe",3,"Vath-Puppen",1,0,1,1,0,"ModelChara#1343",100,10,0,0,0,"Obedient",0,8,277,False,True,False,True,False,0,False,True,"ui/icon/004000/004571.tex",7008,True,0,15,430,17,0,20,1,620,"Poppet"
176,"Fäustchen",4,"Fäustchen",1,0,1,2,0,"ModelChara#1458",100,10,0,0,0,"Obedient",0,8,236,False,True,False,True,False,0,False,True,"ui/icon/004000/004576.tex",2003,True,0,30,390,1,30,60,1,604,"Monster"
177,"neu[a] Y'shtola-Puppe",3,"neu[a] Y'shtola-Puppen",1,0,1,1,0,"ModelChara#1333",100,10,0,0,0,"Obedient",0,8,262,False,True,False,True,False,0,False,True,"ui/icon/004000/004596.tex",9001,True,0,25,480,22,360,20,1,632,"Poppet"
178,"Calco-Puppe",3,"Calco-Puppen",1,0,1,1,0,"ModelChara#1461",100,0,10,0,0,"Obedient",4,8,270,False,True,False,True,False,0,False,True,"ui/icon/004000/004577.tex",1052,True,0,10,370,51,360,20,2,618,"Monster"
179,"Brina-Puppe",3,"Brina-Puppen",1,0,1,1,0,"ModelChara#1462",100,0,10,0,0,"Obedient",4,8,270,False,True,False,True,False,0,False,True,"ui/icon/004000/004578.tex",1053,True,0,15,410,50,360,20,2,617,"Monster"
180,"Morpho",4,"Morphos",1,0,1,0,0,"ModelChara#1459",80,20,0,0,0,"Independent",3,8,304,False,False,False,False,False,0,False,True,"ui/icon/004000/004579.tex",1054,True,0,20,470,20,120,30,1,602,"Critter"
181,"Poro Roggo",4,"Poro Roggos",1,0,1,0,0,"ModelChara#1466",100,10,0,0,0,"Independent",0,8,305,True,False,True,False,True,0,False,True,"ui/icon/004000/004580.tex",1055,True,0,20,420,38,30,20,1,640,"Critter"
182,"Aufzieh-Edward",4,"Aufzieh-Edwards",1,0,1,0,0,"ModelChara#1484",100,10,0,0,0,"Obedient",0,8,306,False,True,False,True,False,0,False,True,"ui/icon/004000/004581.tex",12042,True,0,15,400,12,360,20,1,619,"Poppet"
183,"Fenrir-Welpe",8,"Fenrir-Welpen",1,0,1,0,0,"ModelChara#1467",100,10,0,0,0,"Independent",0,8,307,True,False,True,False,True,0,False,True,"ui/icon/004000/004582.tex",1056,True,0,15,380,11,360,20,1,617,"Monster"
184,"Drachenjung[a]",3,"Drachenjung[a]",0,0,1,2,0,"ModelChara#1463",100,10,0,0,0,"Obedient",2,8,308,False,True,False,True,True,0,False,True,"ui/icon/004000/004597.tex",7011,True,0,30,510,1,30,20,1,601,"Critter"
185,"Mini-Ramuh",3,"Mini-Ramuh",1,0,1,0,0,"ModelChara#1544",90,10,0,0,0,"Obedient",0,8,83,False,True,False,True,False,0,False,True,"ui/icon/004000/004598.tex",8005,True,0,25,515,1,30,30,1,603,"Monster"
186,"Mini-Shiva",3,"Mini-Shiva",1,0,1,1,0,"ModelChara#1545",90,10,0,0,0,"Obedient",0,8,83,False,True,False,True,False,0,False,True,"ui/icon/004000/004599.tex",8006,True,0,10,420,19,30,30,1,611,"Monster"
187,"Ferkelchen",3,"Ferkelchen",1,0,1,2,0,"ModelChara#1465",100,2,0,0,30,"Independent",0,8,311,True,False,False,True,True,0,False,True,"ui/icon/004000/004600.tex",12902,True,0,10,375,29,360,20,1,623,"Critter"
188,"magisch[a] Eimer",4,"magisch[a] Eimer",2,0,1,0,0,"ModelChara#1464",100,5,1,0,0,"Obedient",0,8,0,False,False,False,True,False,0,False,True,"ui/icon/004000/004601.tex",11509,True,0,15,530,18,360,30,1,624,"Gadget"
189,"Tentakel",4,"Tentakel",2,0,1,2,0,"ModelChara#1469",100,10,0,0,0,"Independent",0,8,313,True,False,False,True,False,0,False,True,"ui/icon/004000/004602.tex",1057,True,0,25,480,38,30,20,1,640,"Monster"
190,"Brachiosaurus-Baby",4,"Brachiosaurus-Babys",1,0,1,2,0,"ModelChara#1470",100,10,0,0,0,"Obedient",0,8,314,False,True,False,True,False,0,False,True,"ui/icon/004000/004603.tex",1058,True,0,30,490,23,30,20,1,613,"Poppet"
191,"Aufzieh-Cheerleaderin",3,"Aufzieh-Cheerleaderinnen",1,0,1,1,0,"ModelChara#1468",100,0,10,0,0,"Independent",6,8,315,False,True,False,True,False,0,True,True,"ui/icon/004000/004604.tex",10013,True,0,15,440,11,360,20,1,617,"Poppet"
192,"Krile-Puppe",3,"Krile-Puppen",1,0,1,1,0,"ModelChara#1336",100,10,0,0,0,"Obedient",0,8,262,False,True,False,True,False,0,False,True,"ui/icon/004000/004605.tex",9012,True,0,10,390,12,360,20,1,626,"Poppet"
193,"Aymeric-Puppe",3,"Aymeric-Puppen",1,0,1,1,0,"ModelChara#1547",100,10,0,0,0,"Obedient",0,8,317,False,True,False,True,False,0,False,True,"ui/icon/004000/004606.tex",9024,True,0,30,465,34,0,30,1,620,"Poppet"
194,"Pegasus-Fohlen",4,"Pegasus-Fohlen",1,0,1,2,0,"ModelChara#1650",100,10,0,0,0,"Independent",0,8,318,True,False,True,False,True,0,False,True,"ui/icon/004000/004613.tex",1059,True,0,25,500,18,360,30,1,624,"Critter"
195,"Mini-Calofisteri",3,"Mini-Calofisteri",1,0,1,1,0,"ModelChara#1546",100,10,0,0,0,"Obedient",0,8,319,False,True,True,False,False,0,False,True,"ui/icon/004000/004607.tex",2103,True,0,25,440,10,0,20,1,620,"Monster"
196,"Sasquatch-Stofftier",4,"Sasquatch-Stofftiere",2,0,1,2,0,"ModelChara#1386",100,10,0,0,0,"Obedient",0,8,320,False,True,False,True,False,0,False,True,"ui/icon/004000/004608.tex",1060,True,0,15,420,37,0,20,1,620,"Monster"
197,"Zwergkaninchen",4,"Zwergkaninchen",1,0,1,2,0,"ModelChara#1387",100,10,0,0,0,"Independent",0,8,321,True,False,True,False,True,0,False,True,"ui/icon/004000/004609.tex",3009,True,0,20,450,36,360,30,1,634,"Critter"
198,"Hektokulinchen",4,"Hektokulinchen",1,0,1,2,0,"ModelChara#1385",100,10,0,0,0,"Independent",0,8,322,True,False,True,False,True,0,False,True,"ui/icon/004000/004610.tex",1061,True,0,10,450,19,120,30,1,608,"Monster"
199,"Daoisten-Mogry",4,"Daoisten-Mogrys",1,0,1,0,0,"ModelChara#1548",100,10,0,0,0,"Obedient",4,8,233,False,True,False,True,False,0,False,True,"ui/icon/004000/004611.tex",13,False,0,10,410,38,120,20,1,614,"Poppet"
200,"Jibanyan",3,"Jibanyans",1,0,0,0,1,"ModelChara#1390",100,10,0,0,0,"Independent",0,8,324,True,False,True,False,True,0,False,True,"ui/icon/004000/004584.tex",13003,False,0,25,620,1,30,20,1,606,"Monster"
201,"Komasan",3,"Komasans",1,0,0,0,1,"ModelChara#1391",100,10,0,0,0,"Independent",0,8,324,True,False,True,False,True,0,False,True,"ui/icon/004000/004586.tex",13004,False,0,20,520,35,360,20,1,634,"Monster"
202,"Whisper",3,"Whispers",1,0,0,0,1,"ModelChara#1392",100,10,0,0,0,"Independent",0,8,324,True,False,False,True,False,0,False,True,"ui/icon/004000/004592.tex",13005,False,0,15,420,14,30,20,1,621,"Monster"
203,"Glazia",3,"Glazias",1,0,0,1,1,"ModelChara#1393",100,10,0,0,0,"Independent",0,8,324,True,False,True,False,True,0,False,True,"ui/icon/004000/004594.tex",13006,False,90,10,360,11,360,30,1,617,"Monster"
204,"Kyubi",3,"Kyubis",1,0,0,0,1,"ModelChara#1394",100,10,0,0,0,"Independent",0,8,324,True,False,True,False,True,0,False,True,"ui/icon/004000/004591.tex",13007,False,0,25,630,1,120,20,1,610,"Monster"
205,"Komajiro",3,"Komajiros",1,0,0,0,1,"ModelChara#1395",100,10,0,0,0,"Independent",0,8,324,True,False,True,False,True,0,False,True,"ui/icon/004000/004587.tex",13008,False,0,15,510,20,120,20,1,633,"Monster"
206,"Möter",4,"Möter",1,0,0,0,1,"ModelChara#1396",100,10,0,0,0,"Independent",0,8,324,True,False,False,True,True,0,False,True,"ui/icon/004000/004595.tex",13009,False,0,15,530,1,120,20,1,627,"Monster"
207,"Noko",3,"Nokos",1,0,0,2,1,"ModelChara#1397",100,10,0,0,0,"Independent",0,8,324,True,False,True,False,True,0,False,True,"ui/icon/004000/004588.tex",13010,False,0,20,650,27,360,30,1,615,"Monster"
208,"Viptor",3,"Viptors",1,0,0,0,1,"ModelChara#1398",100,10,0,0,0,"Independent",0,8,324,True,False,True,False,True,0,False,True,"ui/icon/004000/004590.tex",13011,False,0,30,630,1,120,20,1,605,"Monster"
209,"Shogunyan",3,"Shogunyans",1,0,0,0,1,"ModelChara#1399",100,10,0,0,0,"Independent",0,8,324,True,False,False,True,True,0,False,True,"ui/icon/004000/004583.tex",13012,False,0,20,650,4,30,20,1,604,"Monster"
210,"Hovernyan",3,"Hovernyans",1,0,0,0,1,"ModelChara#1400",100,10,0,0,0,"Independent",0,8,324,True,False,True,False,True,0,False,True,"ui/icon/004000/004585.tex",13013,False,0,10,365,1,30,30,1,606,"Monster"
211,"Robonyan[p] F-Type",3,"Robonyans[p] F-Type",1,0,0,0,1,"ModelChara#1401",100,10,0,0,0,"Independent",0,8,324,True,False,True,False,True,0,False,True,"ui/icon/004000/004593.tex",13014,False,0,10,400,5,360,30,1,600,"Monster"
212,"Usapyon",3,"Usapyons",1,0,0,0,1,"ModelChara#1402",100,10,0,0,0,"Independent",0,8,324,True,False,False,True,True,0,False,True,"ui/icon/004000/004589.tex",13015,False,0,15,550,1,30,20,1,612,"Monster"
213,"",0,"",0,0,0,0,0,"ModelChara#0",0,0,0,0,0,"",0,0,0,False,False,False,False,False,0,False,False,,0,False,0,0,0,0,0,0,0,0,""
214,"Namingway-Puppe",3,"Namingway-Puppen",1,0,1,1,0,"ModelChara#1614",100,0,10,0,0,"Independent",0,8,325,True,False,False,False,True,0,False,True,"ui/icon/004000/004614.tex",12043,True,0,20,450,29,360,20,1,623,"Poppet"
215,"Mini-Alexander",4,"Mini-Alexander",1,0,1,0,0,"ModelChara#1618",100,10,0,0,0,"Independent",0,8,326,False,False,False,False,False,0,False,True,"ui/icon/004000/004615.tex",2006,True,0,25,600,12,360,20,1,626,"Monster"
216,"Frischling",4,"Frischlinge",2,0,1,0,0,"ModelChara#1615",100,10,0,0,0,"Independent",0,8,327,True,False,False,False,True,0,False,True,"ui/icon/004000/004616.tex",1062,True,0,30,450,11,360,20,1,617,"Critter"
217,"neu[a] Thancred-Puppe",3,"neu[a] Thancred-Puppen",1,0,1,1,0,"ModelChara#1616",100,10,0,0,0,"Obedient",0,8,262,False,True,False,True,False,0,False,True,"ui/icon/004000/004617.tex",9003,True,0,15,420,19,120,30,1,608,"Poppet"
218,"neu[a] Alisaie-Puppe",3,"neu[a] Alisaie-Puppen",1,0,1,1,0,"ModelChara#1617",100,10,0,0,0,"Obedient",0,8,262,False,True,False,True,False,0,False,True,"ui/icon/004000/004618.tex",9009,True,0,10,390,9,0,20,1,620,"Poppet"
219,"Edda-Puppe",3,"Edda-Puppen",1,0,1,1,0,"ModelChara#1626",100,10,0,0,0,"Obedient",0,8,330,False,True,False,False,False,0,False,True,"ui/icon/004000/004619.tex",9025,True,0,25,420,14,30,20,1,604,"Monster"
220,"Yuna-Puppe",3,"Yuna-Puppen",1,0,1,1,0,"ModelChara#1611",100,10,0,0,0,"Obedient",0,8,331,False,True,False,True,False,0,False,True,"ui/icon/004000/004620.tex",12101,True,0,30,500,27,360,30,1,615,"Poppet"
221,"Rikku-Puppe",3,"Rikku-Puppen",1,0,1,1,0,"ModelChara#1612",100,10,0,0,0,"Obedient",0,8,331,False,True,False,True,False,0,False,True,"ui/icon/004000/004621.tex",12102,True,0,15,420,35,360,25,1,634,"Poppet"
222,"Lulu-Puppe",3,"Lulu-Puppen",1,0,1,1,0,"ModelChara#1613",100,10,0,0,0,"Obedient",0,8,331,False,True,False,True,False,0,False,True,"ui/icon/004000/004622.tex",12103,True,0,20,430,1,120,20,1,616,"Poppet"
223,"",0,"",0,0,0,0,0,"ModelChara#0",0,0,0,0,0,"",0,0,0,False,False,False,False,False,0,False,False,,0,False,0,0,0,0,0,0,0,0,""
224,"Moenbryda-Puppe",3,"Moenbryda-Puppen",1,0,1,1,0,"ModelChara#1651",100,10,0,0,0,"Obedient",0,8,262,False,True,False,True,False,0,False,True,"ui/icon/004000/004624.tex",9013,True,0,10,400,32,0,30,1,620,"Poppet"
225,"Circus-Auge",4,"Circus-Augen",1,0,1,2,0,"ModelChara#1769",100,30,0,0,0,"Independent",0,8,30,True,False,False,True,True,0,False,True,"ui/icon/004000/004625.tex",1024,True,0,15,430,28,120,20,1,605,"Monster"
226,"Bulldoggenwelpe",8,"Bulldoggenwelpen",1,0,1,0,0,"ModelChara#1690",100,30,0,0,0,"Independent",0,8,88,True,False,True,False,True,0,False,True,"ui/icon/004000/004626.tex",1063,True,0,10,420,22,360,20,1,632,"Critter"
227,"Liebesengel",4,"Liebesengel",2,0,1,0,0,"ModelChara#1691",100,30,0,0,0,"Obedient",0,8,335,False,True,True,False,False,0,False,True,"ui/icon/004000/004627.tex",10014,True,0,15,450,39,0,20,1,620,"Poppet"
228,"Estinien-Puppe",3,"Estinien-Puppen",1,0,1,1,0,"ModelChara#1693",100,30,0,0,0,"Obedient",0,8,336,False,True,False,True,False,233,True,True,"ui/icon/004000/004628.tex",9026,True,0,10,380,40,0,30,1,631,"Poppet"
229,"Hraesvelgr-Stofftier",4,"Hraesvelgr-Stofftiere",2,0,1,2,0,"ModelChara#1694",100,30,0,0,0,"Obedient",0,8,269,False,True,True,False,False,0,False,True,"ui/icon/004000/004629.tex",9505,True,0,25,500,29,360,20,1,623,"Monster"
230,"Gigi",3,"Gigi",1,0,0,0,1,"ModelChara#1695",100,30,0,0,0,"Obedient",0,8,268,False,True,False,True,False,0,False,True,"ui/icon/004000/004630.tex",10005,True,0,20,445,31,0,30,1,620,"Poppet"
231,"Anima",3,"Anima",1,0,1,1,0,"ModelChara#1697",100,30,0,0,0,"Independent",0,8,338,True,False,True,False,True,0,False,True,"ui/icon/004000/004631.tex",10015,True,0,25,480,11,360,20,1,618,"Poppet"
232,"Aufzieh-Scathach",3,"Aufzieh-Scathach",1,0,1,1,0,"ModelChara#1782",100,30,0,0,0,"Obedient",0,8,339,False,True,False,True,False,0,False,True,"ui/icon/004000/004632.tex",2104,True,0,10,420,38,120,20,2,609,"Monster"
233,"Nidhogg-Stofftier",4,"Nidhogg-Stofftiere",2,0,1,2,0,"ModelChara#1783",100,30,0,0,0,"Obedient",0,8,340,False,True,False,True,False,228,False,True,"ui/icon/004000/004633.tex",9506,True,0,30,450,1,120,20,1,616,"Monster"
234,"Höllenhundwelpe",8,"Höllenhundwelpen",1,0,1,0,0,"ModelChara#1791",100,30,0,0,0,"Independent",0,8,89,True,False,True,False,True,0,False,True,"ui/icon/004000/004634.tex",1064,True,0,15,420,43,0,20,1,620,"Critter"
235,"Aufzieh-Ohl Deeh",4,"Aufzieh-Ohl Deeh",1,0,1,0,0,"ModelChara#1856",100,10,0,0,0,"Obedient",2,8,308,False,True,False,True,True,0,False,True,"ui/icon/004000/004636.tex",7012,True,0,20,450,35,360,30,1,634,"Critter"
236,"portabl[a] Studiomond",4,"portabl[a] Studiomonde",2,0,1,0,0,"ModelChara#1855",100,0,0,0,0,"Stationary",8,8,0,False,False,False,False,False,0,False,True,"ui/icon/004000/004637.tex",11502,True,0,30,500,11,360,20,1,617,"Gadget"
237,"schiffbrüchig[a] Chocobo-Küken",4,"schiffbrüchig[a] Chocobo-Küken",1,0,1,2,0,"ModelChara#1696",100,30,0,0,0,"Independent",0,8,3,True,False,True,False,True,0,False,True,"ui/icon/004000/004638.tex",9,True,0,25,580,4,30,20,1,604,"Critter"
238,"Bartz-Puppe",3,"Bartz-Puppen",1,0,1,1,0,"ModelChara#1692",100,30,0,0,0,"Independent",0,8,279,False,True,False,True,False,0,False,True,"ui/icon/004000/004639.tex",12051,True,0,30,450,5,360,30,2,619,"Poppet"
239,"Rotmagier-Puppe",3,"Rotmagier-Puppen",1,0,1,1,0,"ModelChara#1698",100,30,0,0,0,"Obedient",0,8,223,False,True,False,True,False,0,False,True,"ui/icon/004000/004640.tex",12011,True,0,20,445,18,360,30,1,624,"Poppet"
240,"Feenhundwelpe",8,"Feenhundwelpen",1,0,1,0,0,"ModelChara#1859",100,30,0,0,0,"Independent",0,8,89,True,False,True,False,True,0,False,True,"ui/icon/004000/004635.tex",1065,True,0,20,440,34,0,30,1,620,"Critter"
241,"obskur[a] Otter",4,"obskur[a] Otter",2,0,1,0,0,"ModelChara#1786",100,30,0,0,0,"Independent",0,8,280,True,False,True,False,True,0,False,True,"ui/icon/004000/004641.tex",4003,True,0,20,500,23,120,30,1,631,"Critter"
242,"Fuchswelpe",8,"Fuchswelpen",1,0,1,0,0,"ModelChara#1784",100,10,0,0,0,"Independent",0,8,281,True,False,True,False,True,0,False,True,"ui/icon/004000/004642.tex",3010,True,0,25,500,27,360,30,2,615,"Critter"
243,"Tora-jiro",3,"Tora-jiro",1,0,0,0,1,"ModelChara#1785",100,10,0,0,0,"Independent",0,8,13,True,False,True,False,True,0,False,True,"ui/icon/004000/004643.tex",3011,True,90,20,440,19,120,30,1,608,"Critter"
244,"winzig[a] Tatsunoko",3,"winzig[a] Tatsunoko",1,0,1,0,0,"ModelChara#1787",100,10,0,0,0,"Independent",0,8,282,True,False,True,False,True,0,False,True,"ui/icon/004000/004644.tex",1066,True,0,10,300,49,0,30,1,620,"Critter"
245,"Igelbomber",4,"Igelbomber",2,0,1,0,0,"ModelChara#1790",100,10,0,0,0,"Independent",0,8,284,True,False,True,False,False,0,False,True,"ui/icon/004000/004645.tex",1067,True,90,10,470,12,360,20,1,626,"Monster"
246,"Bom Boko",4,"Bom Bokos",1,0,1,0,0,"ModelChara#1788",100,10,0,0,0,"Independent",0,8,281,True,False,True,False,True,0,False,True,"ui/icon/004000/004646.tex",3012,True,0,20,450,10,0,20,2,620,"Critter"
247,"Straßenspatz",6,"Straßenspatzen",1,0,1,0,0,"ModelChara#1789",100,10,0,0,0,"Independent",3,8,285,True,False,True,False,True,0,False,True,"ui/icon/004000/004647.tex",5007,True,0,10,450,14,30,20,1,607,"Critter"
248,"Lyse-Puppe",3,"Lyse-Puppen",1,0,1,1,0,"ModelChara#1824",100,10,10,0,0,"Obedient",0,8,262,False,True,False,True,False,0,False,True,"ui/icon/004000/004648.tex",9004,True,0,25,500,1,30,20,1,606,"Poppet"
249,"neu[a] Yugiri-Puppe",3,"neu[a] Yugiri-Puppen",1,0,1,1,0,"ModelChara#1825",100,10,0,0,0,"Obedient",0,8,271,False,True,False,True,False,0,False,True,"ui/icon/004000/004649.tex",9021,True,0,30,310,20,120,20,1,631,"Poppet"
250,"Gosetsu-Puppe",3,"Gosetsu-Puppen",1,0,1,1,0,"ModelChara#1826",100,10,0,0,0,"Obedient",0,8,271,False,True,False,True,False,0,False,True,"ui/icon/004000/004650.tex",9027,True,0,15,320,4,30,20,2,604,"Poppet"
251,"Yotsuyu-Puppe",3,"Yotsuyu-Puppen",1,0,1,1,0,"ModelChara#1827",100,10,0,0,0,"Obedient",0,8,287,False,True,False,True,False,0,False,True,"ui/icon/004000/004651.tex",9028,True,0,10,290,35,360,30,1,634,"Poppet"
252,"Aufzieh-Grynewaht",3,"Aufzieh-Grynewahts",1,0,1,0,0,"ModelChara#1828",100,10,10,0,0,"Obedient",0,8,289,False,True,False,True,False,0,False,True,"ui/icon/004000/004652.tex",9035,True,0,30,590,38,30,20,1,604,"Monster"
253,"Aufzieh-Namazuo",4,"Aufzieh-Namazuos",1,0,1,0,0,"ModelChara#1830",100,10,0,0,0,"Independent",0,8,290,False,True,True,False,False,0,False,True,"ui/icon/004000/004653.tex",6002,True,0,25,510,28,120,20,1,605,"Poppet"
254,"Ivon Coeurlfaust-Puppe",3,"Ivon Coeurlfaust-Puppen",1,0,1,1,0,"ModelChara#1831",100,10,0,0,0,"Independent",0,8,291,False,True,True,False,False,0,False,True,"ui/icon/004000/004654.tex",1068,True,0,20,390,42,0,20,1,620,"Monster"
255,"Aufzieh-Chimära",3,"Aufzieh-Chimären",1,0,1,1,0,"ModelChara#1832",100,10,0,0,0,"Obedient",0,8,292,False,True,False,True,False,0,False,True,"ui/icon/004000/004655.tex",10016,True,0,25,510,26,120,20,1,622,"Monster"
256,"Aufzieh-Fleischfresser",4,"Aufzieh-Fleischfresser",2,0,1,0,0,"ModelChara#1833",100,10,0,0,0,"Obedient",0,8,206,False,True,False,True,False,0,False,True,"ui/icon/004000/004656.tex",6001,True,0,25,480,37,0,20,1,620,"Poppet"
257,"A-Rächer[p] der XII. Legion",4,"A-Rächer[p] der XII. Legion",2,0,1,0,0,"ModelChara#1834",100,10,0,0,0,"Obedient",0,8,320,False,True,False,True,False,0,False,True,"ui/icon/004000/004657.tex",11007,True,0,15,360,15,0,20,1,620,"Poppet"
258,"Ghido",3,"Ghidos",1,0,1,0,0,"ModelChara#1895",100,10,0,0,0,"Independent",0,8,293,True,False,True,False,True,259,False,True,"ui/icon/004000/004658.tex",4004,True,0,10,330,43,0,20,1,620,"Critter"
259,"Aufzieh-Exdeath",4,"Aufzieh-Exdeaths",1,0,1,0,0,"ModelChara#1896",100,10,0,0,0,"Obedient",0,8,294,False,True,False,True,False,258,False,True,"ui/icon/004000/004659.tex",2007,True,0,25,440,41,0,20,1,620,"Monster"
260,"Khloe-Puppe",3,"Khloe-Puppen",1,0,1,1,0,"ModelChara#1897",100,10,0,0,0,"Obedient",0,8,295,False,True,False,True,False,0,False,True,"ui/icon/004000/004660.tex",9031,True,0,15,520,25,360,20,1,625,"Poppet"
261,"Susano-Puppe",3,"Susano-Puppen",1,0,1,1,0,"ModelChara#1898",100,10,0,0,0,"Obedient",0,8,83,False,True,False,True,False,0,False,True,"ui/icon/004000/004661.tex",8010,True,0,20,400,38,30,20,1,640,"Monster"
262,"Lakshmi-Puppe",3,"Lakshmi-Puppen",1,0,1,1,0,"ModelChara#1899",100,10,0,0,0,"Obedient",0,8,83,False,True,False,True,False,0,False,True,"ui/icon/004000/004662.tex",8011,True,0,10,320,27,360,30,1,615,"Monster"
263,"Aufzieh-Bismarck",4,"Aufzieh-Bismarcks",1,0,1,0,0,"ModelChara#1968",100,10,0,0,0,"Obedient",0,8,83,False,True,False,True,False,0,False,True,"ui/icon/004000/004663.tex",8008,True,0,15,550,34,0,30,1,620,"Monster"
264,"Hien-Puppe",3,"Hien-Puppen",1,0,1,1,0,"ModelChara#1978",100,10,0,0,0,"Obedient",0,8,271,False,True,False,True,False,0,False,True,"ui/icon/004000/004664.tex",9029,True,0,25,520,11,360,30,2,617,"Poppet"
265,"Mini-Ravana",3,"Mini-Ravana",1,0,1,0,0,"ModelChara#1979",100,10,0,0,0,"Obedient",0,8,83,False,True,False,True,False,0,False,True,"ui/icon/004000/004665.tex",8009,True,0,25,550,38,120,30,2,605,"Monster"
266,"Kojin-Puppe",3,"Kojin-Puppen",1,0,1,1,0,"ModelChara#1980",100,10,0,0,0,"Obedient",0,8,209,False,True,False,True,False,0,False,True,"ui/icon/004000/004666.tex",7013,True,0,15,430,27,360,30,1,615,"Poppet"
267,"Mameshiba",3,"Mameshiba",1,0,0,0,1,"ModelChara#1981",100,10,0,0,0,"Independent",0,8,341,True,False,True,False,True,0,False,True,"ui/icon/004000/004667.tex",3013,True,0,20,500,4,30,20,1,601,"Critter"
268,"Tengu-Puppe",3,"Tengu-Puppen",1,0,1,1,0,"ModelChara#1982",100,10,0,0,0,"Independent",0,8,342,True,False,True,False,True,0,False,True,"ui/icon/004000/004668.tex",10017,True,0,15,400,19,120,30,1,616,"Critter"
269,"Matanga-Puppe",3,"Matanga-Puppen",1,0,1,1,0,"ModelChara#1983",100,10,0,0,0,"Independent",0,8,343,True,False,True,False,True,0,False,True,"ui/icon/004000/004669.tex",1069,True,0,25,600,1,30,20,1,606,"Monster"
270,"Ramza-Puppe",3,"Ramza-Puppen",1,0,1,1,0,"ModelChara#2046",100,10,0,0,0,"Obedient",0,8,345,False,True,False,True,False,0,False,True,"ui/icon/004000/004670.tex",12501,True,0,30,620,21,0,30,2,620,"Poppet"
271,"Koala-Bärchen",4,"Koala-Bärchen",1,0,1,2,0,"ModelChara#2066",100,10,0,0,0,"Independent",9,8,346,True,False,True,False,True,0,False,True,"ui/icon/004000/004671.tex",3014,True,0,25,600,29,360,20,1,623,"Critter"
272,"Gomashio-Seehund",4,"Gomashio-Seehunde",2,0,1,0,0,"ModelChara#2067",100,10,0,0,0,"Independent",0,8,347,True,False,True,False,True,0,False,True,"ui/icon/004000/004672.tex",4005,True,0,20,480,26,30,30,1,621,"Critter"
273,"Axolotl-Molch",4,"Axolotl-Molche",2,0,1,0,0,"ModelChara#2068",100,10,0,0,0,"Independent",0,8,348,True,False,True,False,True,0,False,True,"ui/icon/004000/004673.tex",4006,True,0,10,300,42,0,30,1,620,"Critter"
274,"Ixion-Puppe",3,"Ixion-Puppen",1,0,1,1,0,"ModelChara#2069",100,10,0,0,0,"Obedient",0,8,349,False,True,False,True,False,0,False,True,"ui/icon/004000/004674.tex",1070,True,0,30,560,20,360,40,1,637,"Monster"
275,"Mini-Shinryu",3,"Mini-Shinryu",1,0,1,0,0,"ModelChara#2124",100,10,0,0,0,"Obedient",10,8,350,False,True,False,False,False,305,False,True,"ui/icon/004000/004675.tex",8012,True,0,30,480,45,0,60,2,620,"Monster"
276,"neu[a] Raubahn-Puppe",3,"neu[a] Raubahn-Puppen",1,0,1,1,0,"ModelChara#2120",100,10,0,0,0,"Obedient",0,8,224,False,True,False,True,False,0,False,True,"ui/icon/004000/004676.tex",9018,True,0,20,400,38,30,20,2,604,"Poppet"
277,"Aufzieh-Ananta",3,"Aufzieh-Ananta",1,0,1,1,0,"ModelChara#2232",100,10,0,0,0,"Obedient",0,8,351,False,True,True,False,False,0,False,True,"ui/icon/004000/004677.tex",7014,True,0,20,450,27,360,60,1,615,"Poppet"
278,"Moai-Statuette",3,"Moai-Statuetten",1,0,1,1,0,"ModelChara#2140",100,10,0,0,0,"Obedient",0,8,352,False,True,False,True,True,0,False,True,"ui/icon/004000/004678.tex",11510,True,0,20,450,12,360,20,1,626,"Gadget"
279,"Schneewiesel",4,"Schneewiesel",2,0,1,2,0,"ModelChara#2141",100,10,0,0,0,"Independent",1,8,353,True,False,False,True,False,0,False,True,"ui/icon/004000/004679.tex",3015,True,0,15,440,1,120,20,1,605,"Critter"
280,"Joker-Ei",4,"Joker-Eier",2,0,1,2,0,"ModelChara#2142",100,10,0,0,0,"Obedient",0,8,354,False,True,False,True,False,0,False,True,"ui/icon/004000/004680.tex",10018,True,0,10,350,29,360,20,2,623,"Poppet"
281,"Kefka-Puppe",3,"Kefka-Puppen",1,0,1,1,0,"ModelChara#2143",100,10,0,0,0,"Obedient",0,8,355,False,True,False,True,False,0,False,True,"ui/icon/004000/004681.tex",2008,True,0,30,600,43,0,20,2,620,"Monster"
282,"Magnai-Puppe",3,"Magnai-Puppen",1,0,1,1,0,"ModelChara#2144",100,0,10,0,0,"Obedient",11,8,356,False,True,False,True,False,294,False,True,"ui/icon/004000/004682.tex",9033,True,0,30,650,31,0,50,2,620,"Poppet"
283,"Aurelia-Polyp",6,"Aurelia-Polypen",1,0,1,0,0,"ModelChara#2155",100,10,0,0,0,"Independent",0,8,357,True,False,False,True,False,0,False,True,"ui/icon/004000/004683.tex",4007,True,0,15,510,20,120,20,1,633,"Critter"
284,"Byakko-Jungtier",4,"Byakko-Jungtiere",2,0,1,2,0,"ModelChara#2156",100,5,10,0,0,"Independent",0,8,367,False,True,True,False,False,0,False,True,"ui/icon/004000/004684.tex",8201,True,0,20,500,38,120,20,2,609,"Monster"
285,"Mini-Fafnir",3,"Mini-Fafnir",1,0,1,0,0,"ModelChara#2157",100,10,0,0,0,"Obedient",0,8,358,False,True,False,True,False,0,False,True,"ui/icon/004000/004685.tex",1071,True,0,10,300,38,30,20,1,606,"Monster"
286,"Mithra-Puppe",3,"Mithra-Puppen",1,0,1,1,0,"ModelChara#2168",100,10,0,0,0,"Obedient",0,8,358,False,True,True,False,False,0,False,True,"ui/icon/004000/004686.tex",10019,True,0,20,480,11,360,30,2,617,"Poppet"
287,"Prinz[p] von Anemos",6,"Prinzen[p] von Anemos",1,0,1,0,0,"ModelChara#2169",100,10,0,0,0,"Independent",0,8,358,True,False,True,False,False,0,False,True,"ui/icon/004000/004687.tex",1072,True,0,10,430,4,30,20,1,601,"Monster"
288,"Komainu",3,"Komainu",1,0,1,0,0,"ModelChara#2170",100,5,5,0,0,"Obedient",0,8,359,False,True,False,True,True,288,False,True,"ui/icon/004000/004688.tex",3016,True,0,20,460,37,0,20,1,620,"Poppet"
289,"Goldbartel",3,"Goldbartel",1,0,0,0,1,"ModelChara#2221",100,10,0,0,0,"Independent",0,8,290,False,True,True,False,False,0,False,True,"ui/icon/004000/004689.tex",6002,True,0,30,560,25,360,20,1,625,"Poppet"
290,"Affenkönig",4,"Affenkönige",2,0,1,0,0,"ModelChara#2238",100,10,0,0,0,"Independent",0,8,360,False,False,True,False,True,0,False,True,"ui/icon/004000/004701.tex",1074,True,0,30,620,1,30,20,1,604,"Monster"
291,"Uhrwerk-Laterne",3,"Uhrwerk-Laternen",1,0,1,1,0,"ModelChara#2239",100,10,0,0,0,"Obedient",0,8,0,False,False,False,False,False,0,False,True,"ui/icon/004000/004700.tex",11511,True,0,25,650,35,360,30,2,634,"Gadget"
292,"Kragenechse",3,"Kragenechsen",1,0,1,1,0,"ModelChara#2240",100,10,0,0,0,"Independent",0,8,362,True,False,True,False,True,0,False,True,"ui/icon/004000/004695.tex",3017,True,0,10,400,18,360,30,1,624,"Critter"
293,"Cirina-Puppe",3,"Cirina-Puppen",1,0,1,1,0,"ModelChara#2241",100,10,0,0,0,"Obedient",0,8,363,False,True,False,True,False,0,False,True,"ui/icon/004000/004697.tex",9032,True,0,10,410,43,0,20,1,620,"Poppet"
294,"Sadu-Puppe",3,"Sadu-Puppen",1,0,1,1,0,"ModelChara#2242",100,10,0,0,0,"Obedient",0,8,364,False,True,False,True,False,282,False,True,"ui/icon/004000/004696.tex",9034,True,0,30,500,5,360,30,2,600,"Poppet"
295,"Cassie-Knolle",3,"Cassie-Knolle",1,0,1,1,0,"ModelChara#2243",100,10,0,0,0,"Independent",0,8,358,True,False,True,False,False,0,False,True,"ui/icon/004000/004690.tex",1073,True,0,15,450,19,30,30,1,621,"Monster"
296,"Tarutaru-Puppe",3,"Tarutaru-Puppen",1,0,1,1,0,"ModelChara#2244",100,10,0,0,0,"Obedient",0,8,358,False,True,False,True,False,0,False,True,"ui/icon/004000/004691.tex",10020,True,0,15,370,25,360,20,1,625,"Poppet"
297,"Tsukuyomi-Puppe",3,"Tsukuyomi-Puppen",1,0,1,1,0,"ModelChara#2245",100,10,0,0,0,"Obedient",0,8,83,False,True,False,True,False,0,False,True,"ui/icon/004000/004699.tex",8013,True,0,20,430,1,120,20,2,616,"Monster"
298,"Zhloe-Puppe",3,"Zhloe-Puppe",1,0,1,1,0,"ModelChara#2246",100,10,0,0,0,"Obedient",0,8,295,False,True,False,True,False,0,False,True,"ui/icon/004000/004698.tex",9030,True,0,10,410,27,360,30,1,615,"Poppet"
299,"Automat[p] Nr. 8",6,"Automaten[p] Nr. 8",1,0,1,0,0,"ModelChara#2247",100,10,0,0,0,"Obedient",0,8,365,False,True,False,True,False,0,False,True,"ui/icon/004000/004702.tex",2105,True,0,25,580,2,30,20,2,603,"Monster"
300,"Felyne",3,"Felynen",1,0,1,1,0,"ModelChara#2284",70,15,15,0,0,"Independent",0,8,366,True,False,True,False,True,0,False,True,"ui/icon/004000/004692.tex",13020,False,0,15,480,11,360,20,1,617,"Critter"
301,"Poogie",3,"Poogies",1,0,1,2,0,"ModelChara#2285",80,10,0,0,0,"Independent",0,8,366,True,False,True,False,True,0,False,True,"ui/icon/004000/004693.tex",13021,False,0,10,400,37,0,20,2,620,"Critter"
302,"Festival-Namazuo",4,"Festival-Namazuo",1,0,1,0,0,"ModelChara#2310",100,10,0,0,0,"Independent",0,8,290,False,True,True,False,False,0,False,True,"ui/icon/004000/004694.tex",6002,True,0,20,430,12,360,20,1,626,"Poppet"
303,"Feuerpfau",4,"Feuerpfaue",2,0,1,0,0,"ModelChara#2327",100,10,0,0,0,"Independent",2,8,367,False,True,True,False,False,0,False,True,"ui/icon/004000/004703.tex",8202,True,0,20,450,4,120,60,1,610,"Monster"
304,"Alpha-Puppe",3,"Alpha-Puppen",1,0,1,1,0,"ModelChara#2324",100,10,0,0,0,"Independent",0,8,3,False,True,True,False,False,0,False,True,"ui/icon/004000/004704.tex",9507,True,0,25,440,40,0,30,1,631,"Critter"
305,"Mini-Omega",3,"Mini-Omegas",1,0,1,1,0,"ModelChara#2328",100,10,0,0,0,"Independent",0,8,368,False,False,False,True,False,275,False,True,"ui/icon/004000/004705.tex",2009,True,0,30,540,6,30,60,1,603,"Monster"
306,"G'raha-Tia-Puppe",3,"G'raha-Tia-Puppen",1,0,1,1,0,"ModelChara#2329",100,10,0,0,0,"Obedient",0,8,369,False,True,False,True,False,0,False,True,"ui/icon/004000/004706.tex",9038,True,0,20,520,46,0,20,1,620,"Poppet"
307,"mürrisch[a] Geistlein",4,"mürrisch[a] Geistlein",1,0,1,2,0,"ModelChara#2325",100,10,0,0,0,"Independent",0,8,370,False,True,False,True,False,0,False,True,"ui/icon/004000/004707.tex",10021,True,0,10,410,28,120,20,2,605,"Monster"
308,"munter[a] Geistlein",4,"munter[a] Geistlein",1,0,1,2,0,"ModelChara#2326",100,10,0,0,0,"Independent",0,8,370,False,True,False,True,False,0,False,True,"ui/icon/004000/004708.tex",10022,True,0,25,600,21,0,20,2,620,"Monster"
309,"Cloud-Puppe",3,"Cloud-Puppen",1,0,1,1,0,"ModelChara#2330",100,10,0,0,0,"Obedient",0,8,371,False,True,False,True,False,0,False,True,"ui/icon/004000/004709.tex",12071,True,0,30,490,1,30,60,1,604,"Poppet"
310,"Aerith-Puppe",3,"Aerith-Puppen",1,0,1,1,0,"ModelChara#2331",100,10,0,0,0,"Obedient",0,8,371,False,True,True,False,False,0,False,True,"ui/icon/004000/004710.tex",12072,True,0,15,430,22,360,20,1,632,"Poppet"
311,"Tifa-Puppe",3,"Tifa-Puppen",1,0,1,1,0,"ModelChara#2332",100,10,0,0,0,"Obedient",0,8,371,False,True,False,True,False,0,False,True,"ui/icon/004000/004711.tex",12073,True,0,20,440,38,30,40,1,604,"Poppet"
312,"Schlammprinz",6,"Schlammprinzen",1,0,1,0,0,"ModelChara#2341",100,10,0,0,0,"Independent",0,8,372,True,False,True,False,True,0,False,True,"ui/icon/004000/004712.tex",1075,True,0,15,380,6,360,30,1,600,"Monster"
313,"Brautjungfer-Mogry",4,"Brautjungfer-Mogrys",1,0,1,0,0,"ModelChara#2344",100,10,0,0,0,"Obedient",4,8,233,False,True,True,False,False,0,False,True,"ui/icon/004000/004713.tex",14,True,0,10,420,11,360,20,1,617,"Poppet"
314,"Elvaan-Marionette",3,"Elvaan-Marionetten",1,0,1,1,0,"ModelChara#2343",90,10,0,0,0,"Obedient",0,8,358,False,True,True,False,False,0,False,True,"ui/icon/004000/004714.tex",10020,True,0,20,470,10,0,20,1,620,"Poppet"
315,"Dhalmel-Kalb",4,"Dhalmel-Kälber",2,0,1,2,0,"ModelChara#1388",100,10,0,0,0,"Independent",0,8,358,True,False,True,False,True,0,False,True,"ui/icon/004000/004715.tex",1073,True,0,10,400,26,120,20,1,622,"Critter"
316,"Capybara-Jungtier",4,"Capybara-Jungtiere",2,0,1,2,0,"ModelChara#2342",100,10,0,0,0,"Independent",0,8,373,True,False,False,True,True,0,False,True,"ui/icon/004000/004716.tex",3018,True,0,15,500,31,0,30,2,620,"Critter"
317,"Baby-Gremlin",4,"Baby-Gremlins",1,0,1,0,0,"ModelChara#2411",71,10,0,0,0,"Independent",0,8,374,True,False,False,True,True,0,False,True,"ui/icon/004000/004717.tex",1076,True,0,15,440,13,30,20,1,604,"Critter"
318,"tugendhaft[a] Begleiter",4,"tugendhaft[a] Begleiter",2,0,1,0,0,"ModelChara#2418",100,10,0,0,0,"Independent",0,8,358,True,False,False,True,True,0,False,True,"ui/icon/004000/004718.tex",1073,True,0,30,490,15,0,40,1,620,"Monster"
319,"Schnee-Korpokkur",4,"Schnee-Korpokkur",2,0,1,0,0,"ModelChara#2417",100,10,0,0,0,"Independent",0,8,376,True,False,True,False,False,0,False,True,"ui/icon/004000/004719.tex",1077,True,0,10,400,6,360,40,1,600,"Critter"
320,"neu[a] Tataru-Puppe",3,"neu[a] Tataru-Puppen",1,0,1,1,0,"ModelChara#2413",100,10,0,0,0,"Obedient",0,8,262,False,True,True,False,False,0,False,True,"ui/icon/004000/004720.tex",9010,True,0,10,440,43,0,20,1,620,"Poppet"
321,"Panzerwaffen-Miniatur",3,"Panzerwaffen-Miniaturen",1,0,1,1,0,"ModelChara#2416",100,10,0,0,0,"Obedient",0,8,378,False,True,False,True,False,0,False,True,"ui/icon/004000/004721.tex",11007,True,0,20,500,35,360,30,1,634,"Monster"
322,"Aufzieh-Qalyana",3,"Aufzieh-Qalyanas",1,0,1,1,0,"ModelChara#2139",100,10,0,0,0,"Obedient",0,8,351,False,True,True,False,False,0,False,True,"ui/icon/004000/004722.tex",7014,True,0,20,450,38,120,30,1,605,"Poppet"
323,"Rotpanzer-Puppe",3,"Rotpanzer-Puppen",1,0,1,1,0,"ModelChara#2543",100,10,0,0,0,"Obedient",0,8,209,False,True,False,True,False,0,False,True,"ui/icon/004000/004723.tex",7013,True,0,15,430,4,30,40,1,604,"Poppet"
324,"Mini-Magitek-Transporter",4,"Mini-Magitek-Transporter",2,0,1,0,0,"ModelChara#2415",100,10,0,0,0,"Obedient",0,8,379,False,True,False,True,False,0,False,True,"ui/icon/004000/004724.tex",11007,True,0,25,550,19,30,40,1,621,"Poppet"
325,"Fran-Puppe",3,"Fran-Puppen",1,0,1,1,0,"ModelChara#2412",100,10,0,0,0,"Obedient",0,8,380,False,True,True,False,False,0,False,True,"ui/icon/004000/004725.tex",9036,True,0,25,470,34,0,30,1,620,"Poppet"
326,"Nu-Mou-Stofftier",4,"Nu-Mou-Stofftiere",2,0,1,2,0,"ModelChara#2441",100,10,0,0,0,"Obedient",0,8,381,False,True,True,False,False,0,False,True,"ui/icon/004000/004726.tex",7015,True,0,15,380,25,360,20,1,625,"Poppet"
327,"Seitei",3,"Seitei",1,0,0,0,1,"ModelChara#2414",100,10,0,0,0,"Independent",0,8,367,False,True,True,False,False,0,False,True,"ui/icon/004000/004727.tex",8203,True,0,20,400,1,120,20,1,605,"Monster"
328,"Zabuton-Sitzkissen",4,"Zabuton-Sitzkissen",1,0,1,2,0,"ModelChara#2443",100,30,0,0,0,"Stationary",12,8,0,False,False,False,False,False,0,False,True,"ui/icon/004000/004728.tex",11503,True,80,10,390,40,0,30,1,631,"Gadget"
329,"Aloha-Otter",4,"Aloha-Otter",2,0,1,0,0,"ModelChara#2444",100,10,0,0,0,"Independent",0,8,280,True,False,True,False,True,0,False,True,"ui/icon/004000/004729.tex",4003,True,0,10,370,42,0,30,2,620,"Critter"
330,"Igel",4,"Igel",2,0,1,0,0,"ModelChara#2442",100,10,0,0,0,"Independent",0,8,382,True,False,True,False,True,0,False,True,"ui/icon/004000/004730.tex",3019,True,0,20,480,29,360,20,1,623,"Critter"
331,"Splitterwelt-Y'shtola",3,"Splitterwelt-Y'shtola",1,0,0,1,1,"ModelChara#2485",100,10,0,0,0,"Obedient",0,8,262,False,True,True,False,False,0,False,True,"ui/icon/004000/004731.tex",9001,True,0,15,400,1,360,60,1,600,"Poppet"
332,"Ryne-Puppe",3,"Ryne-Puppen",1,0,1,1,0,"ModelChara#2486",100,10,0,0,0,"Obedient",0,8,262,False,True,True,False,False,0,False,True,"ui/icon/004000/004732.tex",9039,True,0,20,430,42,0,20,1,620,"Poppet"
333,"schwarz[a] Shiba-Welpe",8,"schwarz[a] Shiba-Welpen",1,0,1,0,0,"ModelChara#2483",100,10,0,0,0,"Independent",0,8,341,True,False,True,False,True,0,False,True,"ui/icon/004000/004733.tex",3013,True,0,20,500,9,0,20,1,620,"Critter"
334,"Zwergchamäleon",4,"Zwergchamäleons",1,0,1,2,0,"ModelChara#2484",100,10,0,0,0,"Independent",0,8,383,True,False,False,True,True,0,False,True,"ui/icon/004000/004734.tex",3020,True,0,10,410,32,0,30,1,620,"Critter"
335,"Fuath-Puppe",3,"Fuath-Puppen",1,0,1,1,0,"ModelChara#2490",100,10,0,0,0,"Obedient",0,8,384,False,True,True,False,False,0,False,True,"ui/icon/004000/004735.tex",6003,True,0,15,390,36,360,30,1,634,"Poppet"
336,"artistisch[a] Gürteltier",4,"artistisch[a] Gürteltiere",2,0,1,2,0,"ModelChara#2492",100,10,0,0,0,"Independent",0,8,385,True,False,False,True,True,0,False,True,"ui/icon/004000/004736.tex",1078,True,0,10,350,21,0,20,1,620,"Critter"
337,"Klein[a] Schlange[p] von Ronka",3,"Klein[a] Schlangen[p] von Ronka",1,0,1,1,0,"ModelChara#2493",100,10,0,0,0,"Independent",0,8,386,True,False,True,False,True,0,False,True,"ui/icon/004000/004737.tex",3021,True,0,15,460,17,0,30,1,620,"Critter"
338,"Mini-Riesenkaktor",4,"Mini-Riesenkaktoren",1,0,1,0,0,"ModelChara#2491",100,10,0,0,0,"Independent",0,8,27,True,False,False,True,False,0,False,True,"ui/icon/004000/004738.tex",1079,True,0,25,565,31,0,40,1,620,"Monster"
339,"Clionidenlarve",3,"Clionidenlarven",1,0,1,1,0,"ModelChara#2494",100,10,0,0,0,"Independent",0,8,388,True,False,True,False,True,0,False,True,"ui/icon/004000/004739.tex",1080,True,0,15,420,33,0,20,1,620,"Monster"
340,"Baby-Schnabeltier",4,"Baby-Schnabeltiere",2,0,1,2,0,"ModelChara#2495",100,10,0,0,0,"Independent",0,8,389,True,False,True,False,True,0,False,True,"ui/icon/004000/004740.tex",4008,True,0,25,540,20,30,60,1,604,"Critter"
341,"Mini-Eden",3,"Mini-Eden",1,0,0,2,1,"ModelChara#2566",100,10,0,0,0,"Obedient",0,8,390,False,True,False,True,False,0,False,True,"ui/icon/004000/004741.tex",2010,True,0,30,450,1,30,60,1,603,"Monster"
342,"Riesenbiber",4,"Riesenbiber",2,0,1,0,0,"ModelChara#2564",100,10,5,0,0,"Independent",0,8,391,True,False,True,False,True,0,False,True,"ui/icon/004000/004742.tex",6004,True,0,20,460,39,0,20,1,620,"Critter"
343,"Aufzieh-Suzaku",3,"Aufzieh-Suzakus",1,0,1,1,0,"ModelChara#2565",100,10,0,0,0,"Obedient",4,8,387,False,True,True,False,False,0,False,True,"ui/icon/004000/004743.tex",8202,True,0,20,480,1,120,30,1,608,"Monster"
344,"männlich[a] Omega-Puppe",3,"männlich[a] Omega-Puppen",1,0,1,1,0,"ModelChara#2567",100,10,0,0,0,"Obedient",0,8,368,False,True,False,True,False,345,False,True,"ui/icon/004000/004744.tex",2009,True,0,15,440,51,360,20,1,618,"Monster"
345,"weiblich[a] Omega-Puppe",3,"weiblich[a] Omega-Puppen",1,0,1,1,0,"ModelChara#2568",100,10,0,0,0,"Obedient",0,8,368,False,True,False,True,False,344,False,True,"ui/icon/004000/004745.tex",2009,True,0,25,400,50,360,20,1,617,"Monster"
346,"Glöckchen",3,"Glöckchen",1,0,0,1,1,"ModelChara#1829",100,10,0,0,0,"Obedient",0,8,392,False,True,False,True,False,0,False,True,"ui/icon/004000/004746.tex",11512,True,0,15,400,4,120,30,1,608,"Gadget"
347,"klein[a] Echevore",8,"klein[a] Echevoren",1,0,1,0,0,"ModelChara#2602",100,10,0,0,0,"Independent",0,8,393,True,False,True,False,True,0,False,True,"ui/icon/004000/004747.tex",1081,True,0,15,380,44,0,30,1,620,"Monster"
348,"Tauchboot[p] der Haiklasse",4,"Tauchboote[p] der Haiklasse",2,0,1,2,0,"ModelChara#2603",100,10,0,0,0,"Obedient",0,8,394,False,True,False,True,False,0,False,True,"ui/icon/004000/004748.tex",11007,True,0,15,415,8,30,20,1,621,"Gadget"
349,"Schuhschnäbelchen",4,"Schuhschnäbelchen",1,0,1,2,0,"ModelChara#2604",100,3,0,0,0,"Obedient",13,8,395,True,False,False,True,True,0,False,True,"ui/icon/004000/004749.tex",5008,True,0,10,430,13,120,20,1,622,"Critter"
350,"Schmetterlingspaar",2,"Schmetterlingspaare",2,0,1,2,0,"ModelChara#2605",100,10,0,0,0,"Obedient",0,8,396,False,False,False,True,False,0,False,True,"ui/icon/004000/004750.tex",3022,True,0,10,400,25,360,20,1,625,"Critter"
351,"Eisenfrosch",4,"Eisenfrösche",2,0,1,0,0,"ModelChara#2606",100,10,0,0,0,"Obedient",0,8,397,False,True,False,True,False,0,False,True,"ui/icon/004000/004751.tex",11008,True,0,20,435,31,0,30,1,620,"Gadget"
352,"Mini-Sündenbereuer",4,"Mini-Sündenbereuer",2,0,1,0,0,"ModelChara#2607",100,10,0,0,0,"Independent",0,8,398,True,False,False,True,False,0,False,True,"ui/icon/004000/004752.tex",1082,True,0,20,510,38,120,30,1,609,"Monster"
353,"Mini-Quiexie",3,"Mini-Quiexies",1,0,1,1,0,"ModelChara#2741",100,10,0,0,0,"Independent",2,8,399,True,False,True,False,True,0,False,True,"ui/icon/004000/004753.tex",1083,True,0,30,510,30,360,20,1,623,"Monster"
354,"Pixie-Puppe",3,"Pixie-Puppen",1,0,1,1,0,"ModelChara#2742",100,10,0,0,0,"Obedient",0,8,400,False,True,False,True,False,0,False,True,"ui/icon/004000/004754.tex",7016,True,80,20,510,27,360,30,1,615,"Poppet"
355,"mystisch[a] Waffe",3,"mystisch[a] Waffen",1,0,1,1,0,"ModelChara#2756",100,10,0,0,0,"Independent",0,8,401,True,False,True,False,True,0,False,True,"ui/icon/004000/004755.tex",1084,True,90,20,390,1,30,20,1,604,"Monster"
356,"Erdmännchen",4,"Erdmännchen",1,0,1,2,0,"ModelChara#2755",100,10,0,0,0,"Independent",1,8,402,True,False,True,False,True,0,False,True,"ui/icon/004000/004756.tex",3023,True,0,15,400,29,360,20,2,623,"Critter"
357,"weiß[a] Miniaturritter",4,"weiß[a] Miniaturritter",2,0,1,0,0,"ModelChara#2773",100,10,0,0,0,"Obedient",0,8,403,False,True,False,True,False,0,False,True,"ui/icon/004000/004757.tex",1085,True,0,10,420,10,0,20,2,620,"Poppet"
358,"Mini-Brutalus",3,"Mini-Brutalus",1,0,0,0,1,"ModelChara#2774",100,10,0,0,0,"Obedient",0,8,404,False,True,False,True,False,0,False,True,"ui/icon/004000/004758.tex",2005,True,0,30,500,41,0,20,2,620,"Poppet"
359,"Domakin",3,"Domakin",1,0,1,0,0,"ModelChara#2775",100,10,0,0,0,"Independent",5,8,405,True,False,True,False,True,0,False,True,"ui/icon/004000/004759.tex",4009,True,0,20,510,38,120,30,1,609,"Critter"
360,"neu[a] Estinien-Puppe",3,"neu[a] Estinien-Puppen",1,0,1,1,0,"ModelChara#2801",100,30,0,0,0,"Obedient",0,8,336,False,True,False,True,False,0,False,True,"ui/icon/004000/004760.tex",9026,True,0,20,420,8,30,20,2,621,"Poppet"
361,"klein[a] Leanan",3,"klein[a] Leanan",1,0,1,1,0,"ModelChara#2800",100,10,0,0,0,"Independent",0,8,406,True,False,True,False,True,0,False,True,"ui/icon/004000/004761.tex",1086,True,0,15,460,32,0,30,2,620,"Monster"
362,"Hobgoblin-Puppe",3,"Hobgoblin-Puppen",1,0,1,1,0,"ModelChara#2802",100,10,0,0,0,"Obedient",0,8,207,False,True,False,True,False,0,False,True,"ui/icon/004000/004762.tex",7001,True,0,20,510,35,360,30,1,634,"Poppet"
363,"Cerberus-Welpe",8,"Cerberus-Welpen",1,0,1,0,0,"ModelChara#2803",100,10,0,0,0,"Independent",0,8,407,True,False,True,False,False,0,False,True,"ui/icon/004000/004763.tex",2106,True,0,25,540,26,120,20,1,622,"Monster"
364,"Pod[p] 054",4,"Pods[p] 054",1,0,1,0,0,"ModelChara#2818",100,0,10,0,0,"Obedient",0,8,408,False,True,True,False,False,0,False,True,"ui/icon/004000/004764.tex",13022,False,0,10,280,25,360,20,2,625,"Gadget"
365,"Pod[p] 316",4,"Pods[p] 316",1,0,1,0,0,"ModelChara#2819",100,0,10,0,0,"Obedient",0,8,408,False,True,True,False,False,0,False,True,"ui/icon/004000/004765.tex",13022,False,0,15,520,18,360,30,2,624,"Gadget"
366,"Gold-Talos",3,"Gold-Taloi",1,0,1,0,0,"ModelChara#2855",100,10,0,0,0,"Obedient",0,8,409,False,True,True,False,False,0,False,True,"ui/icon/004000/004766.tex",1087,True,0,25,550,32,0,40,1,620,"Monster"
367,"Malone",8,"Malonen",1,0,1,0,0,"ModelChara#2856",100,10,0,0,0,"Independent",0,8,410,True,False,True,False,True,0,False,True,"ui/icon/004000/004767.tex",1088,True,0,10,300,18,360,30,1,624,"Critter"
368,"Grasgrummelchen",4,"Grasgrummelchen",1,0,1,2,0,"ModelChara#2857",100,10,0,0,0,"Obedient",0,8,411,False,True,True,False,False,0,False,True,"ui/icon/004000/004768.tex",10023,True,0,30,700,11,360,20,1,617,"Gadget"
369,"Wasserschlange[p] des Hopl",3,"Wasserschlangen[p] des Hopl",1,0,1,1,0,"ModelChara#2890",100,10,0,0,0,"Independent",0,8,386,True,False,True,False,True,0,False,True,"ui/icon/004000/004769.tex",3021,True,0,15,470,31,0,50,1,620,"Critter"
370,"Wasserschlange[p] der Qitari",3,"Wasserschlangen[p] der Qitari",1,0,1,1,0,"ModelChara#2891",100,10,0,0,0,"Independent",0,8,386,True,False,True,False,True,0,False,True,"ui/icon/004000/004770.tex",3021,True,0,20,430,1,120,20,1,605,"Critter"
371,"Langschwanzmeise",3,"Langschwanzmeisen",1,0,1,1,0,"ModelChara#2858",100,10,0,0,0,"Independent",3,8,285,True,False,True,False,True,0,False,True,"ui/icon/004000/004771.tex",5009,True,0,10,280,14,30,20,1,607,"Critter"
372,"Paissa-Gourmet ",4,"Paissa-Gourmets ",1,0,1,0,0,"ModelChara#2892",100,5,5,0,0,"Independent",0,8,273,True,False,False,True,True,0,False,True,"ui/icon/004000/004772.tex",1049,True,0,30,330,28,120,20,1,605,"Monster"
373,"Paissa-Weber",4,"Paissa-Weber",2,0,1,0,0,"ModelChara#2893",100,5,5,0,0,"Independent",0,8,273,True,False,False,True,True,0,False,True,"ui/icon/004000/004773.tex",1049,True,0,25,490,29,360,20,2,623,"Monster"
374,"Ascian-Puppe",3,"Ascian-Puppen",1,0,1,1,0,"ModelChara#2894",90,10,0,0,0,"Obedient",0,8,412,False,True,True,False,False,0,False,True,"ui/icon/004000/004774.tex",10023,True,0,20,470,22,360,20,1,632,"Poppet"
375,"Haikrieger",4,"Haikrieger",1,0,1,0,0,"ModelChara#2895",100,10,0,0,0,"Independent",0,8,413,True,False,True,False,True,0,False,True,"ui/icon/004000/004775.tex",4010,True,0,15,450,38,30,20,1,640,"Monster"
376,"Dulia-Chai-Puppe",3,"Dulia-Chai-Puppen ",1,0,1,1,0,"ModelChara#2896",100,10,0,0,0,"Obedient",0,8,414,False,True,True,False,False,0,False,True,"ui/icon/004000/004776.tex",9040,True,0,30,660,20,120,20,2,631,"Poppet"
377,"Amaro-Küken",4,"Amaro-Küken",1,0,1,2,0,"ModelChara#2897",100,10,0,0,0,"Independent",0,8,417,True,False,True,False,True,0,False,True,"ui/icon/004000/004777.tex",10024,False,0,15,430,43,0,20,1,620,"Critter"
378,"Laladil",4,"Laladile",2,0,1,2,0,"ModelChara#2898",100,10,1,0,0,"Independent",0,8,415,True,False,True,False,True,0,False,True,"ui/icon/004000/004778.tex",4011,True,0,20,470,46,0,20,1,620,"Critter"
379,"Unglückshase",8,"Unglückshasen",1,0,1,0,0,"ModelChara#2899",100,10,0,0,0,"Obedient",0,8,416,False,True,True,False,False,0,False,True,"ui/icon/004000/004779.tex",10025,True,0,25,480,17,0,30,1,620,"Poppet"
380,"Holladrio-Zwerg",4,"Holladrio-Zwerge",2,0,1,0,0,"ModelChara#2977",100,10,0,0,0,"Obedient",0,8,418,False,True,False,True,False,0,False,True,"ui/icon/004000/004780.tex",12903,True,0,10,430,19,30,30,1,601,"Poppet"
381,"Mystel-Puppe",3,"Mystel-Puppen",1,0,1,1,0,"ModelChara#2978",100,10,0,0,0,"Obedient",0,8,419,False,True,False,True,False,0,False,True,"ui/icon/004000/004781.tex",9041,True,0,30,620,12,360,20,2,626,"Poppet"
382,"Aufzieh-Ardbert",3,"Aufzieh-Ardberts",1,0,1,0,0,"ModelChara#2979",100,10,0,0,0,"Obedient",0,8,420,False,True,False,True,False,0,False,True,"ui/icon/004000/004782.tex",9042,True,0,20,430,46,0,20,1,620,"Poppet"
383,"A-Magitek-Höllentaucher",3,"A-Magitek-Höllentaucher",1,0,1,0,0,"ModelChara#2980",100,5,5,0,0,"Obedient",0,8,421,False,True,False,True,False,0,False,True,"ui/icon/004000/004783.tex",11021,True,0,25,480,31,0,50,1,620,"Gadget"
384,"Geira-Flauschekatze",3,"Geira-Flauschekatzen",1,0,1,1,0,"ModelChara#2981",100,10,0,0,0,"Independent",0,8,72,True,False,True,False,True,0,False,True,"ui/icon/004000/004784.tex",1045,True,0,15,490,4,120,20,2,605,"Critter"
385,"Phantom-Nekromantin",3,"Phantom-Nekromantinnen",1,0,1,1,0,"ModelChara#2982",100,10,0,0,0,"Obedient",0,8,422,False,True,False,True,False,0,False,True,"ui/icon/004000/004785.tex",1089,True,0,10,380,39,0,20,1,620,"Poppet"
386,"allagisch[a] Melone",3,"allagisch[a] Melonen",1,0,1,1,0,"ModelChara#2983",100,10,0,0,0,"Obedient",0,8,0,False,True,False,True,False,0,False,True,"ui/icon/004000/004786.tex",11513,True,0,30,690,35,360,30,1,634,"Gadget"
387,"Sandfuchs",2,"Sandfüchse",2,0,1,0,0,"ModelChara#2984",100,5,5,0,0,"Independent",0,8,423,True,False,True,False,True,0,False,True,"ui/icon/004000/004787.tex",3024,True,0,15,490,37,0,20,2,620,"Critter"
388,"Pteranoknirps",2,"Pteranoknirpse",2,0,1,0,0,"ModelChara#2985",100,10,0,0,0,"Independent",2,8,424,True,False,True,False,True,0,False,True,"ui/icon/004000/004788.tex",1090,True,0,20,430,17,0,30,1,620,"Monster"
389,"A-Dáinsleif",3,"A-Dáinsleif",1,0,1,0,0,"ModelChara#2986",100,10,0,0,0,"Obedient",0,8,425,False,True,False,True,False,0,False,True,"ui/icon/004000/004789.tex",11022,True,0,25,530,33,0,20,1,620,"Gadget"
390,"Meister Enma[p]",3,"Meister Enmas[p]",1,0,1,0,0,"ModelChara#2987",100,10,0,0,0,"Independent",0,8,324,True,False,True,False,True,0,False,True,"ui/icon/004000/004790.tex",13016,False,0,30,510,1,30,20,1,604,"Monster"
391,"Meister Ananta[p]",3,"Meister Anantas[p]",1,0,1,0,0,"ModelChara#2988",100,10,0,0,0,"Independent",0,8,324,True,False,True,False,True,0,False,True,"ui/icon/004000/004791.tex",13017,False,0,10,280,28,120,20,1,605,"Monster"
392,"Sasel",3,"Sasels",1,0,1,0,0,"ModelChara#2989",100,10,0,0,0,"Independent",0,8,324,True,False,True,False,True,0,False,True,"ui/icon/004000/004792.tex",13018,False,0,20,480,25,360,20,1,625,"Monster"
393,"Dämona",3,"Dämonas",1,0,1,1,0,"ModelChara#2990",100,10,0,0,0,"Independent",0,8,324,True,False,True,False,True,0,False,True,"ui/icon/004000/004793.tex",13019,False,0,15,430,19,30,30,1,611,"Monster"
394,"Aufzieh-2B",3,"Aufzieh-2Bs",1,0,1,1,0,"ModelChara#2991",100,10,0,0,0,"Obedient",0,8,426,False,True,False,True,False,0,False,True,"ui/icon/004000/004794.tex",13023,False,0,25,550,38,30,40,1,604,"Poppet"
395,"Aufzieh-2P",3,"Aufzieh-2Ps",1,0,1,1,0,"ModelChara#2992",100,10,0,0,0,"Obedient",0,8,426,False,True,False,True,False,0,False,True,"ui/icon/004000/004795.tex",13023,False,0,20,380,26,120,20,1,622,"Poppet"
396,"anhänglich[a] Momora Mora",3,"anhänglich[a] Momora Mora",1,0,1,0,0,"ModelChara#3032",100,10,0,0,0,"Independent",5,8,427,True,False,True,False,True,0,False,True,"ui/icon/004000/004796.tex",4012,False,0,25,530,40,0,30,1,631,"Critter"
397,"P-Tauchboot[p] der Klasse „Syldra“",4,"P-Tauchboote[p] der Klasse „Syldra“",2,0,1,2,0,"ModelChara#3033",100,10,0,0,0,"Obedient",0,8,428,False,True,False,True,False,0,False,True,"ui/icon/004000/004797.tex",11007,False,0,30,470,1,30,20,1,604,"Gadget"
398,"Gaia-Puppe",3,"Gaia-Puppen",1,0,1,1,0,"ModelChara#3034",100,10,0,0,0,"Obedient",0,8,429,False,True,False,True,False,0,False,True,"ui/icon/004000/004798.tex",9043,False,0,10,240,32,0,30,1,620,"Poppet"
399,"",0,"",0,0,0,0,0,"ModelChara#0",0,0,0,0,0,"",0,0,0,False,False,False,False,False,0,False,False,,0,False,0,0,0,0,0,0,0,0,""
400,"",0,"",0,0,0,0,0,"ModelChara#0",0,0,0,0,0,"",0,0,0,False,False,False,False,False,0,False,False,,0,False,0,0,0,0,0,0,0,0,""
401,"",0,"",0,0,0,0,0,"ModelChara#0",0,0,0,0,0,"",0,0,0,False,False,False,False,False,0,False,False,,0,False,0,0,0,0,0,0,0,0,""
402,"",0,"",0,0,0,0,0,"ModelChara#0",0,0,0,0,0,"",0,0,0,False,False,False,False,False,0,False,False,,0,False,0,0,0,0,0,0,0,0,""
403,"",0,"",0,0,0,0,0,"ModelChara#0",0,0,0,0,0,"",0,0,0,False,False,False,False,False,0,False,False,,0,False,0,0,0,0,0,0,0,0,""
404,"Prinzessinnenwache",3,"Prinzessinnenwachen",1,0,1,1,0,"ModelChara#3040",100,10,0,0,0,"Obedient",0,8,430,False,True,False,True,False,0,False,True,"ui/icon/004000/004804.tex",2107,False,0,15,400,25,360,20,1,625,"Monster"
405,"Tröpfel",3,"Tröpfel",2,0,1,0,0,"ModelChara#3106",100,10,0,0,0,"Independent",0,8,431,True,False,True,False,True,0,False,True,"ui/icon/004000/004805.tex",1091,False,0,20,380,31,0,30,2,620,"Monster"
406,"Tricero",3,"Tricero",1,0,1,0,0,"ModelChara#3107",100,10,0,0,0,"Independent",0,8,432,True,False,True,False,True,0,False,True,"ui/icon/004000/004806.tex",1092,False,0,30,800,28,120,20,1,605,"Monster"
407,"Goldbiber",4,"Goldbiber",2,0,1,0,0,"ModelChara#3156",100,10,5,0,0,"Independent",0,8,391,True,False,True,False,True,0,False,True,"ui/icon/004000/004807.tex",6004,False,0,25,520,34,0,30,1,620,"Critter"
408,"",0,"",0,0,0,0,0,"ModelChara#0",0,0,0,0,0,"",0,0,0,False,False,False,False,False,0,False,False,,0,False,0,0,0,0,0,0,0,0,""
409,"",0,"",0,0,0,0,0,"ModelChara#0",0,0,0,0,0,"",0,0,0,False,False,False,False,False,0,False,False,,0,False,0,0,0,0,0,0,0,0,""
410,"",0,"",0,0,0,0,0,"ModelChara#0",0,0,0,0,0,"",0,0,0,False,False,False,False,False,0,False,False,,0,False,0,0,0,0,0,0,0,0,""
411,"",0,"",0,0,0,0,0,"ModelChara#0",0,0,0,0,0,"",0,0,0,False,False,False,False,False,0,False,False,,0,False,0,0,0,0,0,0,0,0,""
412,"",0,"",0,0,0,0,0,"ModelChara#0",0,0,0,0,0,"",0,0,0,False,False,False,False,False,0,False,False,,0,False,0,0,0,0,0,0,0,0,""
413,"",0,"",0,0,0,0,0,"ModelChara#0",0,0,0,0,0,"",0,0,0,False,False,False,False,False,0,False,False,,0,False,0,0,0,0,0,0,0,0,""
414,"",0,"",0,0,0,0,0,"ModelChara#0",0,0,0,0,0,"",0,0,0,False,False,False,False,False,0,False,False,,0,False,0,0,0,0,0,0,0,0,""
415,"",0,"",0,0,0,0,0,"ModelChara#0",0,0,0,0,0,"",0,0,0,False,False,False,False,False,0,False,False,,0,False,0,0,0,0,0,0,0,0,""
