key,0,1,2,3,4,5,6,7,8,9,10,11,12,13,14,15,16,17,18,19,20,21,22,23,24,25,26,27,28,29,30,31,32,33,34,35,36,37,38,39
#,Singular,Adjective,Plural,PossessivePronoun,StartsWithVowel,,Pronoun,Article,Model,Scale,InactiveIdle[0],InactiveIdle[1],InactiveBattle,InactiveWandering,Behavior,Special,WanderingWait,Priority,,,,,,Enemy,Battle,Roulette,Icon,Order,IdleAnimation,,Cost,HP,,Skill{Angle},Skill{Cost},,,MinionRace,,
int32,str,sbyte,str,sbyte,sbyte,sbyte,sbyte,sbyte,ModelChara,byte,byte,byte,byte,byte,CompanionMove,byte,byte,byte,byte,uint16,bit&01,bit&02,bit&04,bit&08,bit&10,uint16,Image,bit&40,uint16,uint16,bit&80,byte,byte,uint16,byte,uint16,byte,MinionRace,uint16,byte
0,"",0,"",0,0,1,0,0,"ModelChara#0",100,0,0,0,0,"",0,0,0,8,0,False,False,False,False,False,0,,True,0,0,False,0,10,100,0,0,20,"",0,0
1,"タイニーボム",0,"",0,0,1,0,0,"ModelChara#427",100,30,0,0,0,"Independent",0,0,0,8,1,True,False,True,False,False,0,,True,4403,1001,True,0,10,390,5,360,30,"Critter",600,2
2,"マメット001",0,"",0,0,1,0,0,"ModelChara#419",100,30,0,0,0,"Obedient",0,0,0,8,200,False,True,False,False,False,0,,True,4401,10001,True,0,10,410,37,0,20,"Critter",620,3
3,"チョコチョコボ",0,"",0,0,1,0,0,"ModelChara#423",100,30,0,30,0,"Independent",0,0,0,8,3,True,False,True,False,True,0,,True,4402,1,True,0,15,410,23,30,20,"Critter",601,1
4,"マメット・ケットシー",0,"",0,0,1,0,0,"ModelChara#430",100,30,0,0,0,"Obedient",0,0,0,8,201,False,True,False,False,False,0,,True,4404,10006,True,0,20,400,25,360,20,"Critter",625,3
5,"ベビーモス",0,"",0,0,1,0,0,"ModelChara#428",100,30,0,0,0,"Independent",0,0,0,8,5,True,False,True,False,True,0,,True,4405,1002,True,90,15,430,1,30,20,"Critter",601,2
6,"マメット003L",0,"",0,0,1,0,0,"ModelChara#420",100,30,0,0,0,"Obedient",0,0,0,8,200,False,True,False,False,False,0,,True,4406,10002,True,0,10,365,14,30,20,"Critter",607,3
7,"マメット003G",0,"",0,0,1,0,0,"ModelChara#421",100,30,0,0,0,"Obedient",0,0,0,8,200,False,True,False,False,False,0,,True,4407,10003,True,0,10,280,25,360,20,"Critter",625,3
8,"マメット003U",0,"",0,0,1,0,0,"ModelChara#422",100,30,0,0,0,"Obedient",0,0,0,8,200,False,True,False,False,False,0,,True,4408,10004,True,0,10,420,13,120,20,"Critter",631,3
9,"黒渦のチョコチョコボ",0,"",0,0,1,0,0,"ModelChara#424",100,30,0,30,0,"Independent",0,0,0,8,3,True,False,True,False,True,0,,True,4409,2,True,0,10,315,19,30,30,"Critter",601,1
10,"双蛇のチョコチョコボ",0,"",0,0,1,0,0,"ModelChara#425",100,30,0,30,0,"Independent",0,0,0,8,3,True,False,True,False,True,0,,True,4410,3,True,0,10,350,30,360,20,"Critter",623,1
11,"不滅のチョコチョコボ",0,"",0,0,1,0,0,"ModelChara#426",100,30,0,30,0,"Independent",0,0,0,8,3,True,False,True,False,True,0,,True,4411,4,True,0,10,320,26,120,20,"Critter",622,1
12,"モルボルバルブ",0,"",0,0,1,0,0,"ModelChara#429",100,30,0,0,0,"Independent",0,0,0,8,6,True,False,True,False,False,0,,True,4412,1003,True,0,30,560,20,120,20,"Critter",602,2
13,"タイニースクウィレル",0,"",0,0,1,0,0,"ModelChara#431",100,30,0,0,0,"Independent",0,0,0,8,7,True,False,False,False,True,0,,True,4413,1004,True,0,10,400,14,120,20,"Critter",622,1
14,"ベイビーファンガー",0,"",0,0,1,0,0,"ModelChara#432",100,30,0,0,0,"Independent",0,0,0,8,8,True,False,False,True,False,0,,True,4414,1005,True,0,10,395,4,120,20,"Critter",602,2
15,"チゴーラーヴァ",0,"",0,0,1,0,0,"ModelChara#433",100,30,0,0,0,"Independent",0,0,0,8,9,True,False,True,True,False,0,,True,4415,1006,True,130,10,420,9,0,20,"Critter",620,1
16,"ブルーバード",0,"",0,0,1,0,0,"ModelChara#434",80,30,0,0,0,"Independent",3,0,0,8,10,True,False,True,False,True,0,,True,4416,5001,True,100,15,460,1,120,20,"Critter",605,1
17,"アンテロープ・フォーン",0,"",0,0,1,0,0,"ModelChara#435",100,20,10,0,30,"Independent",0,0,0,8,11,True,False,False,False,True,0,,True,4417,1007,True,0,15,400,22,360,20,"Monster",632,1
18,"ベイビーインプ",0,"",0,0,1,0,0,"ModelChara#436",100,20,10,0,0,"Independent",0,0,0,8,12,True,False,False,False,True,0,,True,4418,1008,True,0,20,380,1,120,20,"Monster",608,2
19,"タイニークァール",0,"",0,0,1,0,0,"ModelChara#437",85,10,10,0,0,"Independent",0,0,0,8,13,True,False,True,False,True,35,"ui/icon/000000/000001.tex",True,4452,1009,True,0,10,365,1,30,30,"Poppet",603,1
20,"ブラッククァール",0,"",0,0,1,0,0,"ModelChara#438",75,10,10,0,0,"Independent",0,0,0,8,13,True,False,True,False,True,35,"ui/icon/000000/000001.tex",True,4514,1010,True,0,15,380,31,0,30,"Poppet",620,1
21,"マメット・ヒルディ",0,"",0,0,1,0,0,"ModelChara#882",100,10,0,0,0,"Obedient",0,0,0,8,268,False,True,False,False,False,0,,True,4515,9014,True,0,30,400,16,360,60,"Monster",630,3
22,"グラベルゴーレム",0,"",0,0,1,0,0,"ModelChara#440",100,20,10,0,0,"Obedient",0,0,0,8,202,False,True,False,True,False,0,,True,4419,1011,True,0,20,480,10,0,20,"Monster",620,2
23,"マメット・トンベリ",0,"",0,0,1,0,0,"ModelChara#441",100,30,0,0,0,"Obedient",0,0,0,8,203,False,True,False,True,False,0,"ui/icon/000000/000001.tex",True,4453,1012,True,0,20,470,16,360,60,"Critter",630,2
24,"タイニーアダマンタス",0,"",0,0,1,0,0,"ModelChara#442",100,10,10,0,0,"Independent",0,0,0,8,18,True,False,False,False,True,0,,True,4420,1013,True,0,20,480,14,120,20,"Monster",622,2
25,"ベイビーラプトル",0,"",0,0,1,0,0,"ModelChara#443",100,20,20,0,0,"Independent",0,0,0,8,19,True,False,False,False,True,0,,True,4421,1014,True,0,10,400,21,0,20,"Monster",620,2
26,"ベイビーバット",0,"",0,0,1,0,0,"ModelChara#444",100,30,0,0,0,"Independent",0,0,0,8,20,True,False,False,False,False,0,,True,4422,1015,True,0,10,420,20,120,20,"Critter",631,2
27,"タイニーバルブ",0,"",0,0,1,0,0,"ModelChara#445",100,30,0,0,0,"Independent",0,0,0,8,21,True,False,False,False,False,0,,True,4423,1016,True,0,25,480,35,360,25,"Critter",634,2
28,"ダストバニー",0,"",0,0,1,0,0,"ModelChara#446",100,10,10,0,30,"Independent",0,0,0,8,22,True,False,False,True,False,0,,True,4424,1017,True,0,10,340,1,120,20,"Monster",609,1
29,"マメット・デュラハン",0,"",0,0,1,0,0,"ModelChara#447",100,30,0,0,0,"Obedient",0,0,0,8,204,False,True,True,False,False,0,,True,4425,1018,True,0,20,445,35,360,30,"Critter",634,2
30,"ギガンジャクシ",0,"",0,0,1,0,0,"ModelChara#448",100,30,0,0,0,"Independent",0,0,0,8,24,True,False,False,False,False,0,,True,4426,1019,True,0,20,495,13,30,20,"Critter",607,2
31,"パジープーク",0,"",0,0,1,0,0,"ModelChara#449",100,20,10,0,0,"Independent",0,0,0,8,25,True,False,False,False,True,0,,True,4427,1020,True,0,15,460,23,30,20,"Monster",606,2
32,"バッファロー・カフ",0,"",0,0,1,0,0,"ModelChara#450",100,30,0,0,0,"Independent",0,0,0,8,26,True,False,True,False,True,0,,True,4428,1021,True,0,10,440,9,0,20,"Critter",620,2
33,"ミニテンダー",0,"",0,0,1,0,0,"ModelChara#451",100,20,0,0,20,"Independent",0,0,0,3,27,True,False,True,False,False,0,,True,4429,1022,True,0,10,380,17,0,30,"Critter",620,2
34,"スモールシェル",0,"",0,0,1,0,0,"ModelChara#452",100,30,0,0,0,"Independent",0,0,0,8,28,True,False,True,False,False,0,,True,4430,1023,True,0,10,420,28,120,20,"Critter",605,2
35,"ウルフ・パップ",0,"",0,0,1,0,0,"ModelChara#453",100,10,10,0,0,"Independent",0,0,0,8,29,True,False,True,True,True,19,"ui/icon/000000/000001.tex",True,4450,1024,True,0,15,385,11,360,20,"Poppet",617,1
36,"タイニーアイ",0,"",0,0,1,0,0,"ModelChara#454",100,30,0,0,0,"Independent",0,0,0,8,30,True,False,False,True,True,0,,True,4431,1024,True,0,10,440,1,30,20,"Critter",613,2
37,"タイニードードー",0,"",0,0,1,0,0,"ModelChara#455",100,20,10,0,30,"Independent",0,0,0,8,31,True,False,False,False,True,0,,True,4432,1025,True,0,25,500,39,0,20,"Monster",620,2
38,"コブランラーヴァ",0,"",0,0,1,0,0,"ModelChara#456",100,20,10,0,0,"Independent",0,0,0,8,32,True,False,False,False,False,0,,True,4433,1026,True,0,15,400,12,360,20,"Monster",626,2
39,"マメット・ゴート",0,"",0,0,1,0,0,"ModelChara#457",85,30,0,0,0,"Obedient",0,0,0,8,205,False,True,True,False,False,0,,True,4434,1027,True,0,10,340,29,360,20,"Critter",623,1
40,"タイニーアプカル",0,"",0,0,1,0,0,"ModelChara#458",100,20,10,0,0,"Independent",0,0,0,8,34,True,False,True,False,True,0,,True,4435,1028,True,0,30,510,41,0,20,"Monster",620,1
41,"グゥーブー・スプラウト",0,"",0,0,1,0,0,"ModelChara#459",100,10,0,0,0,"Independent",0,0,0,8,35,True,False,False,False,False,0,,True,4436,1029,True,0,20,410,37,0,20,"Critter",620,2
42,"ミニプリン",0,"",0,0,1,0,0,"ModelChara#460",100,30,0,0,0,"Independent",0,0,0,8,36,True,False,False,True,False,0,,True,4437,1030,True,0,10,400,21,0,20,"Critter",620,2
43,"魔導ヴァンガード追従型",0,"",0,0,1,0,0,"ModelChara#461",100,30,0,0,0,"Obedient",0,0,0,8,221,False,True,False,True,False,0,,True,4438,11003,True,0,10,340,25,360,20,"Critter",625,2
44,"デモンズブロック",0,"",0,0,1,0,0,"ModelChara#462",100,10,5,0,30,"Independent",0,0,0,8,38,True,False,False,True,False,0,,True,4439,1031,True,0,15,390,38,120,20,"Monster",609,2
45,"ミニモール",0,"",0,0,1,0,0,"ModelChara#463",100,20,10,0,0,"Independent",0,0,0,8,39,True,False,False,False,True,0,,True,4440,1032,True,0,25,430,9,0,20,"Monster",620,1
46,"タイニーラム",0,"",0,0,1,0,0,"ModelChara#464",100,30,0,0,0,"Independent",0,0,0,10,40,True,False,True,False,True,0,,True,4441,1033,True,0,20,680,10,0,20,"Critter",620,1
47,"ミニスライム",0,"",0,0,1,0,0,"ModelChara#465",100,30,0,0,0,"Independent",0,0,0,8,41,True,False,False,True,False,0,,True,4451,1034,True,0,10,430,23,30,20,"Critter",606,2
48,"ミニマンドラゴラ",0,"",0,0,1,0,0,"ModelChara#466",90,10,10,30,0,"Independent",0,0,0,8,42,True,False,True,False,True,0,,True,4442,1025,True,0,15,360,1,120,20,"Monster",609,1
49,"マメット・ゴブリン",0,"",0,0,1,0,0,"ModelChara#467",100,10,5,0,0,"Obedient",0,0,0,8,207,False,True,False,True,False,0,,True,4443,7001,True,0,15,435,26,120,20,"Monster",622,3
50,"マメット・シルフ",0,"",0,0,1,0,0,"ModelChara#468",100,30,0,0,0,"Obedient",0,0,0,8,208,False,True,True,False,False,0,,True,4449,7002,True,0,15,490,13,30,20,"Critter",621,3
51,"マメット・カーソル",0,"",0,0,1,0,0,"ModelChara#469",100,20,0,0,0,"Obedient",0,0,0,8,0,False,False,False,False,False,0,,True,4444,11501,True,0,15,400,14,30,20,"Monster",621,4
52,"マメット・インビンシブル",0,"",0,0,1,0,0,"ModelChara#470",100,30,0,0,0,"Obedient",0,0,0,8,0,False,False,False,False,False,0,,True,4445,11001,True,0,25,465,11,360,20,"Monster",617,4
53,"マメット・キキルン",0,"",0,0,1,0,0,"ModelChara#471",90,30,0,0,0,"Obedient",0,0,0,8,206,False,True,True,False,False,0,,True,4446,6001,True,0,15,380,44,0,30,"Critter",620,3
54,"黒チョコチョコボ",0,"",0,0,1,0,0,"ModelChara#505",100,30,0,30,0,"Independent",0,0,0,8,3,True,False,True,False,True,0,,True,4448,5,True,0,25,450,35,360,25,"Critter",634,1
55,"マメット・ダラガブ",0,"",0,0,1,0,0,"ModelChara#472",100,30,0,0,0,"Obedient",0,0,0,8,0,False,False,False,False,False,0,,True,4447,11004,True,0,20,520,17,0,30,"Critter",620,4
56,"カインドフレア",0,"",0,0,1,0,0,"ModelChara#578",100,30,0,0,0,"Independent",0,0,0,8,49,True,False,False,False,True,0,,True,4461,1035,True,0,25,455,13,120,20,"Monster",616,2
57,"アントーキング・コリブリ",0,"",0,0,1,0,0,"ModelChara#579",55,30,0,0,0,"Independent",3,0,0,8,50,True,False,True,False,True,0,,True,4462,1036,True,0,10,365,40,0,30,"Critter",631,1
58,"マメット・アマルジャ",0,"",0,0,1,0,0,"ModelChara#580",100,30,0,0,0,"Obedient",0,0,0,8,213,False,True,False,True,False,0,,True,4454,7003,True,0,10,465,12,360,20,"Monster",626,3
59,"マメット・イクサル",0,"",0,0,1,0,0,"ModelChara#581",100,30,0,30,0,"Obedient",0,0,0,8,214,False,True,False,True,False,0,,True,4474,7005,True,0,10,390,10,0,20,"Critter",620,3
60,"マメット・コボルド",0,"",0,0,1,0,0,"ModelChara#699",100,30,0,0,0,"Obedient",0,0,0,8,215,False,True,False,True,False,0,,True,4463,7006,True,0,10,440,13,120,20,"Critter",622,3
61,"マメット・サハギン",0,"",0,0,1,0,0,"ModelChara#700",100,30,0,0,0,"Obedient",0,0,0,8,216,False,True,False,True,False,0,,True,4464,7007,True,0,15,435,28,120,20,"Critter",605,3
62,"ゴレムス",0,"",0,0,1,0,0,"ModelChara#577",100,30,0,0,0,"Independent",0,0,0,8,51,True,False,False,False,True,0,,True,4455,13001,True,0,10,410,10,0,20,"Critter",620,2
63,"マメット・シャントット",0,"",0,0,1,0,0,"ModelChara#527",100,20,0,0,0,"Obedient",0,0,0,8,358,False,True,False,False,False,0,,True,4456,12111,True,0,25,525,9,0,20,"Critter",620,3
64,"マメット・エドヴィア",0,"",0,0,1,0,0,"ModelChara#584",100,30,0,0,0,"Obedient",0,0,0,8,219,False,True,False,False,False,0,,True,4457,10007,True,0,15,360,23,120,30,"Critter",622,3
65,"クロックワークサン",0,"",0,0,1,0,0,"ModelChara#585",100,0,0,0,0,"Stationary",8,0,0,8,0,False,False,False,False,False,0,,True,4465,11502,True,0,15,440,10,0,20,"Critter",620,4
66,"ふかふかクッション",0,"",0,0,1,0,0,"ModelChara#586",100,30,0,0,0,"Stationary",12,0,0,8,0,False,False,False,False,False,0,,True,4466,11503,True,80,10,390,30,360,20,"Critter",623,4
67,"マメット・オブ・ライト",0,"",0,0,1,0,0,"ModelChara#0",100,0,0,0,0,"Obedient",0,0,0,8,0,False,True,False,False,False,0,,True,4458,12011,False,0,10,100,0,0,20,"Critter",0,3
68,"マメット・オブ・ライト",0,"",0,0,1,0,0,"ModelChara#587",100,10,0,70,0,"Obedient",0,0,0,8,223,False,True,False,False,False,0,,True,4550,12011,True,0,10,430,13,30,20,"Critter",604,3
69,"マメット・オブ・ライト",0,"",0,0,1,0,0,"ModelChara#623",100,10,0,70,0,"Obedient",0,0,0,8,223,False,True,False,False,False,0,,True,4551,12011,True,0,10,420,27,360,30,"Critter",615,3
70,"マメット・オブ・ライト",0,"",0,0,1,0,0,"ModelChara#624",100,10,0,70,0,"Obedient",0,0,0,8,223,False,True,False,False,False,0,,True,4552,12011,True,0,10,395,23,120,30,"Critter",610,3
71,"マメット・リーダー",0,"",0,0,1,0,0,"ModelChara#0",100,0,0,0,0,"Obedient",0,0,0,8,0,False,True,False,True,False,0,,True,4459,9015,False,0,20,100,0,0,20,"Critter",0,3
72,"マメット・メルウィブ",0,"",0,0,1,0,0,"ModelChara#626",100,10,0,0,0,"Obedient",0,0,0,8,224,False,True,False,True,False,0,,True,4554,9016,True,0,20,470,43,0,20,"Critter",620,3
73,"マメット・カヌ・エ",0,"",0,0,1,0,0,"ModelChara#627",100,10,0,0,0,"Obedient",0,0,0,8,224,False,True,False,True,False,0,,True,4553,9017,True,0,20,430,29,360,30,"Critter",623,3
74,"マメット・ラウバーン",0,"",0,0,1,0,0,"ModelChara#625",100,10,0,0,0,"Obedient",0,0,0,8,224,False,True,False,True,False,0,,True,4555,9018,True,0,20,470,19,120,30,"Critter",609,3
75,"チョコチョコボ・プリンス",0,"",0,0,1,0,0,"ModelChara#634",100,30,0,30,0,"Independent",0,0,0,8,3,True,False,True,False,True,0,,True,4460,6,True,0,10,365,14,30,20,"Critter",621,1
76,"マメット・オーディン",0,"",0,0,1,0,0,"ModelChara#683",90,5,10,0,0,"Independent",0,0,0,8,230,False,True,False,True,False,0,,True,4468,8007,True,80,30,500,1,120,20,"Monster",605,2
77,"ウォーリア・オブ・ライト",0,"",0,0,1,0,0,"ModelChara#684",80,10,0,0,0,"Obedient",0,0,0,8,235,False,True,False,True,False,0,,True,4467,12012,True,0,15,380,1,30,20,"Critter",604,3
78,"マメット・バハムート",0,"",0,0,1,0,0,"ModelChara#685",100,10,0,0,0,"Independent",0,0,0,8,0,True,False,False,False,False,118,,True,4469,2002,True,0,25,410,1,120,20,"Poppet",636,2
79,"マメット・モーグリ",0,"",0,0,1,0,0,"ModelChara#688",100,10,0,0,0,"Obedient",4,0,0,8,233,False,True,False,False,False,0,,True,4472,10,True,0,20,470,1,120,20,"Critter",614,3
80,"ベイビーオポオポ",0,"",0,0,1,0,0,"ModelChara#686",60,30,0,0,0,"Independent",1,0,0,8,52,True,False,True,False,False,0,,True,4470,1037,True,0,10,420,23,120,30,"Critter",605,1
81,"マメット・ブルーム",0,"",0,0,1,0,0,"ModelChara#687",100,10,0,0,80,"Independent",0,0,0,5,0,False,False,False,False,False,0,,True,4471,11504,True,0,25,420,30,360,20,"Critter",623,4
82,"マメット・サキュバス",0,"",0,0,1,0,0,"ModelChara#748",80,10,0,0,0,"Obedient",2,0,0,8,231,False,True,False,True,False,0,,True,4475,1038,True,0,10,340,11,360,30,"Critter",617,2
83,"ズー・ハッチリング",0,"",0,0,1,0,0,"ModelChara#682",100,30,0,0,0,"Independent",0,0,0,8,54,True,False,False,False,True,0,,True,4473,1039,True,0,10,450,9,0,20,"Critter",620,2
84,"マメット・ナナモ",0,"",0,0,1,0,0,"ModelChara#751",80,10,0,0,0,"Obedient",1,0,0,8,266,False,True,True,False,False,0,,True,4499,9019,True,0,20,490,15,0,20,"Critter",620,3
85,"マメット・ギルガメッシュ",0,"",0,0,1,0,0,"ModelChara#756",100,10,0,0,0,"Obedient",0,0,0,8,68,False,True,False,True,False,0,,True,4476,9501,True,0,25,485,5,360,30,"Monster",600,3
86,"オニオンプリンス",0,"",0,0,1,0,0,"ModelChara#742",100,10,20,0,0,"Independent",0,0,0,8,42,True,False,True,False,True,0,,True,4477,1025,True,0,15,440,31,0,30,"Critter",620,1
87,"エッグナイト",0,"",0,0,1,0,0,"ModelChara#743",100,15,10,0,0,"Independent",0,0,0,8,42,True,False,True,False,True,0,,True,4478,1025,True,0,15,415,12,360,20,"Critter",626,1
88,"ガーリックスター",0,"",0,0,1,0,0,"ModelChara#744",100,15,10,0,0,"Independent",0,0,0,8,42,True,False,True,False,True,0,,True,4479,1025,True,0,15,435,11,360,20,"Critter",617,1
89,"キングトマト",0,"",0,0,1,0,0,"ModelChara#745",100,10,10,0,0,"Independent",0,0,0,8,42,True,False,True,False,True,0,,True,4480,1025,True,0,20,355,9,0,20,"Critter",620,1
90,"マンドラクイーン",0,"",0,0,1,0,0,"ModelChara#746",100,25,5,0,0,"Independent",0,0,0,8,42,True,False,True,False,True,0,,True,4481,1025,True,0,30,560,27,360,30,"Critter",615,1
91,"マメット・ヤ・シュトラ",0,"",0,0,1,0,0,"ModelChara#750",100,10,0,0,0,"Obedient",0,0,0,8,262,False,True,False,True,False,0,,True,4500,9001,True,0,25,435,12,360,20,"Critter",618,3
92,"マメット・オニオン",0,"",0,0,1,0,0,"ModelChara#749",100,10,0,0,0,"Obedient",0,0,0,8,240,False,True,False,True,False,0,,True,4482,12031,True,90,15,430,21,0,20,"Critter",620,3
93,"トレジャーボックス",0,"",0,0,1,0,0,"ModelChara#747",100,5,10,0,0,"Independent",0,0,0,8,56,True,False,True,False,False,0,,True,4483,1040,True,0,15,390,8,30,20,"Critter",621,2
94,"タイニーバク",0,"",0,0,1,0,0,"ModelChara#754",80,30,0,0,0,"Independent",0,0,0,8,57,True,False,True,False,True,0,,True,4484,3001,True,0,10,390,23,120,30,"Critter",631,1
95,"ナナッコ・ベアー",0,"",0,0,1,0,0,"ModelChara#752",100,20,0,0,0,"Obedient",0,0,0,8,238,False,True,False,True,False,0,,True,4485,3002,True,0,10,380,1,30,20,"Critter",604,1
96,"クロックワークトロッコ",0,"",0,0,1,0,0,"ModelChara#753",100,10,0,0,0,"Obedient",0,0,0,8,0,False,False,False,False,False,0,,True,4486,11505,True,0,15,415,25,360,20,"Critter",625,4
97,"ナッツイーター",0,"",0,0,1,0,0,"ModelChara#755",100,10,0,0,30,"Independent",1,0,0,8,59,True,False,True,False,True,0,,True,4487,3003,True,0,30,450,36,360,30,"Critter",634,1
98,"マメット・ミンフィリア",0,"",0,0,1,0,0,"ModelChara#797",100,10,0,0,0,"Obedient",0,0,0,8,262,False,True,False,True,False,0,,True,4488,9002,True,0,20,400,1,30,20,"Critter",604,3
99,"マメット・サンクレッド",0,"",0,0,1,0,0,"ModelChara#796",100,10,0,0,0,"Obedient",0,0,0,8,262,False,True,False,True,False,0,,True,4489,9003,True,0,20,450,35,360,30,"Critter",634,3
100,"魔導ビット自律型",0,"",0,0,1,0,0,"ModelChara#1016",100,10,0,0,0,"Independent",0,0,0,8,0,False,False,False,False,False,0,"ui/icon/000000/000001.tex",True,4516,11005,True,0,30,455,1,30,20,"Critter",612,2
101,"薄闇の雲",0,"",0,0,1,0,0,"ModelChara#1017",80,10,0,0,0,"Obedient",2,0,0,8,232,False,True,False,True,False,0,,True,4517,2101,True,0,30,540,4,30,20,"Monster",612,2
102,"タイニーナンカ",0,"",0,0,1,0,0,"ModelChara#808",100,30,0,0,0,"Independent",0,0,0,8,60,True,False,True,False,False,0,,True,4490,1041,True,0,15,415,11,360,20,"Critter",617,2
103,"マメット・パンダ",0,"",0,0,1,0,0,"ModelChara#816",100,20,0,0,0,"Obedient",0,0,0,8,241,False,True,True,False,False,0,,True,4491,3004,True,0,15,450,35,360,30,"Critter",634,1
104,"マメット・オルトロス",0,"",0,0,1,0,0,"ModelChara#799",100,30,0,0,0,"Obedient",11,0,0,8,237,False,True,True,True,False,0,,True,4504,9503,True,0,20,395,18,360,30,"Critter",624,2
105,"マメット・スノーマン",0,"",0,0,1,0,0,"ModelChara#803",100,20,0,0,0,"Obedient",0,0,0,8,220,False,True,False,True,False,0,,True,4505,11507,True,0,15,420,44,0,30,"Critter",620,3
106,"ポチャチョコボ",0,"",0,0,1,0,0,"ModelChara#800",100,1,0,0,0,"Obedient",0,0,0,8,0,False,False,False,False,True,0,,True,4506,7,True,90,15,360,42,0,20,"Critter",620,1
107,"マメット・イダ",0,"",0,0,1,0,0,"ModelChara#878",100,10,0,0,0,"Obedient",0,0,0,8,262,False,True,False,True,False,0,,True,4501,9004,True,0,25,460,1,30,20,"Critter",606,3
108,"マメット・パパリモ",0,"",0,0,1,0,0,"ModelChara#879",100,10,0,0,0,"Obedient",0,0,0,8,262,False,True,False,True,False,0,,True,4502,9005,True,0,20,420,20,120,20,"Critter",633,3
109,"マメット・ウリエンジェ",0,"",0,0,1,0,0,"ModelChara#880",100,10,0,0,0,"Obedient",0,0,0,8,262,False,True,False,True,False,0,,True,4503,9006,True,0,20,435,1,120,20,"Critter",616,3
110,"ファットキャット",0,"",0,0,1,0,0,"ModelChara#802",100,10,0,0,0,"Obedient",0,0,0,8,61,True,False,False,False,True,0,,True,4507,3005,True,0,10,380,12,360,20,"Monster",626,1
111,"リトルフット",0,"",0,0,1,0,0,"ModelChara#801",100,10,0,0,0,"Independent",0,0,0,8,62,True,False,True,False,True,0,,True,4508,1042,True,0,15,410,1,30,20,"Critter",611,2
112,"リトルマミー",0,"",0,0,1,0,0,"ModelChara#798",100,5,10,0,0,"Independent",0,0,0,8,63,True,False,False,True,False,0,,True,4509,1043,True,0,15,475,23,30,20,"Monster",613,2
113,"マメット・エンタープライズ",0,"",0,0,1,0,0,"ModelChara#887",100,10,0,0,0,"Obedient",0,0,0,8,0,False,False,False,False,False,0,,True,4497,11002,True,0,20,460,1,120,20,"Monster",629,4
114,"マメット・レターモーグリ",0,"",0,0,1,0,0,"ModelChara#809",100,5,10,0,0,"Obedient",4,0,0,8,233,False,True,False,False,False,0,,True,4498,11,True,0,20,370,14,120,20,"Critter",614,3
115,"アサシンフライ",0,"",0,0,1,0,0,"ModelChara#807",100,10,5,0,0,"Independent",5,0,0,8,64,True,False,False,True,True,0,,True,4510,4002,True,0,10,425,2,30,20,"Monster",603,1
116,"プレゼンター",0,"",0,0,1,0,0,"ModelChara#805",100,10,10,0,0,"Independent",0,0,0,8,65,True,False,False,True,False,0,,True,4513,11508,True,0,30,530,37,0,20,"Monster",620,1
117,"カッパッパ",0,"",0,0,1,0,0,"ModelChara#886",60,10,0,0,0,"Independent",0,0,0,8,66,True,False,False,False,True,0,,True,4511,12901,True,0,20,430,13,120,20,"Critter",605,1
118,"マメット・ルイゾワ",0,"",0,0,1,0,0,"ModelChara#881",100,10,0,0,0,"Obedient",0,0,0,8,267,False,True,False,True,False,78,,True,4512,9007,True,0,15,410,27,360,30,"Monster",615,3
119,"ミドガルズオルム",0,"",0,0,1,0,0,"ModelChara#883",100,10,0,0,0,"Independent",2,0,0,8,0,False,False,False,False,True,0,,True,4518,9504,True,0,25,435,33,0,20,"Critter",620,1
120,"",0,"",0,0,0,0,0,"ModelChara#0",0,0,0,0,0,"",0,0,0,0,0,False,False,False,False,False,0,,False,0,0,False,0,0,0,0,0,0,"",0,0
121,"ピカピカ",0,"",0,0,1,0,0,"ModelChara#1337",80,30,0,0,0,"Independent",0,0,0,8,10,True,False,True,False,True,0,,True,4556,5002,True,0,15,310,10,0,20,"Critter",620,1
122,"エンキドゥ",0,"",0,0,1,0,0,"ModelChara#888",100,10,0,0,0,"Independent",0,0,0,8,68,True,False,False,False,False,0,,True,4521,9502,True,0,20,480,28,120,20,"Critter",605,1
123,"マメット・バイオレット",0,"",0,0,1,0,0,"ModelChara#901",100,30,0,0,0,"Obedient",0,0,0,8,208,False,True,False,True,False,0,,True,4493,7002,True,0,15,480,22,360,20,"Critter",632,3
124,"マメット・ファウンダー",0,"",0,0,1,0,0,"ModelChara#902",100,30,0,0,0,"Obedient",0,0,0,8,213,False,True,False,True,False,0,,True,4492,7003,True,0,15,440,10,0,20,"Critter",620,3
125,"マメット・デズル",0,"",0,0,1,0,0,"ModelChara#903",100,30,0,30,0,"Obedient",0,0,0,8,214,False,True,False,True,False,0,,True,4494,7004,True,0,15,460,31,0,30,"Critter",620,3
126,"マメット・コボルド2号",0,"",0,0,1,0,0,"ModelChara#582",100,30,0,0,0,"Obedient",0,0,0,8,215,False,True,False,True,False,0,,True,4495,7006,True,0,10,440,5,360,30,"Critter",600,3
127,"マメット・シーデビル",0,"",0,0,1,0,0,"ModelChara#583",100,30,0,0,0,"Obedient",0,0,0,8,216,False,True,False,True,False,0,,True,4496,7007,True,0,25,500,9,0,20,"Critter",620,3
128,"黒チョコチョコボ・フライヤー",0,"",0,0,1,0,0,"ModelChara#990",100,10,0,0,0,"Independent",0,0,0,8,3,True,False,True,False,True,0,,True,4524,5,True,0,20,405,35,360,30,"Critter",634,1
129,"マメット・カイン",0,"",0,0,1,0,0,"ModelChara#989",80,10,0,0,0,"Obedient",0,0,0,8,242,False,True,False,True,False,0,"ui/icon/000000/000001.tex",True,4525,12041,True,0,30,440,46,0,20,"Critter",620,3
130,"マメット・アルフィノ",0,"",0,0,1,0,0,"ModelChara#884",100,10,0,0,0,"Obedient",0,0,0,8,262,False,True,False,True,False,0,,True,4519,9008,True,0,10,420,4,120,20,"Critter",633,3
131,"マメット・アリゼー",0,"",0,0,1,0,0,"ModelChara#885",100,10,0,0,0,"Obedient",0,0,0,8,262,False,True,False,True,False,0,,True,4520,9009,True,0,15,460,1,120,20,"Monster",616,3
132,"マメット・タタル",0,"",0,0,1,0,0,"ModelChara#892",100,5,5,0,0,"Obedient",0,0,0,8,262,False,True,False,True,False,0,,True,4526,9010,True,0,10,440,12,360,20,"Monster",626,3
133,"マメット・シド",0,"",0,0,1,0,0,"ModelChara#891",100,10,5,0,0,"Obedient",0,0,0,8,263,False,True,False,True,False,0,,True,4527,9011,True,0,30,500,35,360,20,"Monster",634,3
134,"ユニコルト",0,"",0,0,1,0,0,"ModelChara#890",100,10,0,0,0,"Independent",0,0,0,8,43,True,False,True,False,True,0,,True,4528,3006,True,0,10,415,18,360,30,"Critter",624,1
135,"マメット・グンド",0,"",0,0,1,0,0,"ModelChara#889",100,10,0,0,0,"Obedient",0,0,0,8,87,False,True,True,False,False,0,,True,4557,7010,True,0,10,420,9,0,20,"Critter",620,3
136,"ミニマムアトモス",0,"",0,0,1,0,0,"ModelChara#894",100,10,0,0,0,"Independent",0,0,0,8,69,True,False,False,False,False,0,,True,4529,1044,True,0,25,460,22,360,20,"Critter",632,2
137,"オウレット",0,"",0,0,1,0,0,"ModelChara#893",100,0,0,0,0,"Independent",2,0,0,8,70,True,False,False,False,True,0,,True,4530,5003,True,0,25,540,43,0,20,"Critter",620,1
138,"アグリー・ダックリング",0,"",0,0,1,0,0,"ModelChara#899",90,20,0,0,0,"Independent",0,0,0,8,71,True,False,True,False,True,0,,True,4531,5004,True,0,20,480,1,30,20,"Critter",601,1
139,"ゲイラキトン",0,"",0,0,1,0,0,"ModelChara#988",100,10,5,0,0,"Independent",2,0,0,8,72,True,False,False,False,True,0,,True,4532,1045,True,0,15,490,6,30,30,"Monster",606,1
140,"クロックワークカート",0,"",0,0,1,0,0,"ModelChara#896",100,10,0,0,0,"Obedient",0,0,0,8,0,False,False,False,False,False,0,,True,4533,11506,True,0,10,395,12,360,20,"Critter",626,4
141,"レッサーパンダ",0,"",0,0,1,0,0,"ModelChara#895",70,10,0,0,0,"Independent",1,0,0,8,73,True,False,False,False,True,0,,True,4534,3007,True,0,25,405,34,0,30,"Critter",620,1
142,"63ページ",0,"",0,0,1,0,0,"ModelChara#900",100,10,0,0,0,"Independent",0,0,0,8,74,True,False,False,False,False,0,,True,4535,1046,True,0,10,415,1,120,20,"Critter",605,2
143,"鉄小人",0,"",0,0,1,0,0,"ModelChara#898",100,10,0,0,0,"Obedient",0,0,0,8,243,False,True,False,True,False,0,,True,4536,1047,True,0,10,360,9,0,20,"Critter",620,2
144,"グリフィン・ハッチリング",0,"",0,0,1,0,0,"ModelChara#897",90,10,5,0,0,"Independent",0,0,0,8,75,True,False,False,False,True,0,,True,4537,1048,True,0,15,310,22,360,20,"Monster",632,2
145,"マメット・イゼル",0,"",0,0,1,0,0,"ModelChara#1165",100,5,10,0,0,"Obedient",0,0,0,8,269,False,True,False,True,False,0,,True,4538,9020,True,0,25,400,19,30,30,"Monster",611,3
146,"ガストラ",0,"",0,0,1,0,0,"ModelChara#1166",100,1,10,0,0,"Independent",0,0,0,8,76,True,False,True,False,True,0,"ui/icon/000000/000001.tex",True,4539,3008,True,0,10,320,21,0,20,"Critter",620,1
147,"VII号スチームウォーカー",0,"",0,0,1,0,0,"ModelChara#1164",100,10,0,0,0,"Independent",0,0,0,8,0,False,False,False,False,False,0,,True,4540,2004,True,0,15,330,32,0,30,"Critter",620,4
148,"ロイヤルベビーモス",0,"",0,0,1,0,0,"ModelChara#1162",100,10,0,0,0,"Independent",0,0,0,8,5,True,False,True,False,True,0,,True,4541,1002,True,90,15,400,9,0,20,"Critter",620,2
149,"追従システム",0,"",0,0,1,0,0,"ModelChara#1163",100,3,8,0,0,"Independent",0,0,0,8,77,True,False,False,True,False,0,,True,4542,11006,True,0,30,630,6,360,30,"Critter",600,4
150,"マメット・ユウギリ",0,"",0,0,1,0,0,"ModelChara#1167",100,10,0,0,0,"Obedient",0,0,0,8,271,False,True,False,True,False,0,,True,4543,9021,True,0,15,335,11,360,20,"Critter",617,3
151,"カーバンクル・ペリドット",0,"",0,0,1,0,0,"ModelChara#1168",80,10,0,0,0,"Obedient",0,0,0,8,245,False,True,False,True,False,0,,True,4544,10010,True,0,20,430,38,120,20,"Critter",609,1
152,"カーバンクル・ヘリオドール",0,"",0,0,1,0,0,"ModelChara#1068",80,10,0,0,0,"Obedient",0,0,0,8,245,False,True,False,True,False,0,,True,4545,10011,True,0,15,610,10,0,20,"Critter",620,1
153,"",0,"",0,0,0,0,0,"ModelChara#0",0,0,0,0,0,"",0,0,0,0,0,False,False,False,False,False,0,,False,0,0,False,0,0,0,0,0,0,"",0,0
154,"ゴールドラッシュ",0,"",0,0,1,0,0,"ModelChara#1212",100,10,0,0,0,"Obedient",0,0,0,8,0,False,False,False,False,False,0,,True,4547,11505,True,0,15,445,39,0,20,"Critter",620,4
155,"ザ・プライモグズ",0,"",0,0,1,0,0,"ModelChara#991",50,30,0,0,0,"Obedient",4,0,0,8,233,False,True,False,False,False,0,,True,4523,12,True,0,15,460,11,360,20,"Critter",617,3
156,"マメット・グナース",0,"",0,0,1,0,0,"ModelChara#1169",100,10,0,0,0,"Obedient",0,0,0,8,277,False,True,False,True,False,0,,True,4570,7009,True,0,20,480,12,360,20,"Critter",626,3
157,"パイッサ・ブラット",0,"",0,0,1,0,0,"ModelChara#1170",100,10,0,0,0,"Independent",0,0,0,8,273,True,False,False,True,False,0,,True,4558,1049,True,0,25,620,46,0,20,"Critter",620,2
158,"マメット・ブルーハンド",0,"",0,0,1,0,0,"ModelChara#1171",90,10,0,0,0,"Obedient",0,0,0,8,207,False,True,False,True,False,0,,True,4559,7001,True,0,10,390,18,360,30,"Critter",624,3
159,"パンプキンバトラー",0,"",0,0,1,0,0,"ModelChara#1172",100,10,0,0,0,"Independent",0,0,0,8,42,True,False,True,False,True,0,,True,4548,1025,True,0,15,420,13,30,20,"Critter",613,1
160,"マメット・エキドナ",0,"",0,0,1,0,0,"ModelChara#1322",100,10,0,0,0,"Obedient",0,0,0,8,275,False,True,False,True,False,0,,True,4560,2102,True,0,20,410,45,0,60,"Critter",620,2
161,"マメット・リルム",0,"",0,0,1,0,0,"ModelChara#1176",100,10,0,0,0,"Obedient",0,0,0,8,276,False,True,False,True,False,0,,True,4561,12061,True,0,10,415,10,0,20,"Critter",620,3
162,"ハンティング・ホーク",0,"",0,0,1,0,0,"ModelChara#1173",100,10,0,0,0,"Independent",2,0,0,8,78,True,False,False,False,False,0,,True,4562,5005,True,0,20,520,13,30,20,"Critter",604,1
163,"シャローアイ",0,"",0,0,1,0,0,"ModelChara#1174",100,10,0,0,0,"Independent",1,0,0,8,79,True,False,False,False,False,0,,True,4563,1050,True,0,15,420,19,30,30,"Critter",613,2
164,"プリンスペンギン",0,"",0,0,1,0,0,"ModelChara#1175",100,10,0,0,0,"Independent",0,0,0,8,80,True,False,False,False,False,0,,True,4564,5006,True,130,10,415,36,360,30,"Critter",634,1
165,"マメット・ツインタニア",0,"",0,0,1,0,0,"ModelChara#1319",100,10,0,0,0,"Obedient",0,0,0,8,81,False,True,False,True,False,0,,True,4565,2001,True,0,25,380,12,360,20,"Critter",618,2
166,"コロコロポックル",0,"",0,0,1,0,0,"ModelChara#1320",100,10,0,0,0,"Independent",0,0,0,8,82,True,False,False,False,False,0,,True,4566,1051,True,0,15,440,20,120,20,"Critter",605,1
167,"マメット・フリオニール",0,"",0,0,1,0,0,"ModelChara#1321",100,10,0,0,0,"Obedient",0,0,0,8,239,False,True,False,True,False,0,,True,4549,12021,True,0,25,600,4,120,20,"Critter",605,3
168,"マメット・イフリート",0,"",0,0,1,0,0,"ModelChara#1318",100,10,0,0,0,"Obedient",0,0,0,8,83,False,True,False,False,False,0,,True,4567,8001,True,0,20,380,1,120,20,"Critter",610,2
169,"マメット・ガルーダ",0,"",0,0,1,0,0,"ModelChara#1330",90,10,0,0,0,"Obedient",2,0,0,8,83,False,True,False,True,False,0,,True,4572,8002,True,0,20,495,26,360,20,"Critter",619,2
170,"マメット・タイタン",0,"",0,0,1,0,0,"ModelChara#1331",100,10,0,0,0,"Obedient",0,0,0,8,83,False,True,False,True,False,0,,True,4573,8003,True,0,15,380,19,30,30,"Critter",613,2
171,"マメット・リヴァイアサン",0,"",0,0,1,0,0,"ModelChara#1332",100,10,0,0,0,"Obedient",0,0,0,8,83,False,True,False,True,False,0,,True,4574,8004,True,0,30,455,32,0,40,"Critter",620,2
172,"マメット・ズンド",0,"",0,0,1,0,0,"ModelChara#1423",100,10,0,0,0,"Obedient",0,0,0,8,87,False,True,False,True,False,0,,True,4569,7010,True,0,25,630,11,360,20,"Critter",617,3
173,"マメット・オルシュファン",0,"",0,0,1,0,0,"ModelChara#1334",100,10,2,0,0,"Obedient",0,0,0,8,272,False,True,False,True,False,0,,True,4568,9022,True,0,30,530,10,0,20,"Critter",620,3
174,"マメット・ネロ",0,"",0,0,1,0,0,"ModelChara#1335",100,10,0,0,0,"Obedient",0,0,0,8,278,False,True,False,True,False,0,,True,4575,9023,True,0,20,420,49,0,30,"Critter",620,3
175,"マメット・ヴァス",0,"",0,0,1,0,0,"ModelChara#1343",100,10,0,0,0,"Obedient",0,0,0,8,277,False,True,False,True,False,0,,True,4571,7008,True,0,15,430,17,0,20,"Critter",620,3
176,"ミニファウスト",0,"",0,0,1,0,0,"ModelChara#1458",100,10,0,0,0,"Obedient",0,0,0,8,236,False,True,False,True,False,0,,True,4576,2003,True,0,30,390,1,30,60,"Critter",604,2
177,"ニュー・ヤ・シュトラ",0,"",0,0,1,0,0,"ModelChara#1333",100,10,0,0,0,"Obedient",0,0,0,8,262,False,True,False,True,False,0,,True,4596,9001,True,0,25,480,22,360,20,"Critter",632,3
178,"カルコ",0,"",0,0,1,0,0,"ModelChara#1461",100,0,10,0,0,"Obedient",4,0,0,8,270,False,True,False,True,False,0,,True,4577,1052,True,0,10,370,51,360,20,"Monster",618,2
179,"ブリーナ",0,"",0,0,1,0,0,"ModelChara#1462",100,0,10,0,0,"Obedient",4,0,0,8,270,False,True,False,True,False,0,,True,4578,1053,True,0,15,410,50,360,20,"Monster",617,2
180,"モルフォ",0,"",0,0,1,0,0,"ModelChara#1459",80,20,0,0,0,"Independent",3,0,0,8,304,False,False,False,False,False,0,,True,4579,1054,True,0,20,470,20,120,30,"Critter",602,1
181,"ポロ・ロッゴ",0,"",0,0,1,0,0,"ModelChara#1466",100,10,0,0,0,"Independent",0,0,0,8,305,True,False,True,False,True,0,,True,4580,1055,True,0,20,420,38,30,20,"Critter",640,1
182,"マメット・ギルバート",0,"",0,0,1,0,0,"ModelChara#1484",100,10,0,0,0,"Obedient",0,0,0,8,306,False,True,False,True,False,0,,True,4581,12042,True,0,15,400,12,360,20,"Critter",619,3
183,"フェンリル・パップ",0,"",0,0,1,0,0,"ModelChara#1467",100,10,0,0,0,"Independent",0,0,0,8,307,True,False,True,False,True,0,,True,4582,1056,True,0,15,380,11,360,20,"Critter",617,2
184,"マメット・ドラゴネット",0,"",0,0,1,0,0,"ModelChara#1463",100,10,0,0,0,"Obedient",2,0,0,8,308,False,True,False,True,True,0,,True,4597,7011,True,0,30,510,1,30,20,"Critter",601,1
185,"マメット・ラムウ",0,"",0,0,1,0,0,"ModelChara#1544",90,10,0,0,0,"Obedient",0,0,0,8,83,False,True,False,True,False,0,,True,4598,8005,True,0,25,515,1,30,30,"Critter",603,2
186,"マメット・シヴァ",0,"",0,0,1,0,0,"ModelChara#1545",90,10,0,0,0,"Obedient",0,0,0,8,83,False,True,False,True,False,0,,True,4599,8006,True,0,10,420,19,30,30,"Critter",611,2
187,"ポーキー",0,"",0,0,1,0,0,"ModelChara#1465",100,2,0,0,30,"Independent",0,0,0,8,311,True,False,False,True,True,0,,True,4600,12902,True,0,10,375,29,360,20,"Critter",623,1
188,"マジックバケツ",0,"",0,0,1,0,0,"ModelChara#1464",100,5,1,0,0,"Obedient",0,0,0,8,0,False,False,False,True,False,0,,True,4601,11509,True,0,15,530,18,360,30,"Critter",624,4
189,"ゲソ",0,"",0,0,1,0,0,"ModelChara#1469",100,10,0,0,0,"Independent",0,0,0,8,313,True,False,False,True,False,0,,True,4602,1057,True,0,25,480,38,30,20,"Critter",640,2
190,"マメット・ブラキオ",0,"",0,0,1,0,0,"ModelChara#1470",100,10,0,0,0,"Obedient",0,0,0,8,314,False,True,False,True,False,0,,True,4603,1058,True,0,30,490,23,30,20,"Critter",613,3
191,"マメット・チアガール",0,"",0,0,1,0,0,"ModelChara#1468",100,0,10,0,0,"Independent",6,0,0,8,315,False,True,False,True,False,0,"ui/icon/000000/000001.tex",True,4604,10013,True,0,15,440,11,360,20,"Critter",617,3
192,"マメット・クルル",0,"",0,0,1,0,0,"ModelChara#1336",100,10,0,0,0,"Obedient",0,0,0,8,262,False,True,False,True,False,0,,True,4605,9012,True,0,10,390,12,360,20,"Critter",626,3
193,"マメット・アイメリク",0,"",0,0,1,0,0,"ModelChara#1547",100,10,0,0,0,"Obedient",0,0,0,8,317,False,True,False,True,False,0,,True,4606,9024,True,0,30,465,34,0,30,"Critter",620,3
194,"ペガサスコルト",0,"",0,0,1,0,0,"ModelChara#1650",100,10,0,0,0,"Independent",0,0,0,8,318,True,False,True,False,True,0,,True,4613,1059,True,0,25,500,18,360,30,"Critter",624,1
195,"マメット・カロフィステリ",0,"",0,0,1,0,0,"ModelChara#1546",100,10,0,0,0,"Obedient",0,0,0,8,319,False,True,True,False,False,0,,True,4607,2103,True,0,25,440,10,0,20,"Critter",620,2
196,"マメット・サスカッチ",0,"",0,0,1,0,0,"ModelChara#1386",100,10,0,0,0,"Obedient",0,0,0,8,320,False,True,False,True,False,0,,True,4608,1060,True,0,15,420,37,0,20,"Critter",620,2
197,"ドワーフラビット",0,"",0,0,1,0,0,"ModelChara#1387",100,10,0,0,0,"Independent",0,0,0,8,321,True,False,True,False,True,0,,True,4609,3009,True,0,20,450,36,360,30,"Critter",634,1
198,"ヘクトアイ",0,"",0,0,1,0,0,"ModelChara#1385",100,10,0,0,0,"Independent",0,0,0,8,322,True,False,True,False,True,0,,True,4610,1061,True,0,10,450,19,120,30,"Critter",608,2
199,"道士モーグリ",0,"",0,0,1,0,0,"ModelChara#1548",100,10,0,0,0,"Obedient",4,0,0,8,233,False,True,False,True,False,0,,True,4611,13,False,0,10,410,38,120,20,"Critter",614,3
200,"ジバニャン",0,"",0,0,1,0,0,"ModelChara#1390",100,10,0,0,0,"Independent",0,0,0,8,324,True,False,True,False,True,0,,True,4584,13003,False,0,25,620,1,30,20,"Critter",606,2
201,"コマさん",0,"",0,0,1,0,0,"ModelChara#1391",100,10,0,0,0,"Independent",0,0,0,8,324,True,False,True,False,True,0,,True,4586,13004,False,0,20,520,35,360,20,"Critter",634,2
202,"ウィスパー",0,"",0,0,1,0,0,"ModelChara#1392",100,10,0,0,0,"Independent",0,0,0,8,324,True,False,False,True,False,0,,True,4592,13005,False,0,15,420,14,30,20,"Critter",621,2
203,"ふぶき姫",0,"",0,0,1,0,0,"ModelChara#1393",100,10,0,0,0,"Independent",0,0,0,8,324,True,False,True,False,True,0,,True,4594,13006,False,90,10,360,11,360,30,"Critter",617,2
204,"キュウビ",0,"",0,0,1,0,0,"ModelChara#1394",100,10,0,0,0,"Independent",0,0,0,8,324,True,False,True,False,True,0,,True,4591,13007,False,0,25,630,1,120,20,"Critter",610,2
205,"コマじろう",0,"",0,0,1,0,0,"ModelChara#1395",100,10,0,0,0,"Independent",0,0,0,8,324,True,False,True,False,True,0,,True,4587,13008,False,0,15,510,20,120,20,"Critter",633,2
206,"じんめん犬",0,"",0,0,1,0,0,"ModelChara#1396",100,10,0,0,0,"Independent",0,0,0,8,324,True,False,False,True,True,0,,True,4595,13009,False,0,15,530,1,120,20,"Critter",627,2
207,"ツチノコ",0,"",0,0,1,0,0,"ModelChara#1397",100,10,0,0,0,"Independent",0,0,0,8,324,True,False,True,False,True,0,,True,4588,13010,False,0,20,650,27,360,30,"Critter",615,2
208,"オロチ",0,"",0,0,1,0,0,"ModelChara#1398",100,10,0,0,0,"Independent",0,0,0,8,324,True,False,True,False,True,0,,True,4590,13011,False,0,30,630,1,120,20,"Critter",605,2
209,"ブシニャン",0,"",0,0,1,0,0,"ModelChara#1399",100,10,0,0,0,"Independent",0,0,0,8,324,True,False,False,True,True,0,,True,4583,13012,False,0,20,650,4,30,20,"Critter",604,2
210,"フユニャン",0,"",0,0,1,0,0,"ModelChara#1400",100,10,0,0,0,"Independent",0,0,0,8,324,True,False,True,False,True,0,,True,4585,13013,False,0,10,365,1,30,30,"Critter",606,2
211,"ロボニャンＦ型",0,"",0,0,1,0,0,"ModelChara#1401",100,10,0,0,0,"Independent",0,0,0,8,324,True,False,True,False,True,0,,True,4593,13014,False,0,10,400,5,360,30,"Critter",600,2
212,"ＵＳＡピョン",0,"",0,0,1,0,0,"ModelChara#1402",100,10,0,0,0,"Independent",0,0,0,8,324,True,False,False,True,True,0,,True,4589,13015,False,0,15,550,1,30,20,"Critter",612,2
213,"",0,"",0,0,0,0,0,"ModelChara#0",0,0,0,0,0,"",0,0,0,0,0,False,False,False,False,False,0,,False,0,0,False,0,0,0,0,0,0,"",0,0
214,"ネミングウェイ",0,"",0,0,1,0,0,"ModelChara#1614",100,0,10,0,0,"Independent",0,0,0,8,325,True,False,False,False,True,0,,True,4614,12043,True,0,20,450,29,360,20,"Critter",623,3
215,"ミニアレキサンダー",0,"",0,0,1,0,0,"ModelChara#1618",100,10,0,0,0,"Independent",0,0,0,8,326,False,False,False,False,False,0,,True,4615,2006,True,0,25,600,12,360,20,"Critter",626,2
216,"うり坊",0,"",0,0,1,0,0,"ModelChara#1615",100,10,0,0,0,"Independent",0,0,0,8,327,True,False,False,False,True,0,,True,4616,1062,True,0,30,450,11,360,20,"Critter",617,1
217,"ニュー・サンクレッド",0,"",0,0,1,0,0,"ModelChara#1616",100,10,0,0,0,"Obedient",0,0,0,8,262,False,True,False,True,False,0,,True,4617,9003,True,0,15,420,19,120,30,"Critter",608,3
218,"ニュー・アリゼー",0,"",0,0,1,0,0,"ModelChara#1617",100,10,0,0,0,"Obedient",0,0,0,8,262,False,True,False,True,False,0,,True,4618,9009,True,0,10,390,9,0,20,"Critter",620,3
219,"マメット・エッダ",0,"",0,0,1,0,0,"ModelChara#1626",100,10,0,0,0,"Obedient",0,0,0,8,330,False,True,False,False,False,0,,True,4619,9025,True,0,25,420,14,30,20,"Critter",604,2
220,"マメット・ユウナ",0,"",0,0,1,0,0,"ModelChara#1611",100,10,0,0,0,"Obedient",0,0,0,8,331,False,True,False,True,False,0,,True,4620,12101,True,0,30,500,27,360,30,"Critter",615,3
221,"マメット・リュック",0,"",0,0,1,0,0,"ModelChara#1612",100,10,0,0,0,"Obedient",0,0,0,8,331,False,True,False,True,False,0,,True,4621,12102,True,0,15,420,35,360,25,"Critter",634,3
222,"マメット・ルールー",0,"",0,0,1,0,0,"ModelChara#1613",100,10,0,0,0,"Obedient",0,0,0,8,331,False,True,False,True,False,0,,True,4622,12103,True,0,20,430,1,120,20,"Critter",616,3
223,"",0,"",0,0,0,0,0,"ModelChara#0",0,0,0,0,0,"",0,0,0,0,0,False,False,False,False,False,0,,False,0,0,False,0,0,0,0,0,0,"",0,0
224,"マメット・ムーンブリダ",0,"",0,0,1,0,0,"ModelChara#1651",100,10,0,0,0,"Obedient",0,0,0,8,262,False,True,False,True,False,0,,True,4624,9013,True,0,10,400,32,0,30,"Critter",620,3
225,"コンチネンタルアイ",0,"",0,0,1,0,0,"ModelChara#1769",100,30,0,0,0,"Independent",0,0,0,8,30,True,False,False,True,True,0,,True,4625,1024,True,0,15,430,28,120,20,"Critter",605,2
226,"ブルパピー",0,"",0,0,1,0,0,"ModelChara#1690",100,30,0,0,0,"Independent",0,0,0,8,88,True,False,True,False,True,0,,True,4626,1063,True,0,10,420,22,360,20,"Critter",632,1
227,"レイズエンジェル",0,"",0,0,1,0,0,"ModelChara#1691",100,30,0,0,0,"Obedient",0,0,0,8,335,False,True,True,False,False,0,,True,4627,10014,True,0,15,450,39,0,20,"Critter",620,3
228,"マメット・エスティニアン",0,"",0,0,1,0,0,"ModelChara#1693",100,30,0,0,0,"Obedient",0,0,0,8,336,False,True,False,True,False,233,"ui/icon/000000/000001.tex",True,4628,9026,True,0,10,380,40,0,30,"Critter",631,3
229,"マメット・フレースヴェルグ",0,"",0,0,1,0,0,"ModelChara#1694",100,30,0,0,0,"Obedient",0,0,0,8,269,False,True,True,False,False,0,,True,4629,9505,True,0,25,500,29,360,20,"Critter",623,2
230,"ギギ",0,"",0,0,1,0,0,"ModelChara#1695",100,30,0,0,0,"Obedient",0,0,0,8,268,False,True,False,True,False,0,,True,4630,10005,True,0,20,445,31,0,30,"Critter",620,3
231,"人造精霊",0,"",0,0,1,0,0,"ModelChara#1697",100,30,0,0,0,"Independent",0,0,0,8,338,True,False,True,False,True,0,,True,4631,10015,True,0,25,480,11,360,20,"Critter",618,3
232,"マメット・スカアハ",0,"",0,0,1,0,0,"ModelChara#1782",100,30,0,0,0,"Obedient",0,0,0,8,339,False,True,False,True,False,0,,True,4632,2104,True,0,10,420,38,120,20,"Monster",609,2
233,"マメット・ニーズヘッグ",0,"",0,0,1,0,0,"ModelChara#1783",100,30,0,0,0,"Obedient",0,0,0,8,340,False,True,False,True,False,228,,True,4633,9506,True,0,30,450,1,120,20,"Critter",616,2
234,"ヘルパピー",0,"",0,0,1,0,0,"ModelChara#1791",100,30,0,0,0,"Independent",0,0,0,8,89,True,False,True,False,True,0,,True,4634,1064,True,0,15,420,43,0,20,"Critter",620,1
235,"マメット・オル・ディー",0,"",0,0,1,0,0,"ModelChara#1856",100,10,0,0,0,"Obedient",2,0,0,8,308,False,True,False,True,True,0,,True,4636,7012,True,0,20,450,35,360,30,"Critter",634,1
236,"クロックワークムーン",0,"",0,0,1,0,0,"ModelChara#1855",100,0,0,0,0,"Stationary",8,0,0,8,0,False,False,False,False,False,0,,True,4637,11502,True,0,30,500,11,360,20,"Critter",617,4
237,"海チョコチョコボ",0,"",0,0,1,0,0,"ModelChara#1696",100,30,0,0,0,"Independent",0,0,0,8,3,True,False,True,False,True,0,,True,4638,9,True,0,25,580,4,30,20,"Critter",604,1
238,"マメット・バッツ",0,"",0,0,1,0,0,"ModelChara#1692",100,30,0,0,0,"Independent",0,0,0,8,279,False,True,False,True,False,0,,True,4639,12051,True,0,30,450,5,360,30,"Monster",619,3
239,"マメット・レッドメイジ",0,"",0,0,1,0,0,"ModelChara#1698",100,30,0,0,0,"Obedient",0,0,0,8,223,False,True,False,True,False,0,,True,4640,12011,True,0,20,445,18,360,30,"Critter",624,3
240,"フェイパピー",0,"",0,0,1,0,0,"ModelChara#1859",100,30,0,0,0,"Independent",0,0,0,8,89,True,False,True,False,True,0,,True,4635,1065,True,0,20,440,34,0,30,"Critter",620,1
241,"ウソウソ",0,"",0,0,1,0,0,"ModelChara#1786",100,30,0,0,0,"Independent",0,0,0,8,280,True,False,True,False,True,0,,True,4641,4003,True,0,20,500,23,120,30,"Critter",631,1
242,"豆妖狐",0,"",0,0,1,0,0,"ModelChara#1784",100,10,0,0,0,"Independent",0,0,0,8,281,True,False,True,False,True,0,,True,4642,3010,True,0,25,500,27,360,30,"Monster",615,1
243,"トラジロウ",0,"",0,0,1,0,0,"ModelChara#1785",100,10,0,0,0,"Independent",0,0,0,8,13,True,False,True,False,True,0,,True,4643,3011,True,90,20,440,19,120,30,"Critter",608,1
244,"タツマゴ",0,"",0,0,1,0,0,"ModelChara#1787",100,10,0,0,0,"Independent",0,0,0,8,282,True,False,True,False,True,0,,True,4644,1066,True,0,10,300,49,0,30,"Critter",620,1
245,"ハリセンボム",0,"",0,0,1,0,0,"ModelChara#1790",100,10,0,0,0,"Independent",0,0,0,8,284,True,False,True,False,False,0,,True,4645,1067,True,90,10,470,12,360,20,"Critter",626,2
246,"ブンブク",0,"",0,0,1,0,0,"ModelChara#1788",100,10,0,0,0,"Independent",0,0,0,8,281,True,False,True,False,True,0,,True,4646,3012,True,0,20,450,10,0,20,"Monster",620,1
247,"タビスズメ",0,"",0,0,1,0,0,"ModelChara#1789",100,10,0,0,0,"Independent",3,0,0,8,285,True,False,True,False,True,0,,True,4647,5007,True,0,10,450,14,30,20,"Critter",607,1
248,"マメット・リセ",0,"",0,0,1,0,0,"ModelChara#1824",100,10,10,0,0,"Obedient",0,0,0,8,262,False,True,False,True,False,0,,True,4648,9004,True,0,25,500,1,30,20,"Critter",606,3
249,"ニュー・ユウギリ",0,"",0,0,1,0,0,"ModelChara#1825",100,10,0,0,0,"Obedient",0,0,0,8,271,False,True,False,True,False,0,,True,4649,9021,True,0,30,310,20,120,20,"Critter",631,3
250,"マメット・ゴウセツ",0,"",0,0,1,0,0,"ModelChara#1826",100,10,0,0,0,"Obedient",0,0,0,8,271,False,True,False,True,False,0,,True,4650,9027,True,0,15,320,4,30,20,"Monster",604,3
251,"マメット・ヨツユ",0,"",0,0,1,0,0,"ModelChara#1827",100,10,0,0,0,"Obedient",0,0,0,8,287,False,True,False,True,False,0,,True,4651,9028,True,0,10,290,35,360,30,"Critter",634,3
252,"マメット・グリーンワート",0,"",0,0,1,0,0,"ModelChara#1828",100,10,10,0,0,"Obedient",0,0,0,8,289,False,True,False,True,False,0,,True,4652,9035,True,0,30,590,38,30,20,"Critter",604,2
253,"マメット・ナマズオ",0,"",0,0,1,0,0,"ModelChara#1830",100,10,0,0,0,"Independent",0,0,0,8,290,False,True,True,False,False,0,,True,4653,6002,True,0,25,510,28,120,20,"Critter",605,3
254,"イヴォン人形",0,"",0,0,1,0,0,"ModelChara#1831",100,10,0,0,0,"Independent",0,0,0,8,291,False,True,True,False,False,0,,True,4654,1068,True,0,20,390,42,0,20,"Critter",620,2
255,"マメットキメラ",0,"",0,0,1,0,0,"ModelChara#1832",100,10,0,0,0,"Obedient",0,0,0,8,292,False,True,False,True,False,0,,True,4655,10016,True,0,25,510,26,120,20,"Critter",622,2
256,"マメット・ミートイーター",0,"",0,0,1,0,0,"ModelChara#1833",100,10,0,0,0,"Obedient",0,0,0,8,206,False,True,False,True,False,0,,True,4656,6001,True,0,25,480,37,0,20,"Critter",620,3
257,"魔導アヴェンジャー追従型",0,"",0,0,1,0,0,"ModelChara#1834",100,10,0,0,0,"Obedient",0,0,0,8,320,False,True,False,True,False,0,,True,4657,11007,True,0,15,360,15,0,20,"Critter",620,3
258,"ギード",0,"",0,0,1,0,0,"ModelChara#1895",100,10,0,0,0,"Independent",0,0,0,8,293,True,False,True,False,True,259,,True,4658,4004,True,0,10,330,43,0,20,"Critter",620,1
259,"マメット・エクスデス",0,"",0,0,1,0,0,"ModelChara#1896",100,10,0,0,0,"Obedient",0,0,0,8,294,False,True,False,True,False,258,,True,4659,2007,True,0,25,440,41,0,20,"Critter",620,2
260,"マメット・クロ",0,"",0,0,1,0,0,"ModelChara#1897",100,10,0,0,0,"Obedient",0,0,0,8,295,False,True,False,True,False,0,,True,4660,9031,True,0,15,520,25,360,20,"Critter",625,3
261,"マメット・スサノオ",0,"",0,0,1,0,0,"ModelChara#1898",100,10,0,0,0,"Obedient",0,0,0,8,83,False,True,False,True,False,0,,True,4661,8010,True,0,20,400,38,30,20,"Critter",640,2
262,"マメット・ラクシュミ",0,"",0,0,1,0,0,"ModelChara#1899",100,10,0,0,0,"Obedient",0,0,0,8,83,False,True,False,True,False,0,,True,4662,8011,True,0,10,320,27,360,30,"Critter",615,2
263,"マメット・ビスマルク",0,"",0,0,1,0,0,"ModelChara#1968",100,10,0,0,0,"Obedient",0,0,0,8,83,False,True,False,True,False,0,,True,4663,8008,True,0,15,550,34,0,30,"Critter",620,2
264,"マメット・ヒエン",0,"",0,0,1,0,0,"ModelChara#1978",100,10,0,0,0,"Obedient",0,0,0,8,271,False,True,False,True,False,0,,True,4664,9029,True,0,25,520,11,360,30,"Monster",617,3
265,"マメット・ラーヴァナ",0,"",0,0,1,0,0,"ModelChara#1979",100,10,0,0,0,"Obedient",0,0,0,8,83,False,True,False,True,False,0,,True,4665,8009,True,0,25,550,38,120,30,"Monster",605,2
266,"マメット・コウジン",0,"",0,0,1,0,0,"ModelChara#1980",100,10,0,0,0,"Obedient",0,0,0,8,209,False,True,False,True,False,0,,True,4666,7013,True,0,15,430,27,360,30,"Critter",615,3
267,"豆柴",0,"",0,0,1,0,0,"ModelChara#1981",100,10,0,0,0,"Independent",0,0,0,8,341,True,False,True,False,True,0,,True,4667,3013,True,0,20,500,4,30,20,"Critter",601,1
268,"天狗人形",0,"",0,0,1,0,0,"ModelChara#1982",100,10,0,0,0,"Independent",0,0,0,8,342,True,False,True,False,True,0,,True,4668,10017,True,0,15,400,19,120,30,"Critter",616,1
269,"マメット・マタンガ",0,"",0,0,1,0,0,"ModelChara#1983",100,10,0,0,0,"Independent",0,0,0,8,343,True,False,True,False,True,0,,True,4669,1069,True,0,25,600,1,30,20,"Critter",606,2
270,"マメット・ラムザ",0,"",0,0,1,0,0,"ModelChara#2046",100,10,0,0,0,"Obedient",0,0,0,8,345,False,True,False,True,False,0,,True,4670,12501,True,0,30,620,21,0,30,"Monster",620,3
271,"子コアラ",0,"",0,0,1,0,0,"ModelChara#2066",100,10,0,0,0,"Independent",9,0,0,8,346,True,False,True,False,True,0,,True,4671,3014,True,0,25,600,29,360,20,"Critter",623,1
272,"ゴマ塩アザラシ",0,"",0,0,1,0,0,"ModelChara#2067",100,10,0,0,0,"Independent",0,0,0,8,347,True,False,True,False,True,0,,True,4672,4005,True,0,20,480,26,30,30,"Critter",621,1
273,"ウーパールーパー",0,"",0,0,1,0,0,"ModelChara#2068",100,10,0,0,0,"Independent",0,0,0,8,348,True,False,True,False,True,0,,True,4673,4006,True,0,10,300,42,0,30,"Critter",620,1
274,"マメット・イクシオン",0,"",0,0,1,0,0,"ModelChara#2069",100,10,0,0,0,"Obedient",0,0,0,8,349,False,True,False,True,False,0,,True,4674,1070,True,0,30,560,20,360,40,"Critter",637,2
275,"マメット・神龍",0,"",0,0,1,0,0,"ModelChara#2124",100,10,0,0,0,"Obedient",10,0,0,8,350,False,True,False,False,False,305,,True,4675,8012,True,0,30,480,45,0,60,"Monster",620,2
276,"ニュー・ラウバーン",0,"",0,0,1,0,0,"ModelChara#2120",100,10,0,0,0,"Obedient",0,0,0,8,224,False,True,False,True,False,0,,True,4676,9018,True,0,20,400,38,30,20,"Monster",604,3
277,"マメット・アナンタ",0,"",0,0,1,0,0,"ModelChara#2232",100,10,0,0,0,"Obedient",0,0,0,8,351,False,True,True,False,False,0,,True,4677,7014,True,0,20,450,27,360,60,"Critter",615,3
278,"ミニモアイ",0,"",0,0,1,0,0,"ModelChara#2140",100,10,0,0,0,"Obedient",0,0,0,8,352,False,True,False,True,True,0,,True,4678,11510,True,0,20,450,12,360,20,"Critter",626,4
279,"シロイタチ",0,"",0,0,1,0,0,"ModelChara#2141",100,10,0,0,0,"Independent",1,0,0,8,353,True,False,False,True,False,0,,True,4679,3015,True,0,15,440,1,120,20,"Critter",605,1
280,"ジョーカーエッグ",0,"",0,0,1,0,0,"ModelChara#2142",100,10,0,0,0,"Obedient",0,0,0,8,354,False,True,False,True,False,0,,True,4680,10018,True,0,10,350,29,360,20,"Monster",623,3
281,"マメット・ケフカ",0,"",0,0,1,0,0,"ModelChara#2143",100,10,0,0,0,"Obedient",0,0,0,8,355,False,True,False,True,False,0,,True,4681,2008,True,0,30,600,43,0,20,"Monster",620,2
282,"マメット・マグナイ",0,"",0,0,1,0,0,"ModelChara#2144",100,0,10,0,0,"Obedient",11,0,0,8,356,False,True,False,True,False,294,,True,4682,9033,True,0,30,650,31,0,50,"Monster",620,3
283,"舞海月",0,"",0,0,1,0,0,"ModelChara#2155",100,10,0,0,0,"Independent",0,0,0,8,357,True,False,False,True,False,0,,True,4683,4007,True,0,15,510,20,120,20,"Critter",633,1
284,"白小虎",0,"",0,0,1,0,0,"ModelChara#2156",100,5,10,0,0,"Independent",0,0,0,8,367,False,True,True,False,False,0,,True,4684,8201,True,0,20,500,38,120,20,"Monster",609,2
285,"マメット・ファヴニル",0,"",0,0,1,0,0,"ModelChara#2157",100,10,0,0,0,"Obedient",0,0,0,8,358,False,True,False,True,False,0,,True,4685,1071,True,0,10,300,38,30,20,"Critter",606,2
286,"マメット・ミスラ",0,"",0,0,1,0,0,"ModelChara#2168",100,10,0,0,0,"Obedient",0,0,0,8,358,False,True,True,False,False,0,,True,4686,10019,True,0,20,480,11,360,30,"Monster",617,3
287,"プリンス・オブ・アネモス",0,"",0,0,1,0,0,"ModelChara#2169",100,10,0,0,0,"Independent",0,0,0,8,358,True,False,True,False,False,0,,True,4687,1072,True,0,10,430,4,30,20,"Critter",601,2
288,"狛犬",0,"",0,0,1,0,0,"ModelChara#2170",100,5,5,0,0,"Obedient",0,0,0,8,359,False,True,False,True,True,288,,True,4688,3016,True,0,20,460,37,0,20,"Critter",620,3
289,"ナマキン",0,"",0,0,1,0,0,"ModelChara#2221",100,10,0,0,0,"Independent",0,0,0,8,290,False,True,True,False,False,0,,True,4689,6002,True,0,30,560,25,360,20,"Critter",625,3
290,"セイテンショウセイ",0,"",0,0,1,0,0,"ModelChara#2238",100,10,0,0,0,"Independent",0,0,0,8,360,False,False,True,False,True,0,,True,4701,1074,True,0,30,620,1,30,20,"Critter",604,2
291,"クロックワークランタン",0,"",0,0,1,0,0,"ModelChara#2239",100,10,0,0,0,"Obedient",0,0,0,8,0,False,False,False,False,False,0,,True,4700,11511,True,0,25,650,35,360,30,"Monster",634,4
292,"クラミドサウルス",0,"",0,0,1,0,0,"ModelChara#2240",100,10,0,0,0,"Independent",0,0,0,8,362,True,False,True,False,True,0,,True,4695,3017,True,0,10,400,18,360,30,"Critter",624,1
293,"マメット・シリナ",0,"",0,0,1,0,0,"ModelChara#2241",100,10,0,0,0,"Obedient",0,0,0,8,363,False,True,False,True,False,0,,True,4697,9032,True,0,10,410,43,0,20,"Critter",620,3
294,"マメット・サドゥ",0,"",0,0,1,0,0,"ModelChara#2242",100,10,0,0,0,"Obedient",0,0,0,8,364,False,True,False,True,False,282,,True,4696,9034,True,0,30,500,5,360,30,"Monster",600,3
295,"キャシーバルブ",0,"",0,0,1,0,0,"ModelChara#2243",100,10,0,0,0,"Independent",0,0,0,8,358,True,False,True,False,False,0,,True,4690,1073,True,0,15,450,19,30,30,"Critter",621,2
296,"マメット・タルタル",0,"",0,0,1,0,0,"ModelChara#2244",100,10,0,0,0,"Obedient",0,0,0,8,358,False,True,False,True,False,0,,True,4691,10020,True,0,15,370,25,360,20,"Critter",625,3
297,"マメット・ツクヨミ",0,"",0,0,1,0,0,"ModelChara#2245",100,10,0,0,0,"Obedient",0,0,0,8,83,False,True,False,True,False,0,,True,4699,8013,True,0,20,430,1,120,20,"Monster",616,2
298,"マメット・シロ",0,"",0,0,1,0,0,"ModelChara#2246",100,10,0,0,0,"Obedient",0,0,0,8,295,False,True,False,True,False,0,,True,4698,9030,True,0,10,410,27,360,30,"Critter",615,3
299,"労働八号",0,"",0,0,1,0,0,"ModelChara#2247",100,10,0,0,0,"Obedient",0,0,0,8,365,False,True,False,True,False,0,,True,4702,2105,True,0,25,580,2,30,20,"Monster",603,2
300,"アイルー",0,"",0,0,1,0,0,"ModelChara#2284",70,15,15,0,0,"Independent",0,0,0,8,366,True,False,True,False,True,0,,True,4692,13020,False,0,15,480,11,360,20,"Critter",617,1
301,"プーギー",0,"",0,0,1,0,0,"ModelChara#2285",80,10,0,0,0,"Independent",0,0,0,8,366,True,False,True,False,True,0,,True,4693,13021,False,0,10,400,37,0,20,"Monster",620,1
302,"祭ナマズオ",0,"",0,0,1,0,0,"ModelChara#2310",100,10,0,0,0,"Independent",0,0,0,8,290,False,True,True,False,False,0,,True,4694,6002,True,0,20,430,12,360,20,"Critter",626,3
303,"朱孔雀",0,"",0,0,1,0,0,"ModelChara#2327",100,10,0,0,0,"Independent",2,0,0,8,367,False,True,True,False,False,0,,True,4703,8202,True,0,20,450,4,120,60,"Critter",610,2
304,"マメット・アルファ",0,"",0,0,1,0,0,"ModelChara#2324",100,10,0,0,0,"Independent",0,0,0,8,3,False,True,True,False,False,0,,True,4704,9507,True,0,25,440,40,0,30,"Critter",631,1
305,"プチオメガ",0,"",0,0,1,0,0,"ModelChara#2328",100,10,0,0,0,"Independent",0,0,0,8,368,False,False,False,True,False,275,,True,4705,2009,True,0,30,540,6,30,60,"Critter",603,2
306,"マメット・グ・ラハ",0,"",0,0,1,0,0,"ModelChara#2329",100,10,0,0,0,"Obedient",0,0,0,8,369,False,True,False,True,False,0,,True,4706,9038,True,0,20,520,46,0,20,"Critter",620,3
307,"陰気なゴースト人形",0,"",0,0,1,0,0,"ModelChara#2325",100,10,0,0,0,"Independent",0,0,0,8,370,False,True,False,True,False,0,,True,4707,10021,True,0,10,410,28,120,20,"Monster",605,2
308,"陽気なゴースト人形",0,"",0,0,1,0,0,"ModelChara#2326",100,10,0,0,0,"Independent",0,0,0,8,370,False,True,False,True,False,0,,True,4708,10022,True,0,25,600,21,0,20,"Monster",620,2
309,"マメット・クラウド",0,"",0,0,1,0,0,"ModelChara#2330",100,10,0,0,0,"Obedient",0,0,0,8,371,False,True,False,True,False,0,,True,4709,12071,True,0,30,490,1,30,60,"Critter",604,3
310,"マメット・エアリス",0,"",0,0,1,0,0,"ModelChara#2331",100,10,0,0,0,"Obedient",0,0,0,8,371,False,True,True,False,False,0,,True,4710,12072,True,0,15,430,22,360,20,"Critter",632,3
311,"マメット・ティファ",0,"",0,0,1,0,0,"ModelChara#2332",100,10,0,0,0,"Obedient",0,0,0,8,371,False,True,False,True,False,0,,True,4711,12073,True,0,20,440,38,30,40,"Critter",604,3
312,"ドロップチ",0,"",0,0,1,0,0,"ModelChara#2341",100,10,0,0,0,"Independent",0,0,0,8,372,True,False,True,False,True,0,,True,4712,1075,True,0,15,380,6,360,30,"Critter",600,2
313,"ブーケモーグリ",0,"",0,0,1,0,0,"ModelChara#2344",100,10,0,0,0,"Obedient",4,0,0,8,233,False,True,True,False,False,0,,True,4713,14,True,0,10,420,11,360,20,"Critter",617,3
314,"マメット・エルヴァーン",0,"",0,0,1,0,0,"ModelChara#2343",90,10,0,0,0,"Obedient",0,0,0,8,358,False,True,True,False,False,0,,True,4714,10020,True,0,20,470,10,0,20,"Critter",620,3
315,"ダルメル・カフ",0,"",0,0,1,0,0,"ModelChara#1388",100,10,0,0,0,"Independent",0,0,0,8,358,True,False,True,False,True,0,,True,4715,1073,True,0,10,400,26,120,20,"Critter",622,1
316,"カピバラ・パップ",0,"",0,0,1,0,0,"ModelChara#2342",100,10,0,0,0,"Independent",0,0,0,8,373,True,False,False,True,True,0,,True,4716,3018,True,0,15,500,31,0,30,"Monster",620,1
317,"ベイビーグレムリン",0,"",0,0,1,0,0,"ModelChara#2411",71,10,0,0,0,"Independent",0,0,0,8,374,True,False,False,True,True,0,,True,4717,1076,True,0,15,440,13,30,20,"Critter",604,1
318,"プチヴァーチュー",0,"",0,0,1,0,0,"ModelChara#2418",100,10,0,0,0,"Independent",0,0,0,8,358,True,False,False,True,True,0,,True,4718,1073,True,0,30,490,15,0,40,"Critter",620,2
319,"コユキンコ",0,"",0,0,1,0,0,"ModelChara#2417",100,10,0,0,0,"Independent",0,0,0,8,376,True,False,True,False,False,0,,True,4719,1077,True,0,10,400,6,360,40,"Critter",600,1
320,"ニュー・タタル",0,"",0,0,1,0,0,"ModelChara#2413",100,10,0,0,0,"Obedient",0,0,0,8,262,False,True,True,False,False,0,,True,4720,9010,True,0,10,440,43,0,20,"Critter",620,3
321,"アームドミニオン",0,"",0,0,1,0,0,"ModelChara#2416",100,10,0,0,0,"Obedient",0,0,0,8,378,False,True,False,True,False,0,,True,4721,11007,True,0,20,500,35,360,30,"Critter",634,2
322,"マメット・カリヤナ",0,"",0,0,1,0,0,"ModelChara#2139",100,10,0,0,0,"Obedient",0,0,0,8,351,False,True,True,False,False,0,,True,4722,7014,True,0,20,450,38,120,30,"Critter",605,3
323,"マメット・ベニコウラ",0,"",0,0,1,0,0,"ModelChara#2543",100,10,0,0,0,"Obedient",0,0,0,8,209,False,True,False,True,False,0,,True,4723,7013,True,0,15,430,4,30,40,"Critter",604,3
324,"マメット・キャリアー",0,"",0,0,1,0,0,"ModelChara#2415",100,10,0,0,0,"Obedient",0,0,0,8,379,False,True,False,True,False,0,,True,4724,11007,True,0,25,550,19,30,40,"Critter",621,3
325,"マメット・フラン",0,"",0,0,1,0,0,"ModelChara#2412",100,10,0,0,0,"Obedient",0,0,0,8,380,False,True,True,False,False,0,,True,4725,9036,True,0,25,470,34,0,30,"Critter",620,3
326,"マメット・ン・モゥ",0,"",0,0,1,0,0,"ModelChara#2441",100,10,0,0,0,"Obedient",0,0,0,8,381,False,True,True,False,False,0,,True,4726,7015,True,0,15,380,25,360,20,"Critter",625,3
327,"青帝",0,"",0,0,1,0,0,"ModelChara#2414",100,10,0,0,0,"Independent",0,0,0,8,367,False,True,True,False,False,0,,True,4727,8203,True,0,20,400,1,120,20,"Critter",605,2
328,"ふかふか座布団",0,"",0,0,1,0,0,"ModelChara#2443",100,30,0,0,0,"Stationary",12,0,0,8,0,False,False,False,False,False,0,,True,4728,11503,True,80,10,390,40,0,30,"Critter",631,4
329,"アロハウソウソ",0,"",0,0,1,0,0,"ModelChara#2444",100,10,0,0,0,"Independent",0,0,0,8,280,True,False,True,False,True,0,,True,4729,4003,True,0,10,370,42,0,30,"Monster",620,1
330,"ヘッジホッグ",0,"",0,0,1,0,0,"ModelChara#2442",100,10,0,0,0,"Independent",0,0,0,8,382,True,False,True,False,True,0,,True,4730,3019,True,0,20,480,29,360,20,"Critter",623,1
331,"ファースト・ヤ・シュトラ",0,"",0,0,1,0,0,"ModelChara#2485",100,10,0,0,0,"Obedient",0,0,0,8,262,False,True,True,False,False,0,,True,4731,9001,True,0,15,400,1,360,60,"Critter",600,3
332,"マメット・リーン",0,"",0,0,1,0,0,"ModelChara#2486",100,10,0,0,0,"Obedient",0,0,0,8,262,False,True,True,False,False,0,,True,4732,9039,True,0,20,430,42,0,20,"Critter",620,3
333,"黒柴",0,"",0,0,1,0,0,"ModelChara#2483",100,10,0,0,0,"Independent",0,0,0,8,341,True,False,True,False,True,0,,True,4733,3013,True,0,20,500,9,0,20,"Critter",620,1
334,"カメレオン",0,"",0,0,1,0,0,"ModelChara#2484",100,10,0,0,0,"Independent",0,0,0,8,383,True,False,False,True,True,0,,True,4734,3020,True,0,10,410,32,0,30,"Critter",620,1
335,"マメット・フーア",0,"",0,0,1,0,0,"ModelChara#2490",100,10,0,0,0,"Obedient",0,0,0,8,384,False,True,True,False,False,0,,True,4735,6003,True,0,15,390,36,360,30,"Critter",634,3
336,"アルマジロ・ボーラー",0,"",0,0,1,0,0,"ModelChara#2492",100,10,0,0,0,"Independent",0,0,0,8,385,True,False,False,True,True,0,,True,4736,1078,True,0,10,350,21,0,20,"Critter",620,1
337,"ロンカの水蛇？",0,"",0,0,1,0,0,"ModelChara#2493",100,10,0,0,0,"Independent",0,0,0,8,386,True,False,True,False,True,0,,True,4737,3021,True,0,15,460,17,0,30,"Critter",620,1
338,"ミニギガテンダー",0,"",0,0,1,0,0,"ModelChara#2491",100,10,0,0,0,"Independent",0,0,0,8,27,True,False,False,True,False,0,,True,4738,1079,True,0,25,565,31,0,40,"Critter",620,2
339,"クリオニッド・ラーヴァ",0,"",0,0,1,0,0,"ModelChara#2494",100,10,0,0,0,"Independent",0,0,0,8,388,True,False,True,False,True,0,,True,4739,1080,True,0,15,420,33,0,20,"Critter",620,2
340,"タイニーダックビル",0,"",0,0,1,0,0,"ModelChara#2495",100,10,0,0,0,"Independent",0,0,0,8,389,True,False,True,False,True,0,,True,4740,4008,True,0,25,540,20,30,60,"Critter",604,1
341,"ミニエデン",0,"",0,0,1,0,0,"ModelChara#2566",100,10,0,0,0,"Obedient",0,0,0,8,390,False,True,False,True,False,0,,True,4741,2010,True,0,30,450,1,30,60,"Critter",603,2
342,"ジャイアントビーバー",0,"",0,0,1,0,0,"ModelChara#2564",100,10,5,0,0,"Independent",0,0,0,8,391,True,False,True,False,True,0,,True,4742,6004,True,0,20,460,39,0,20,"Critter",620,1
343,"からくり朱雀",0,"",0,0,1,0,0,"ModelChara#2565",100,10,0,0,0,"Obedient",4,0,0,8,387,False,True,True,False,False,0,,True,4743,8202,True,0,20,480,1,120,30,"Critter",608,2
344,"マメット・オメガM",0,"",0,0,1,0,0,"ModelChara#2567",100,10,0,0,0,"Obedient",0,0,0,8,368,False,True,False,True,False,345,,True,4744,2009,True,0,15,440,51,360,20,"Critter",618,2
345,"マメット・オメガF",0,"",0,0,1,0,0,"ModelChara#2568",100,10,0,0,0,"Obedient",0,0,0,8,368,False,True,False,True,False,344,,True,4745,2009,True,0,25,400,50,360,20,"Critter",617,2
346,"ティンカーベル",0,"",0,0,1,0,0,"ModelChara#1829",100,10,0,0,0,"Obedient",0,0,0,8,392,False,True,False,True,False,0,,True,4746,11512,True,0,15,400,4,120,30,"Critter",608,4
347,"タイニーエケボア",0,"",0,0,1,0,0,"ModelChara#2602",100,10,0,0,0,"Independent",0,0,0,8,393,True,False,True,False,True,0,,True,4747,1081,True,0,15,380,44,0,30,"Critter",620,2
348,"コバンザメ級潜水艦",0,"",0,0,1,0,0,"ModelChara#2603",100,10,0,0,0,"Obedient",0,0,0,8,394,False,True,False,True,False,0,,True,4748,11007,True,0,15,415,8,30,20,"Critter",621,4
349,"ハシビロコウ",0,"",0,0,1,0,0,"ModelChara#2604",100,3,0,0,0,"Obedient",13,0,0,8,395,True,False,False,True,True,0,,True,4749,5008,True,0,10,430,13,120,20,"Critter",622,1
350,"バタフライエフェクト",0,"",0,0,1,0,0,"ModelChara#2605",100,10,0,0,0,"Obedient",0,0,0,8,396,False,False,False,True,False,0,,True,4750,3022,True,0,10,400,25,360,20,"Critter",625,1
351,"フロッガーA",0,"",0,0,1,0,0,"ModelChara#2606",100,10,0,0,0,"Obedient",0,0,0,8,397,False,True,False,True,False,0,,True,4751,11008,True,0,20,435,31,0,30,"Critter",620,4
352,"フォーギヴン・ヘイト",0,"",0,0,1,0,0,"ModelChara#2607",100,10,0,0,0,"Independent",0,0,0,8,398,True,False,False,True,False,0,,True,4752,1082,True,0,20,510,38,120,30,"Critter",609,2
353,"ポークシー・ビッツ",0,"",0,0,1,0,0,"ModelChara#2741",100,10,0,0,0,"Independent",2,0,0,8,399,True,False,True,False,True,0,,True,4753,1083,True,0,30,510,30,360,20,"Critter",623,2
354,"マメット・ピクシー",0,"",0,0,1,0,0,"ModelChara#2742",100,10,0,0,0,"Obedient",0,0,0,8,400,False,True,False,True,False,0,,True,4754,7016,True,80,20,510,27,360,30,"Critter",615,3
355,"ミスティックウェポン",0,"",0,0,1,0,0,"ModelChara#2756",100,10,0,0,0,"Independent",0,0,0,8,401,True,False,True,False,True,0,,True,4755,1084,True,90,20,390,1,30,20,"Critter",604,2
356,"ミーアキャット",0,"",0,0,1,0,0,"ModelChara#2755",100,10,0,0,0,"Independent",1,0,0,8,402,True,False,True,False,True,0,,True,4756,3023,True,0,15,400,29,360,20,"Monster",623,1
357,"ホワイト・ミニナイト",0,"",0,0,1,0,0,"ModelChara#2773",100,10,0,0,0,"Obedient",0,0,0,8,403,False,True,False,True,False,0,,True,4757,1085,True,0,10,420,10,0,20,"Monster",620,3
358,"極合金ジャスティス",0,"",0,0,1,0,0,"ModelChara#2774",100,10,0,0,0,"Obedient",0,0,0,8,404,False,True,False,True,False,0,,True,4758,2005,True,0,30,500,41,0,20,"Monster",620,3
359,"ドマキン",0,"",0,0,1,0,0,"ModelChara#2775",100,10,0,0,0,"Independent",5,0,0,8,405,True,False,True,False,True,0,,True,4759,4009,True,0,20,510,38,120,30,"Critter",609,1
360,"ニュー・エスティニアン",0,"",0,0,1,0,0,"ModelChara#2801",100,30,0,0,0,"Obedient",0,0,0,8,336,False,True,False,True,False,0,,True,4760,9026,True,0,20,420,8,30,20,"Monster",621,3
361,"プチリャナンシー",0,"",0,0,1,0,0,"ModelChara#2800",100,10,0,0,0,"Independent",0,0,0,8,406,True,False,True,False,True,0,,True,4761,1086,True,0,15,460,32,0,30,"Monster",620,2
362,"マメット・ホブゴブリン",0,"",0,0,1,0,0,"ModelChara#2802",100,10,0,0,0,"Obedient",0,0,0,8,207,False,True,False,True,False,0,,True,4762,7001,True,0,20,510,35,360,30,"Critter",634,3
363,"ケルベロス・パピー",0,"",0,0,1,0,0,"ModelChara#2803",100,10,0,0,0,"Independent",0,0,0,8,407,True,False,True,False,False,0,,True,4763,2106,True,0,25,540,26,120,20,"Critter",622,2
364,"ポッド054",0,"",0,0,1,0,0,"ModelChara#2818",100,0,10,0,0,"Obedient",0,0,0,8,408,False,True,True,False,False,0,,True,4764,13022,False,0,10,280,25,360,20,"Monster",625,4
365,"ポッド316",0,"",0,0,1,0,0,"ModelChara#2819",100,0,10,0,0,"Obedient",0,0,0,8,408,False,True,True,False,False,0,,True,4765,13022,False,0,15,520,18,360,30,"Monster",624,4
366,"ゴールドタロース",0,"",0,0,1,0,0,"ModelChara#2855",100,10,0,0,0,"Obedient",0,0,0,8,409,False,True,True,False,False,0,,True,4766,1087,True,0,25,550,32,0,40,"Critter",620,2
367,"マローン",0,"",0,0,1,0,0,"ModelChara#2856",100,10,0,0,0,"Independent",0,0,0,8,410,True,False,True,False,True,0,,True,4767,1088,True,0,10,300,18,360,30,"Critter",624,1
368,"草こびと",0,"",0,0,1,0,0,"ModelChara#2857",100,10,0,0,0,"Obedient",0,0,0,8,411,False,True,True,False,False,0,,True,4768,10023,True,0,30,700,11,360,20,"Critter",617,4
369,"ホパルの水蛇？",0,"",0,0,1,0,0,"ModelChara#2890",100,10,0,0,0,"Independent",0,0,0,8,386,True,False,True,False,True,0,,True,4769,3021,True,0,15,470,31,0,50,"Critter",620,1
370,"キタリの水蛇？",0,"",0,0,1,0,0,"ModelChara#2891",100,10,0,0,0,"Independent",0,0,0,8,386,True,False,True,False,True,0,,True,4770,3021,True,0,20,430,1,120,20,"Critter",605,1
371,"シマエナガ",0,"",0,0,1,0,0,"ModelChara#2858",100,10,0,0,0,"Independent",3,0,0,8,285,True,False,True,False,True,0,,True,4771,5009,True,0,10,280,14,30,20,"Critter",607,1
372,"パイッサ・クリナリアン",0,"",0,0,1,0,0,"ModelChara#2892",100,5,5,0,0,"Independent",0,0,0,8,273,True,False,False,True,True,0,,True,4772,1049,True,0,30,330,28,120,20,"Critter",605,2
373,"パイッサ・ウィーバー",0,"",0,0,1,0,0,"ModelChara#2893",100,5,5,0,0,"Independent",0,0,0,8,273,True,False,False,True,True,0,,True,4773,1049,True,0,25,490,29,360,20,"Monster",623,2
374,"古代人形",0,"",0,0,1,0,0,"ModelChara#2894",90,10,0,0,0,"Obedient",0,0,0,8,412,False,True,True,False,False,0,,True,4774,10023,True,0,20,470,22,360,20,"Critter",632,3
375,"コマンダー・シャーク",0,"",0,0,1,0,0,"ModelChara#2895",100,10,0,0,0,"Independent",0,0,0,8,413,True,False,True,False,True,0,,True,4775,4010,True,0,15,450,38,30,20,"Critter",640,2
376,"マメット・ドゥリア",0,"",0,0,1,0,0,"ModelChara#2896",100,10,0,0,0,"Obedient",0,0,0,8,414,False,True,True,False,False,0,,True,4776,9040,True,0,30,660,20,120,20,"Monster",631,3
377,"アマロ・ハッチリング",0,"",0,0,1,0,0,"ModelChara#2897",100,10,0,0,0,"Independent",0,0,0,8,417,True,False,True,False,True,0,,True,4777,1093,True,0,15,430,43,0,20,"Critter",620,2
378,"ララダイル",0,"",0,0,1,0,0,"ModelChara#2898",100,10,1,0,0,"Independent",0,0,0,8,415,True,False,True,False,True,0,,True,4778,4011,True,0,20,470,46,0,20,"Critter",620,1
379,"アンラッキーラビット",0,"",0,0,1,0,0,"ModelChara#2899",100,10,0,0,0,"Obedient",0,0,0,8,416,False,True,True,False,False,0,,True,4779,10025,True,0,25,480,17,0,30,"Critter",620,3
380,"ラリホードワーフ",0,"",0,0,1,0,0,"ModelChara#2977",100,10,0,0,0,"Obedient",0,0,0,8,418,False,True,False,True,False,0,,True,4780,12903,True,0,10,430,19,30,30,"Critter",601,3
381,"マメット・ミステル",0,"",0,0,1,0,0,"ModelChara#2978",100,10,0,0,0,"Obedient",0,0,0,8,419,False,True,False,True,False,0,,True,4781,9041,True,0,30,620,12,360,20,"Monster",626,3
382,"マメット・アルバート",0,"",0,0,1,0,0,"ModelChara#2979",100,10,0,0,0,"Obedient",0,0,0,8,420,False,True,False,True,False,0,,True,4782,9042,True,0,20,430,46,0,20,"Critter",620,3
383,"魔導ヘルダイバー追従型",0,"",0,0,1,0,0,"ModelChara#2980",100,5,5,0,0,"Obedient",0,0,0,8,421,False,True,False,True,False,0,,True,4783,11021,True,0,25,480,31,0,50,"Critter",620,4
384,"もちもちゲイラキャット",0,"",0,0,1,0,0,"ModelChara#2981",100,10,0,0,0,"Independent",0,0,0,8,72,True,False,True,False,True,0,,True,4784,1045,True,0,15,490,4,120,20,"Monster",605,1
385,"幻影のネクロマンサー",0,"",0,0,1,0,0,"ModelChara#2982",100,10,0,0,0,"Obedient",0,0,0,8,422,False,True,False,True,False,0,,True,4785,1089,True,0,10,380,39,0,20,"Critter",620,3
386,"アラガンメロン",0,"",0,0,1,0,0,"ModelChara#2983",100,10,0,0,0,"Obedient",0,0,0,8,0,False,True,False,True,False,0,,True,4786,11513,True,0,30,690,35,360,30,"Critter",634,4
387,"サンドフォックス",0,"",0,0,1,0,0,"ModelChara#2984",100,5,5,0,0,"Independent",0,0,0,8,423,True,False,True,False,True,0,,True,4787,3024,True,0,15,490,37,0,20,"Monster",620,1
388,"プチラノドン",0,"",0,0,1,0,0,"ModelChara#2985",100,10,0,0,0,"Independent",2,0,0,8,424,True,False,True,False,True,0,,True,4788,1090,True,0,20,430,17,0,30,"Critter",620,2
389,"ダーインスレイヴ追従型",0,"",0,0,1,0,0,"ModelChara#2986",100,10,0,0,0,"Obedient",0,0,0,8,425,False,True,False,True,False,0,,True,4789,11022,True,0,25,530,33,0,20,"Critter",620,4
390,"エンマ",0,"",0,0,1,0,0,"ModelChara#2987",100,10,0,0,0,"Independent",0,0,0,8,324,True,False,True,False,True,0,,True,4790,13016,False,0,30,510,1,30,20,"Critter",604,2
391,"蛇王カイラ",0,"",0,0,1,0,0,"ModelChara#2988",100,10,0,0,0,"Independent",0,0,0,8,324,True,False,True,False,True,0,,True,4791,13017,False,0,10,280,28,120,20,"Critter",605,2
392,"ぬらりひょん",0,"",0,0,1,0,0,"ModelChara#2989",100,10,0,0,0,"Independent",0,0,0,8,324,True,False,True,False,True,0,,True,4792,13018,False,0,20,480,25,360,20,"Critter",625,2
393,"百鬼姫",0,"",0,0,1,0,0,"ModelChara#2990",100,10,0,0,0,"Independent",0,0,0,8,324,True,False,True,False,True,0,,True,4793,13019,False,0,15,430,19,30,30,"Critter",611,2
394,"オートマトン２Ｂ",0,"",0,0,1,0,0,"ModelChara#2991",100,10,0,0,0,"Obedient",0,0,0,8,426,False,True,False,True,False,0,,True,4794,13023,False,0,25,550,38,30,40,"Critter",604,3
395,"オートマトン２Ｐ",0,"",0,0,1,0,0,"ModelChara#2992",100,10,0,0,0,"Obedient",0,0,0,8,426,False,True,False,True,False,0,,True,4795,13023,False,0,20,380,26,120,20,"Critter",622,3
396,"モモラ・モラ！！！",0,"",0,0,1,0,0,"ModelChara#3032",100,10,0,0,0,"Independent",5,0,0,8,427,True,False,True,False,True,0,,True,4796,4012,True,0,25,530,40,0,30,"Critter",631,1
397,"シルドラ級潜水艦P型",0,"",0,0,1,0,0,"ModelChara#3033",100,10,0,0,0,"Obedient",0,0,0,8,428,False,True,False,True,False,0,,True,4797,11007,True,0,30,470,1,30,20,"Critter",604,4
398,"マメット・ガイア",0,"",0,0,1,0,0,"ModelChara#3034",100,10,0,0,0,"Obedient",0,0,0,8,429,False,True,False,True,False,0,,True,4798,9043,True,0,10,240,32,0,30,"Critter",620,3
399,"マメット・パロム",0,"",0,0,1,0,0,"ModelChara#3035",100,0,10,0,0,"Obedient",18,1,0,8,242,False,True,False,True,False,0,,True,4799,12044,True,0,15,480,12,360,20,"Monster",626,3
400,"マメット・ポロム",0,"",0,0,1,0,0,"ModelChara#3036",100,0,10,0,0,"Obedient",18,1,1,8,242,False,True,False,True,False,0,,True,4800,12045,True,0,20,740,4,30,20,"Monster",601,3
401,"マメット・エッジ",0,"",0,0,1,0,0,"ModelChara#3037",100,10,0,0,0,"Obedient",0,0,0,8,242,False,True,False,True,False,0,,True,4801,12046,True,0,25,500,11,360,20,"Critter",617,3
402,"マメット・リディア",0,"",0,0,1,0,0,"ModelChara#3038",100,10,0,0,0,"Obedient",0,0,0,8,242,False,True,False,True,False,0,,True,4802,12047,True,0,30,440,39,0,20,"Critter",620,3
403,"マメット・ローザ",0,"",0,0,1,0,0,"ModelChara#3039",100,10,0,0,0,"Obedient",0,0,0,8,242,False,True,False,True,False,0,,True,4803,12048,True,0,10,380,27,360,30,"Critter",615,3
404,"セイブ・ザ・プリンセス",0,"",0,0,1,0,0,"ModelChara#3040",100,10,0,0,0,"Obedient",0,0,0,8,430,False,True,False,True,False,0,,True,4804,2107,True,0,15,400,25,360,20,"Critter",625,2
405,"ドリッピー",0,"",0,0,1,0,0,"ModelChara#3106",100,10,0,0,0,"Independent",0,0,0,8,431,True,False,True,False,True,0,,True,4805,1091,True,0,20,380,31,0,30,"Monster",620,2
406,"トライク",0,"",0,0,1,0,0,"ModelChara#3107",100,10,0,0,0,"Independent",0,0,0,8,432,True,False,True,False,True,0,,True,4806,1092,True,0,30,800,28,120,20,"Critter",605,2
407,"ゴールデンビーバー",0,"",0,0,1,0,0,"ModelChara#3156",100,10,5,0,0,"Independent",0,0,0,8,391,True,False,True,False,True,0,,True,4807,6004,True,0,25,520,34,0,30,"Critter",620,1
408,"ガル",0,"",0,0,1,0,0,"ModelChara#3108",100,10,0,0,0,"Independent",2,0,0,8,433,True,False,True,False,True,0,,True,4808,5010,True,0,10,440,18,360,30,"Critter",624,1
409,"アントイーター",0,"",0,0,1,0,0,"ModelChara#3109",100,10,0,0,0,"Independent",0,0,0,8,434,True,False,True,False,True,0,,True,4809,3025,True,0,15,450,14,30,20,"Critter",607,1
410,"ドルフィン・カフ",0,"",0,0,1,0,0,"ModelChara#3110",120,10,0,0,0,"Independent",5,0,0,8,435,True,False,True,False,True,0,,True,4810,4013,True,0,20,450,19,120,30,"Critter",608,1
411,"魔導プレデター追従型",0,"",0,0,1,0,0,"ModelChara#3111",100,10,0,0,0,"Obedient",0,0,0,8,436,False,True,False,True,False,0,,True,4811,11023,True,0,25,490,33,0,20,"Critter",620,2
412,"セニョリータ・サボテンダー",0,"",0,0,1,0,0,"ModelChara#3152",80,10,10,0,0,"Obedient",0,0,0,8,437,False,True,False,True,False,0,,True,4812,9044,True,0,30,640,43,0,20,"Monster",620,3
413,"ベンベン",0,"",0,0,1,0,0,"ModelChara#3153",100,10,0,0,0,"Obedient",0,0,0,8,438,False,True,False,True,False,0,,True,4813,11514,True,0,10,360,31,0,30,"Critter",620,4
414,"放浪者の焚き火",0,"",0,0,1,0,0,"ModelChara#3154",100,0,0,0,0,"Stationary",14,0,0,8,439,False,True,False,False,False,0,,True,4814,11515,True,0,15,550,27,360,60,"Critter",615,4
415,"機械生命体",0,"",0,0,1,0,0,"ModelChara#3155",100,10,0,0,0,"Obedient",0,0,0,8,440,False,True,False,True,False,0,,True,4815,13024,False,0,20,490,38,120,30,"Critter",609,4
416,"マメット・ライナ",0,"",0,0,1,0,0,"ModelChara#3214",100,0,10,0,0,"Obedient",15,0,0,8,441,False,True,False,True,False,381,,True,4816,9045,True,0,25,540,10,0,20,"Critter",620,3
417,"マメット・ルナル",0,"",0,0,1,0,0,"ModelChara#3215",100,0,10,0,0,"Obedient",15,0,0,8,442,False,True,False,True,False,331,,True,4817,9046,True,0,30,540,25,360,20,"Critter",625,3
418,"マメット・グンヒルド",0,"",0,0,1,0,0,"ModelChara#3216",100,10,0,0,0,"Obedient",0,0,0,8,443,False,True,False,True,False,0,,True,4818,9047,True,0,30,450,36,360,30,"Critter",634,3
419,"オートマトン９Ｓ",0,"",0,0,1,0,0,"ModelChara#3217",100,10,0,0,0,"Obedient",0,0,0,8,445,False,True,False,True,False,0,,True,4819,13024,False,0,25,500,8,30,20,"Critter",621,3
420,"マメット・ルディ",0,"",0,0,1,0,0,"ModelChara#3218",100,10,0,0,0,"Obedient",0,0,0,8,446,False,True,False,True,False,0,,True,4820,1042,True,0,15,410,4,30,20,"Critter",611,2
421,"幻栗斎",0,"",0,0,1,0,0,"ModelChara#3219",100,10,0,0,0,"Independent",1,0,0,8,447,True,False,True,False,True,0,,True,4821,3003,True,0,30,450,35,360,30,"Critter",634,1
422,"フラッグ",0,"",0,0,1,0,0,"ModelChara#3220",100,10,0,0,0,"Independent",0,0,0,8,448,True,False,True,False,True,0,,True,4822,3026,True,0,25,580,27,360,30,"Critter",615,1
423,"プチイーア",0,"",0,0,1,0,0,"ModelChara#3221",70,10,5,0,0,"Independent",0,0,0,8,449,True,False,True,False,False,0,,True,4823,1094,True,0,20,460,42,0,30,"Monster",620,2
424,"マメット・メーガス",0,"",0,0,1,0,0,"ModelChara#3222",50,10,0,0,0,"Obedient",0,0,0,8,450,False,True,False,True,False,0,,True,4824,1099,True,0,15,530,25,360,20,"Critter",625,2
425,"オプティマス・オミクロン",0,"",0,0,1,0,0,"ModelChara#3223",100,10,0,0,0,"Obedient",0,0,0,8,451,False,True,False,True,False,0,,True,4825,11024,True,0,10,400,12,360,20,"Critter",626,3
426,"マメット・アニマ",0,"",0,0,1,0,0,"ModelChara#3224",100,10,0,0,0,"Obedient",0,0,0,8,452,False,True,False,True,False,0,,True,4826,1100,True,0,15,390,38,120,30,"Critter",609,2
427,"スターバード",0,"",0,0,1,0,0,"ModelChara#3523",100,10,0,0,0,"Independent",2,0,0,8,453,True,False,True,False,True,0,,True,4827,9510,True,0,30,720,39,0,20,"Critter",620,1
428,"ナグサキャット",0,"",0,0,1,0,0,"ModelChara#3226",100,10,0,0,0,"Independent",0,0,0,8,454,True,False,True,False,True,0,,True,4828,3027,True,0,25,470,30,360,20,"Critter",623,1
429,"ニュー・ウリエンジェ",0,"",0,0,1,0,0,"ModelChara#3227",100,10,0,0,0,"Obedient",0,0,0,8,262,False,True,False,True,False,0,,True,4829,9006,True,0,20,435,27,360,30,"Critter",615,3
430,"マメット・ヴリトラ",0,"",0,0,1,0,0,"ModelChara#3228",100,10,0,0,0,"Obedient",0,0,0,8,255,False,True,False,True,False,0,,True,4830,9506,True,0,25,400,1,120,20,"Critter",616,2
431,"ヒッポカフ",0,"",0,0,1,0,0,"ModelChara#3350",100,10,0,0,0,"Independent",0,0,0,8,456,True,False,True,False,True,0,,True,4831,3028,True,0,20,600,19,30,30,"Critter",601,1
432,"カニカニ",0,"",0,0,1,0,0,"ModelChara#3351",100,10,0,0,0,"Independent",0,0,0,8,457,True,False,True,False,False,0,,True,4832,3029,True,0,30,640,22,360,20,"Critter",632,1
433,"ルナテンダー・プリンス",0,"",0,0,1,0,0,"ModelChara#3352",100,10,0,0,0,"Independent",0,0,0,8,458,True,False,True,False,False,0,,True,4833,1095,True,0,25,500,35,360,25,"Critter",634,2
434,"リトルトロル",0,"",0,0,1,0,0,"ModelChara#3353",100,10,0,0,0,"Independent",0,0,0,8,459,True,False,False,True,False,0,,True,4834,1096,True,0,20,500,23,30,20,"Critter",606,2
435,"カドゥケウス",0,"",0,0,1,0,0,"ModelChara#3354",150,10,0,0,0,"Independent",0,0,0,8,460,True,False,True,False,True,0,,True,4835,3030,True,0,15,400,13,120,20,"Critter",631,1
436,"アドベンチャーバスケット",0,"",0,0,1,0,0,"ModelChara#3355",100,10,0,0,0,"Stationary",14,0,0,8,461,False,True,False,False,False,0,,True,4836,11516,True,0,10,320,10,0,20,"Critter",620,4
437,"黄金のチャタ号",0,"",0,0,1,0,0,"ModelChara#3356",100,10,0,0,0,"Obedient",0,0,0,8,462,False,True,False,True,False,0,,True,4837,11025,True,0,15,380,29,360,20,"Critter",623,4
438,"グリーングリーナー",0,"",0,0,1,0,0,"ModelChara#3357",100,10,0,0,0,"Independent",0,0,0,8,463,True,False,True,False,False,0,,True,4838,1097,True,0,20,650,20,120,20,"Critter",602,2
439,"マメット・グレビュオフ",0,"",0,0,1,0,0,"ModelChara#3358",100,10,0,0,0,"Obedient",0,0,0,8,464,False,True,False,True,False,0,,True,4839,6005,True,0,25,600,43,0,20,"Critter",620,3
440,"ノスフェラトゥ",0,"",0,0,1,0,0,"ModelChara#3359",100,10,0,0,0,"Independent",0,0,0,8,465,True,False,True,False,True,0,,True,4840,2011,True,0,30,570,41,0,20,"Critter",620,2
441,"マメット・ヘロイス",0,"",0,0,1,0,0,"ModelChara#3360",100,10,0,0,0,"Obedient",0,0,0,8,466,False,True,False,True,False,0,,True,4841,9048,True,0,25,550,19,30,30,"Critter",613,3
442,"マメット・ダイヴァディーパ",0,"",0,0,1,0,0,"ModelChara#3361",100,10,5,0,0,"Obedient",0,0,0,8,467,False,True,False,True,False,0,,True,4842,1098,True,0,20,430,11,360,20,"Critter",617,2
443,"ルナテンダー・ロイヤル",0,"",0,0,1,0,0,"ModelChara#3481",100,10,0,0,0,"Independent",0,0,0,8,458,True,False,True,False,False,0,,True,4843,1095,True,0,25,540,42,0,20,"Critter",620,2
444,"マメット・アルカソーダラ",0,"",0,0,1,0,0,"ModelChara#3555",100,10,0,0,0,"Obedient",0,0,0,8,468,False,True,False,True,False,0,,True,4844,7017,True,0,20,500,20,120,20,"Critter",602,2
445,"マメット・カンガルー",0,"",0,0,1,0,0,"ModelChara#3556",100,10,0,0,0,"Obedient",0,0,0,8,469,False,True,False,True,False,0,,True,4845,3031,True,0,15,320,6,360,30,"Critter",600,3
446,"プロト・ドレッドノート",0,"",0,0,1,0,0,"ModelChara#3557",100,10,0,0,0,"Obedient",0,0,0,8,470,False,True,False,True,False,0,,True,4846,11026,True,0,10,370,10,0,20,"Critter",620,2
447,"カププクル",0,"",0,0,1,0,0,"ModelChara#3558",80,10,0,0,0,"Obedient",0,0,0,8,471,False,True,False,True,False,0,,True,4847,11027,True,0,15,200,21,0,30,"Critter",620,3
448,"チワワン",0,"",0,0,1,0,0,"ModelChara#3559",100,10,0,0,0,"Independent",0,0,0,8,472,True,False,True,False,True,0,,True,4848,3032,True,0,20,480,25,360,20,"Critter",625,1
449,"クロックワーク・ノウスD",0,"",0,0,1,0,0,"ModelChara#3560",70,10,0,0,0,"Obedient",0,0,0,8,473,False,True,False,True,False,0,,True,4849,11028,True,0,25,300,18,360,30,"Critter",624,4
450,"ハッピーエッグバニー",0,"",0,0,1,0,0,"ModelChara#3561",100,10,0,0,0,"Obedient",0,0,0,8,474,False,True,False,True,False,0,,True,4850,1101,True,0,10,340,41,0,20,"Critter",620,2
451,"マメット・アーゼマ",0,"",0,0,1,0,0,"ModelChara#3562",100,10,0,0,0,"Obedient",0,0,0,8,475,False,True,False,True,False,0,,True,4851,2108,True,0,15,380,11,360,20,"Critter",617,3
452,"マメット・ラグナロク",0,"",0,0,1,0,0,"ModelChara#3563",80,10,0,0,0,"Obedient",0,0,0,8,476,False,True,False,True,False,0,,True,4852,11029,True,0,20,490,43,0,20,"Critter",620,4
453,"青足のカツォ",0,"",0,0,1,0,0,"ModelChara#3564",100,10,0,0,0,"Independent",0,0,0,8,477,True,False,True,False,True,0,,True,4853,5011,True,0,25,550,41,0,20,"Critter",620,1
454,"マメット・コヨコヨ",0,"",0,0,1,0,0,"ModelChara#3565",100,10,0,0,0,"Obedient",0,0,0,8,478,False,True,False,True,False,0,,True,4854,12081,True,0,30,620,39,0,20,"Critter",620,3
455,"クロックワーク・ソル",0,"",0,0,1,0,0,"ModelChara#3566",100,10,5,0,0,"Obedient",0,0,0,8,479,False,True,False,True,False,0,,True,4855,9049,True,0,25,520,40,0,30,"Critter",631,3
456,"こねこみみさん",0,"",0,0,1,0,0,"ModelChara#3627",90,10,0,0,0,"Obedient",0,0,0,8,480,False,True,False,True,False,0,,True,4856,10027,True,0,20,500,26,120,20,"Critter",622,3
457,"ミニルオン",0,"",0,0,1,0,0,"ModelChara#3628",100,10,0,0,0,"Obedient",0,0,0,8,481,False,True,False,True,False,0,,True,4857,1101,True,0,25,500,42,0,20,"Critter",620,3
458,"クロックワーク・レッドチェイサー",0,"",0,0,1,0,0,"ModelChara#3629",100,10,0,0,0,"Obedient",0,0,0,8,482,False,True,False,True,False,0,,True,4858,11026,True,0,30,550,17,0,30,"Monster",620,3
459,"クロックワーク・ブルーチェイサー",0,"",0,0,1,0,0,"ModelChara#3630",100,10,0,0,0,"Obedient",0,0,0,8,482,False,True,False,True,False,0,,True,4859,11026,True,0,30,550,17,0,30,"Monster",620,3
460,"マメット・スカルミリョーネ",0,"",0,0,1,0,0,"ModelChara#3681",100,10,0,0,0,"Obedient",0,0,0,8,483,False,True,False,True,False,0,,True,4860,8401,True,0,25,570,31,0,30,"Critter",620,2
461,"辰チョコチョコボ",0,"",0,0,1,0,0,"ModelChara#3682",100,10,0,0,0,"Independent",0,0,0,8,3,True,False,True,False,True,0,,True,4861,9,True,0,20,460,29,360,20,"Critter",623,1
462,"モモンガ",0,"",0,0,1,0,0,"ModelChara#3683",100,10,0,0,0,"Independent",1,0,0,8,484,True,False,True,False,True,0,,True,4862,3031,True,0,15,430,22,360,20,"Critter",632,1
463,"スポンジシルキー",0,"",0,0,1,0,0,"ModelChara#3684",100,10,0,0,0,"Independent",2,0,0,8,266,True,False,True,False,True,0,,True,4863,1103,True,0,10,350,21,0,20,"Critter",620,2
464,"水道トカゲ",0,"",0,0,1,0,0,"ModelChara#3685",100,10,0,0,0,"Independent",0,0,0,8,485,True,False,True,False,True,0,,True,4864,3032,True,0,15,400,23,30,20,"Critter",601,1
465,"マメット・フィロス",0,"",0,0,1,0,0,"ModelChara#3686",100,10,0,0,0,"Obedient",0,0,0,8,486,False,True,False,True,False,0,,True,4865,9050,True,0,20,490,25,360,20,"Critter",625,3
466,"マメット・エリクトニオス",0,"",0,0,1,0,0,"ModelChara#3687",100,10,0,0,0,"Obedient",0,0,0,8,487,False,True,False,True,False,0,,True,4866,9051,True,0,25,520,28,120,20,"Critter",605,3
467,"コーギー",0,"",0,0,1,0,0,"ModelChara#3731",90,10,0,0,0,"Independent",0,0,0,8,488,True,False,True,False,True,0,,True,4867,3033,True,0,30,600,14,30,20,"Critter",607,1
468,"スカイブルーバック",0,"",0,0,1,0,0,"ModelChara#3732",100,10,0,0,0,"Independent",0,0,0,8,489,True,False,True,False,True,0,,True,4868,1104,True,0,25,500,19,120,30,"Critter",608,2
469,"スズサウルス",0,"",0,0,1,0,0,"ModelChara#3733",80,10,0,0,0,"Independent",5,0,0,8,490,True,False,True,False,True,0,,True,4869,4014,True,0,20,400,11,360,20,"Critter",618,2
470,"オートマトン・ママ",0,"",0,0,1,0,0,"ModelChara#3734",100,10,0,0,0,"Obedient",0,0,0,8,491,False,True,False,True,False,0,,True,4870,13025,False,0,15,410,43,0,20,"Critter",620,4
471,"マメット・カイナッツォ",0,"",0,0,1,0,0,"ModelChara#3735",100,10,0,0,0,"Obedient",0,0,0,8,483,False,True,False,True,False,0,,True,4871,8402,True,0,10,390,22,360,20,"Critter",632,2
472,"ファインディングウェイ",0,"",0,0,1,0,0,"ModelChara#3736",100,10,5,0,0,"Independent",0,0,0,8,492,True,False,True,False,True,0,,True,4872,6006,True,0,15,430,39,0,20,"Monster",620,2
473,"プライベート・パキポディウム",0,"",0,0,1,0,0,"ModelChara#3737",100,10,0,0,0,"Independent",0,0,0,8,42,False,True,False,True,False,0,,True,4873,1025,True,0,10,390,33,0,20,"Critter",620,1
474,"マメット・ハルオーネ",0,"",0,0,1,0,0,"ModelChara#3745",100,10,0,0,0,"Obedient",0,0,0,8,475,False,True,False,True,False,0,,True,4874,2109,True,0,20,500,41,0,20,"Critter",620,3
475,"豆列車",0,"",0,0,1,0,0,"ModelChara#3746",100,10,0,0,0,"Obedient",0,0,0,8,493,False,True,False,True,False,0,,True,4875,11027,True,0,25,570,38,120,30,"Critter",609,4
476,"マメット・ゴッドベルト",0,"",0,0,1,0,0,"ModelChara#3747",100,10,0,0,0,"Obedient",0,0,0,8,268,False,True,False,True,False,0,,True,4876,9014,True,0,30,650,34,0,30,"Monster",620,3
477,"マメット・アイドネウス",0,"",0,0,1,0,0,"ModelChara#3748",100,10,0,0,0,"Obedient",0,0,0,8,486,False,True,False,True,False,0,,True,4877,9049,True,0,25,410,23,30,20,"Critter",613,3
478,"パフィン",0,"",0,0,1,0,0,"ModelChara#3817",100,10,0,0,0,"Independent",2,0,0,8,494,True,False,True,False,True,0,,True,4878,5011,True,0,20,410,44,0,30,"Critter",620,1
479,"モサモサウルス",0,"",0,0,1,0,0,"ModelChara#3818",100,10,0,0,0,"Independent",5,0,0,8,495,True,False,True,False,False,0,,True,4879,4015,True,0,25,500,15,0,40,"Critter",620,1
480,"オクリチョウチン",0,"",0,0,1,0,0,"ModelChara#3819",100,10,0,0,0,"Obedient",0,0,0,8,496,False,True,False,True,False,0,,True,4880,1107,True,0,30,520,8,30,20,"Critter",621,4
481,"スチームウソウソ",0,"",0,0,1,0,0,"ModelChara#3820",100,10,0,0,0,"Independent",0,0,0,8,280,True,False,True,False,True,0,,True,4881,4003,True,0,20,500,2,30,20,"Critter",603,1
482,"ルベライトウェポン",0,"",0,0,1,0,0,"ModelChara#3839",90,10,0,0,0,"Obedient",0,0,0,8,497,False,True,False,True,False,0,,True,4882,8301,True,0,30,490,9,0,20,"Critter",620,3
483,"チンパンジー",0,"",0,0,1,0,0,"ModelChara#3840",100,10,0,0,0,"Independent",0,0,0,8,498,True,False,True,False,True,0,,True,4883,3034,True,0,15,350,49,0,30,"Critter",620,1
484,"エキサイティング・ダイナマイト",0,"",0,0,1,0,0,"ModelChara#3841",100,10,0,0,0,"Independent",0,0,0,8,499,True,False,True,False,False,0,,True,4884,1105,True,0,25,610,37,0,20,"Critter",620,2
485,"ミクラ・リッサ",0,"",0,0,1,0,0,"ModelChara#3842",100,10,0,0,0,"Obedient",0,0,0,8,500,False,True,False,True,False,0,,True,4885,1106,True,0,20,500,32,0,40,"Critter",620,2
486,"忍犬シロマル",0,"",0,0,1,0,0,"ModelChara#3852",100,10,0,0,0,"Independent",0,0,0,8,341,True,False,True,False,True,0,,True,4886,3035,True,0,15,300,12,360,20,"Critter",626,1
487,"マメット・アテナ",0,"",0,0,1,0,0,"ModelChara#3853",100,10,0,0,0,"Obedient",0,0,0,8,487,False,True,False,True,False,0,,True,4887,9051,True,0,25,400,36,360,30,"Critter",634,3
488,"マメット・バルバリシア",0,"",0,0,1,0,0,"ModelChara#3854",100,10,0,0,0,"Obedient",0,0,0,8,483,False,True,False,True,False,0,,True,4888,8403,True,0,15,400,30,360,20,"Critter",623,2
489,"遮光器土偶",0,"",0,0,1,0,0,"ModelChara#3856",100,10,0,0,0,"Obedient",0,0,0,8,501,False,True,False,True,False,0,,True,4889,11517,True,0,10,340,46,0,20,"Critter",620,3
490,"忍犬クロマル",0,"",0,0,1,0,0,"ModelChara#3906",100,10,0,0,0,"Independent",0,0,0,8,341,True,False,True,False,True,0,,True,4890,3035,True,0,20,500,6,360,30,"Critter",600,1
491,"オーロサパ",0,"",0,0,1,0,0,"ModelChara#3934",100,10,0,0,0,"Independent",2,0,0,8,90,True,False,True,False,True,0,,True,4891,5012,True,0,20,500,30,360,20,"Critter",623,1
492,"東方の白ツチノコ？",0,"",0,0,1,0,0,"ModelChara#3935",100,10,0,0,0,"Independent",0,0,0,8,386,True,False,True,False,True,0,,True,4892,3021,True,0,25,560,25,360,20,"Critter",625,1
493,"トルマリンウェポン",0,"",0,0,1,0,0,"ModelChara#3936",100,10,0,0,0,"Obedient",0,0,0,8,497,False,True,False,True,False,0,,True,4893,8302,True,0,30,700,28,120,20,"Critter",605,3
494,"マメット・オシュオン",0,"",0,0,1,0,0,"ModelChara#3937",100,10,0,0,0,"Obedient",0,0,0,8,475,False,True,False,True,False,0,,True,4894,2110,True,0,25,590,9,0,20,"Critter",620,3
495,"シドニア・ストロールズ",0,"",0,0,1,0,0,"ModelChara#3938",100,10,0,0,0,"Obedient",0,0,0,8,492,False,True,False,True,False,0,,True,4895,11518,True,0,20,480,4,120,20,"Critter",602,4
496,"おやすみくん",0,"",0,0,1,0,0,"ModelChara#3939",100,10,0,0,0,"Obedient",0,0,0,8,480,False,True,False,True,False,0,,True,4896,10028,True,0,15,520,35,360,25,"Critter",634,3
497,"マメット・ゴルベーザ",0,"",0,0,1,0,0,"ModelChara#3940",140,10,0,0,0,"Obedient",0,0,0,8,483,False,True,False,True,False,0,,True,4897,8405,True,0,10,290,1,120,20,"Critter",605,2
498,"トルガル・パピー",0,"",0,0,1,0,0,"ModelChara#3989",100,10,10,0,0,"Independent",0,0,0,8,91,True,False,True,False,True,0,,True,4898,12161,False,0,15,420,23,120,30,"Monster",605,1
499,"ジェリービーンズ・ピンク",0,"",0,0,1,0,0,"ModelChara#3990",100,10,0,0,0,"Independent",0,0,0,8,502,True,False,True,False,True,0,,True,4899,13026,False,0,25,600,38,120,20,"Critter",609,1
500,"ペグウィン",0,"",0,0,1,0,0,"ModelChara#3991",100,10,0,0,0,"Obedient",0,0,0,8,502,False,True,False,True,False,0,,True,4900,13026,False,0,20,500,37,0,20,"Critter",620,3
501,"ハイデリン・アイドル",0,"",0,0,1,0,0,"ModelChara#3992",100,0,10,0,0,"Obedient",20,1,0,8,503,False,True,False,True,False,0,,True,4901,9201,True,0,30,750,11,360,20,"Monster",618,3
502,"ゾディアーク・アイドル",0,"",0,0,1,0,0,"ModelChara#3993",100,0,10,0,0,"Obedient",20,1,1,8,503,False,True,False,True,False,0,,True,4902,9202,True,0,30,500,19,30,30,"Monster",611,3
503,"マメット・フルシュノ",0,"",0,0,1,0,0,"ModelChara#3994",100,10,0,0,0,"Obedient",0,0,0,8,504,False,True,False,True,False,0,,True,4903,9007,True,0,25,600,22,360,20,"Critter",632,3
504,"マメット・ジタン",0,"",0,0,1,0,0,"ModelChara#3995",100,10,0,0,0,"Obedient",0,0,0,8,505,False,True,False,True,False,505,,True,4904,12091,True,0,20,480,41,0,20,"Critter",620,3
505,"マメット・ガーネット",0,"",0,0,1,0,0,"ModelChara#3996",100,10,0,0,0,"Obedient",0,0,0,8,505,False,True,False,True,False,504,,True,4905,12092,True,0,10,350,19,30,30,"Critter",601,3
506,"レプル",0,"",0,0,1,0,0,"ModelChara#3997",100,10,0,0,0,"Independent",0,0,0,8,383,True,False,False,True,True,0,,True,4906,3020,True,0,15,560,13,120,20,"Critter",631,1
507,"プチプヌティー",0,"",0,0,1,0,0,"ModelChara#4047",120,10,0,0,0,"Independent",5,0,0,8,506,True,False,True,False,True,0,,True,4907,4016,True,0,15,600,38,30,20,"Critter",640,1
508,"エアスピナーM9",0,"",0,0,1,0,0,"ModelChara#4048",80,10,0,0,0,"Obedient",0,0,0,8,507,False,True,True,False,False,0,,True,4908,11030,True,0,10,480,18,360,30,"Critter",624,4
509,"アルパ・カフ",0,"",0,0,1,0,0,"ModelChara#4049",100,10,0,0,0,"Independent",0,0,0,8,508,True,False,True,False,True,0,,True,4909,3036,True,0,20,560,16,360,60,"Critter",630,1
510,"ハニーサッカー",0,"",0,0,1,0,0,"ModelChara#4050",100,10,0,0,0,"Independent",0,0,0,8,509,True,False,True,False,True,0,,True,4910,1113,True,0,25,730,28,120,20,"Critter",605,2
511,"ミドルホーン",0,"",0,0,1,0,0,"ModelChara#4051",100,10,0,0,0,"Independent",0,0,0,8,510,True,False,True,False,True,0,,True,4911,3038,True,0,30,850,23,30,20,"Critter",601,1
512,"イークチ",0,"",0,0,1,0,0,"ModelChara#4052",100,10,0,0,0,"Independent",0,0,0,8,511,True,False,True,False,True,0,,True,4912,3039,True,0,15,560,13,30,20,"Critter",604,1
513,"グリーンバード",0,"",0,0,1,0,0,"ModelChara#4053",100,10,0,0,0,"Independent",2,0,0,8,512,True,False,True,False,True,0,,True,4913,5013,True,0,20,440,12,360,20,"Critter",619,1
514,"ショーティ・コヨーテ",0,"",0,0,1,0,0,"ModelChara#4054",120,10,0,0,0,"Independent",0,0,0,8,513,True,False,True,False,True,0,,True,4914,3040,True,0,10,480,29,360,20,"Critter",623,1
515,"ロローロ・テー",0,"",0,0,1,0,0,"ModelChara#4055",100,10,0,0,0,"Independent",0,0,0,8,514,False,True,False,True,False,0,,True,4915,1108,True,0,15,580,19,30,30,"Critter",611,2
516,"モロコシ様",0,"",0,0,1,0,0,"ModelChara#4056",100,10,0,0,0,"Independent",0,0,0,8,515,False,True,False,True,False,0,,True,4916,11519,True,0,25,720,27,360,30,"Critter",615,1
517,"マグテンダー",0,"",0,0,1,0,0,"ModelChara#4057",70,10,0,0,0,"Independent",0,0,0,8,27,True,False,True,False,True,0,,True,4917,1109,True,0,15,520,12,360,20,"Critter",626,2
518,"ブルーキャット",0,"",0,0,1,0,0,"ModelChara#4058",100,10,0,0,0,"Independent",0,0,0,8,516,True,False,True,False,True,0,,True,4918,3041,True,0,10,480,1,120,20,"Critter",616,1
519,"トーキング・ヘッド",0,"",0,0,1,0,0,"ModelChara#4117",100,10,0,0,0,"Obedient",0,0,0,8,517,False,True,False,True,False,0,,True,4919,1110,True,0,25,600,20,360,40,"Critter",637,4
520,"マメット・マムージャ",0,"",0,0,1,0,0,"ModelChara#4118",100,10,0,0,0,"Obedient",0,0,0,8,518,False,True,False,True,False,0,,True,4920,6007,True,0,20,600,22,360,20,"Critter",632,3
521,"ドリーマー・スキャンプ",0,"",0,0,1,0,0,"ModelChara#4119",100,10,0,0,0,"Obedient",0,0,0,8,519,False,True,False,True,False,0,,True,4921,1111,True,0,10,480,35,360,25,"Critter",634,2
522,"ティンセントリーT1",0,"",0,0,1,0,0,"ModelChara#4120",100,10,0,0,0,"Obedient",0,0,0,8,520,False,True,False,True,False,0,,True,4922,11031,True,0,25,590,1,30,30,"Critter",603,3
523,"検証体アンブローズ",0,"",0,0,1,0,0,"ModelChara#4121",100,10,0,0,0,"Obedient",0,0,0,8,521,False,True,False,True,False,0,,True,4923,1112,True,0,20,580,6,360,40,"Critter",600,3
524,"ブラックキトン",0,"",0,0,1,0,0,"ModelChara#4122",100,10,0,0,0,"Obedient",0,0,0,8,522,False,True,False,True,False,0,,True,4924,2012,True,0,30,710,14,30,20,"Critter",607,2
525,"ニュー・クルル",0,"",0,0,1,0,0,"ModelChara#4123",100,10,0,0,0,"Obedient",0,0,0,8,262,False,True,False,True,False,0,,True,4925,9012,True,0,20,560,26,360,20,"Critter",619,3
526,"マメット・ゼロ",0,"",0,0,1,0,0,"ModelChara#4124",100,10,10,0,0,"Obedient",0,0,0,8,523,False,True,False,True,False,0,,True,4926,9052,True,0,25,600,20,120,20,"Monster",605,3
527,"マメット・エレンヴィル",0,"",0,0,1,0,0,"ModelChara#4125",100,10,0,0,0,"Obedient",0,0,0,8,524,False,True,False,True,False,0,,True,4927,9053,True,0,15,500,11,360,20,"Critter",617,3
528,"Nano Lord",0,"",0,0,1,0,0,"ModelChara#4385",100,10,0,0,0,"Obedient",0,0,0,8,525,False,True,False,True,False,0,,True,4928,2111,True,0,30,620,10,0,20,"Critter",620,2
529,"",0,"",0,0,0,0,0,"ModelChara#0",0,0,0,0,0,"",0,0,0,0,0,False,False,False,False,False,0,,False,0,0,False,0,0,0,0,0,0,"",0,0
530,"アダマンウェポン",0,"",0,0,1,0,0,"ModelChara#4387",100,10,0,0,0,"Obedient",0,0,0,8,497,False,True,False,True,False,0,,True,4930,8303,True,0,20,500,31,0,40,"Critter",620,3
531,"コトコトコ",0,"",0,0,1,0,0,"ModelChara#4388",100,10,0,0,0,"Independent",2,0,0,8,527,True,False,True,False,True,0,,True,4931,5014,True,0,25,500,43,0,20,"Critter",620,1
532,"シャシュエ",0,"",0,0,1,0,0,"ModelChara#4389",100,10,0,0,0,"Independent",0,0,0,8,528,True,False,True,False,True,0,,True,4932,3042,True,0,15,510,1,30,30,"Critter",606,1
533,"スピピサウルス",0,"",0,0,1,0,0,"ModelChara#4390",100,10,0,0,0,"Independent",0,0,0,8,529,True,False,True,False,True,0,,True,4933,3043,True,0,20,550,22,360,20,"Critter",632,1
534,"マメット・ペルペル",0,"",0,0,1,0,0,"ModelChara#4391",100,10,0,0,0,"Obedient",0,0,0,8,530,False,True,False,True,False,0,,True,4934,10029,True,0,10,380,31,0,50,"Critter",620,3
535,"ティンソルジャーS3",0,"",0,0,1,0,0,"ModelChara#4392",100,10,0,0,0,"Obedient",0,0,0,8,531,False,True,False,True,False,0,,True,4935,11032,True,0,25,620,40,0,30,"Critter",631,3
536,"イケニエ様",0,"",0,0,1,0,0,"ModelChara#4393",100,10,0,0,0,"Independent",0,0,0,8,532,True,False,True,False,True,0,,True,4936,11520,False,0,10,400,35,360,25,"Critter",634,1
537,"淡闇の雲",0,"",0,0,1,0,0,"ModelChara#4394",100,10,0,0,0,"Obedient",0,0,0,8,232,False,True,False,True,False,0,,True,4937,2101,True,0,20,600,31,0,30,"Critter",620,2
538,"マメット・テミス",0,"",0,0,1,0,0,"ModelChara#4395",100,10,0,0,0,"Obedient",0,0,0,8,533,False,True,False,True,False,0,,True,4938,9051,True,0,15,500,23,30,20,"Critter",613,3
539,"ローンブレイザー号",0,"",0,0,1,0,0,"ModelChara#4396",100,10,0,0,0,"Obedient",0,0,0,8,534,False,True,False,True,False,0,,True,4939,11033,True,0,10,460,42,0,20,"Critter",620,4
540,"",0,"",0,0,0,0,0,"ModelChara#0",0,0,0,0,0,"",0,0,0,0,0,False,False,False,False,False,0,,False,0,0,False,0,0,0,0,0,0,"",0,0
541,"",0,"",0,0,0,0,0,"ModelChara#0",0,0,0,0,0,"",0,0,0,0,0,False,False,False,False,False,0,,False,0,0,False,0,0,0,0,0,0,"",0,0
542,"",0,"",0,0,0,0,0,"ModelChara#0",0,0,0,0,0,"",0,0,0,0,0,False,False,False,False,False,0,,False,0,0,False,0,0,0,0,0,0,"",0,0
543,"",0,"",0,0,0,0,0,"ModelChara#0",0,0,0,0,0,"",0,0,0,0,0,False,False,False,False,False,0,,False,0,0,False,0,0,0,0,0,0,"",0,0
544,"クロックワーク・オプレッサー",0,"",0,0,1,0,0,"ModelChara#4486",100,10,0,0,0,"Obedient",0,0,0,8,537,False,True,False,True,False,0,,True,4943,11034,False,0,30,660,35,360,25,"Monster",634,4
545,"",0,"",0,0,0,0,0,"ModelChara#0",0,0,0,0,0,"",0,0,0,0,0,False,False,False,False,False,0,,False,0,0,False,0,0,0,0,0,0,"",0,0
546,"",0,"",0,0,0,0,0,"ModelChara#0",0,0,0,0,0,"",0,0,0,0,0,False,False,False,False,False,0,,False,0,0,False,0,0,0,0,0,0,"",0,0
547,"",0,"",0,0,0,0,0,"ModelChara#0",0,0,0,0,0,"",0,0,0,0,0,False,False,False,False,False,0,,False,0,0,False,0,0,0,0,0,0,"",0,0
548,"",0,"",0,0,0,0,0,"ModelChara#0",0,0,0,0,0,"",0,0,0,0,0,False,False,False,False,False,0,,False,0,0,False,0,0,0,0,0,0,"",0,0
549,"ロイヤルハウンド",0,"",0,0,1,0,0,"ModelChara#4491",100,10,0,0,0,"Independent",0,0,0,8,542,True,False,True,False,True,0,,True,4953,3045,False,0,15,400,21,0,20,"Critter",620,1
550,"",0,"",0,0,0,0,0,"ModelChara#0",0,0,0,0,0,"",0,0,0,0,0,False,False,False,False,False,0,,False,0,0,False,0,0,0,0,0,0,"",0,0
551,"",0,"",0,0,0,0,0,"ModelChara#0",0,0,0,0,0,"",0,0,0,0,0,False,False,False,False,False,0,,False,0,0,False,0,0,0,0,0,0,"",0,0
