key,0,1,2,3,4,5,6,7,8,9,10,11,12,13,14,15,16,17,18,19,20,21,22,23,24,25,26,27,28,29,30,31,32,33,34,35,36,37,38,39,40,41,42,43,44
#,Singular,Adjective,Plural,PossessivePronoun,StartsWithVowel,,Pronoun,Article,ModelChara,,FlyingCondition,,,,IsFlying,,MountCustomize,RideBGM,,,,ExitMoveDist,ExitMoveSpeed,,IsEmote,EquipHead,EquipBody,EquipLeg,EquipFoot,Order,Icon,UIPriority,RadiusRate,BaseMotionSpeed_Run,BaseMotionSpeed_Walk,,ExtraSeats,MountAction,IsAirborne,ExHotbarEnableConfig,UseEP,,IsImmobile,,
int32,str,sbyte,str,sbyte,sbyte,sbyte,sbyte,sbyte,ModelChara,uint16,MountFlyingCondition,byte,byte,byte,byte,byte,MountCustomize,BGM,str,str,str,byte,byte,bit&01,bit&02,int32,int32,int32,int32,int16,Image,byte,byte,byte,byte,byte,byte,MountAction,bit&04,bit&08,bit&10,bit&20,bit&40,byte,byte
0,"",0,"",0,0,1,0,0,"ModelChara#0",0,"",45,15,15,0,0,"MountCustomize#0","","","","",10,10,False,True,0,0,0,0,-1,,0,100,0,0,100,0,"MountAction#0",False,False,False,False,False,0,0
1,"chocobo destrier",0,"chocobos destriers",0,0,1,0,0,"ModelChara#1",2,"The Ultimate Weapon",45,15,15,1,0,"MountCustomize#1","music/ffxiv/BGM_Ride_Chocobo.scd","SE_Bt_Etc_ChocoboWhistle","SE_Bt_Etc_ChocoboWhistle_only","SE_Bt_Etc_ChocoboBye",20,20,False,True,65536,65536,65537,0,0,"ui/icon/004000/004001.tex",1,100,0,0,55,0,"MountAction#0",False,False,False,False,False,0,0
2,"",0,"",0,0,1,0,0,"ModelChara#1",3,"",45,15,15,0,0,"MountCustomize#1","music/ffxiv/BGM_Ride_RChocobo.scd","","","SE_Bt_Etc_ChocoboBye",20,20,False,True,65537,65537,65537,65537,-1,,0,100,0,0,55,0,"MountAction#0",False,False,False,False,False,0,0
3,"",0,"",0,0,1,0,0,"ModelChara#1",3,"",45,15,15,0,0,"MountCustomize#1","music/ffxiv/BGM_Ride_RChocobo.scd","","","SE_Bt_Etc_ChocoboBye",2,9,False,True,65552,65552,65537,0,-1,,0,100,0,0,55,0,"MountAction#0",False,False,False,False,False,0,0
4,"goobbue",0,"goobbues",0,0,1,0,0,"ModelChara#200",4,"",45,15,15,1,2,"MountCustomize#0","music/ffxiv/BGM_Ride_CommonMonster.scd","SE_Bt_Etc_GuuBooWhistle","SE_Bt_Etc_GuuBooWhistle_only","SE_Bt_Etc_GuuBooBye",15,9,False,True,0,0,0,0,1,"ui/icon/004000/004003.tex",6,100,0,0,60,0,"MountAction#1",False,True,False,False,False,0,0
5,"chocobo Legacy",0,"chocobos Legacy",0,0,1,0,0,"ModelChara#1",2,"",45,15,15,1,0,"MountCustomize#1","music/ffxiv/BGM_Ride_Chocobo.scd","SE_Bt_Etc_ChocoboWhistle","SE_Bt_Etc_ChocoboWhistle_only","SE_Bt_Etc_ChocoboBye",20,20,False,True,65545,65545,65545,65545,2,"ui/icon/004000/004002.tex",1,100,0,0,55,0,"MountAction#0",False,False,False,False,False,0,0
6,"armure magitek",0,"armures magitek",0,1,1,1,0,"ModelChara#2",2,"",45,0,15,1,2,"MountCustomize#0","music/ffxiv/BGM_Ride_MagitekArmor.scd","SE_Bt_Etc_MadoWhistle","SE_Bt_Etc_MadoWhistle_only","SE_Bt_Etc_MadoBye",0,10,False,True,0,131073,0,0,3,"ui/icon/004000/004006.tex",4,77,0,0,70,0,"MountAction#2",False,True,False,False,False,0,0
7,"",0,"",0,0,1,0,0,"ModelChara#311",5,"",45,15,15,0,0,"MountCustomize#2","music/ffxiv/BGM_Ride_CommonMonster.scd","","","",0,0,False,True,0,0,0,0,-1,,0,100,0,0,100,0,"MountAction#0",False,False,False,False,False,0,0
8,"coeurl",0,"coeurls",0,0,1,0,0,"ModelChara#2047",2,"",45,70,70,1,2,"MountCustomize#3","music/ffxiv/BGM_Ride_CommonMonster.scd","SE_Bt_Etc_CuahrWhistle","SE_Bt_Etc_ChocoboWhistle_only","SE_Bt_Etc_CuahrBye",20,10,False,True,0,0,0,0,4,"ui/icon/004000/004005.tex",7,60,0,0,60,0,"MountAction#0",False,False,False,False,False,0,0
9,"ahriman",0,"ahrimans",0,1,1,0,0,"ModelChara#167",2,"",45,15,70,1,2,"MountCustomize#4","music/ffxiv/BGM_Ride_CommonMonster.scd","SE_Bt_Etc_AhrimanWhistle","SE_Bt_Etc_ChocoboWhistle_only","SE_Bt_Etc_AhrimanBye",20,10,False,True,0,0,0,0,5,"ui/icon/004000/004004.tex",8,100,0,0,50,0,"MountAction#0",True,False,False,False,False,0,0
10,"",0,"",0,0,1,0,0,"ModelChara#1",3,"",45,15,15,0,0,"MountCustomize#1","music/ffxiv/BGM_Ride_CommonMonster.scd","","","SE_Bt_Etc_ChocoboBye",20,20,False,True,65536,65536,65537,0,-1,,0,100,0,0,55,0,"MountAction#0",False,False,False,False,False,0,0
11,"",0,"",0,0,1,0,0,"ModelChara#1",3,"",45,15,15,0,0,"MountCustomize#1","music/ffxiv/BGM_Ride_CommonMonster.scd","","","SE_Bt_Etc_ChocoboBye",20,20,False,True,65538,65541,65537,65538,-1,,0,100,0,0,55,0,"MountAction#0",False,False,False,False,False,0,0
12,"",0,"",0,0,1,0,0,"ModelChara#1",3,"",45,15,15,0,0,"MountCustomize#1","music/ffxiv/BGM_Ride_CommonMonster.scd","","","SE_Bt_Etc_ChocoboBye",20,20,False,True,65538,131077,65537,65538,-1,,0,100,0,0,55,0,"MountAction#0",False,False,False,False,False,0,0
13,"",0,"",0,0,1,0,0,"ModelChara#1",3,"",45,15,15,0,0,"MountCustomize#1","music/ffxiv/BGM_Ride_CommonMonster.scd","","","SE_Bt_Etc_ChocoboBye",20,20,False,True,65538,196613,65537,65538,-1,,0,100,0,0,55,0,"MountAction#0",False,False,False,False,False,0,0
14,"",0,"",0,0,1,0,0,"ModelChara#2",2,"",45,0,15,0,0,"MountCustomize#0","music/ffxiv/BGM_Ride_CommonMonster.scd","SE_Bt_Etc_MadoWhistle","SE_Bt_Etc_MadoWhistle_only","SE_Bt_Etc_MadoBye",0,10,False,True,0,65537,0,0,-1,,0,77,0,0,70,0,"MountAction#0",False,False,False,False,False,0,0
15,"licorne",0,"licornes",0,0,1,1,0,"ModelChara#2553",2,"",45,70,70,1,2,"MountCustomize#5","music/ffxiv/BGM_Ride_CommonMonster.scd","SE_Bt_Etc_UnicornWhistle","SE_Bt_Etc_ChocoboWhistle_only","SE_Bt_Etc_UnicornBye",20,10,False,True,0,0,0,0,6,"ui/icon/004000/004007.tex",200,65,0,0,70,0,"MountAction#0",False,False,False,False,False,0,0
16,"",0,"",0,0,1,0,0,"ModelChara#2",2,"",45,0,15,0,0,"MountCustomize#0","music/ffxiv/BGM_Ride_CommonMonster.scd","SE_Bt_Etc_MadoWhistle","SE_Bt_Etc_MadoWhistle_only","SE_Bt_Etc_MadoBye",0,10,False,True,0,196609,0,0,-1,,0,77,0,0,70,0,"MountAction#0",False,False,False,False,False,0,0
17,"",0,"",0,0,1,0,0,"ModelChara#2",2,"",45,0,15,0,0,"MountCustomize#0","music/ffxiv/BGM_Ride_CommonMonster.scd","SE_Bt_Etc_MadoWhistle","SE_Bt_Etc_MadoWhistle_only","SE_Bt_Etc_MadoBye",0,10,False,True,0,131073,0,0,-1,,0,77,0,0,70,0,"MountAction#3",False,False,False,False,False,0,0
18,"béhémoth",0,"béhémoths",0,0,1,1,0,"ModelChara#588",2,"",45,85,85,1,2,"MountCustomize#6","music/ffxiv/BGM_Ride_CommonMonster.scd","SE_Bt_Etc_BehemothWhistle","SE_Bt_Etc_GuuBooWhistle_only","SE_Bt_Etc_BehemothBye",20,10,False,True,0,0,0,0,7,"ui/icon/004000/004008.tex",9,55,0,0,70,0,"MountAction#0",False,False,False,False,False,0,0
19,"draconide de cavalerie",0,"draconides de cavalerie",0,0,1,1,0,"ModelChara#592",2,"",45,85,85,1,2,"MountCustomize#7","music/ffxiv/BGM_Ride_CommonMonster.scd","SE_Bt_Etc_TokageWhistle","SE_Bt_Etc_GuuBooWhistle_only","SE_Bt_Etc_TokageBye",20,10,False,True,0,0,0,0,8,"ui/icon/004000/004009.tex",10,100,0,0,70,0,"MountAction#4",False,True,False,False,False,0,0
20,"goobbue couronné",0,"goobbues couronnés",0,0,1,1,0,"ModelChara#593",4,"",45,15,15,1,2,"MountCustomize#0","music/ffxiv/BGM_Ride_CommonMonster.scd","SE_Bt_Etc_GuuBooWhistle","SE_Bt_Etc_GuuBooWhistle_only","SE_Bt_Etc_GuuBooBye",15,9,False,True,0,0,0,0,9,"ui/icon/004000/004010.tex",6,100,0,0,60,0,"MountAction#5",False,True,False,False,False,0,0
21,"armure magitek type C",0,"armures magitek type C",0,1,1,1,0,"ModelChara#2",2,"",45,0,15,1,2,"MountCustomize#0","music/ffxiv/BGM_Ride_MagitekArmor.scd","SE_Bt_Etc_MadoWhistle","SE_Bt_Etc_MadoWhistle_only","SE_Bt_Etc_MadoBye",0,10,False,True,0,262145,0,0,10,"ui/icon/004000/004011.tex",4,77,0,0,70,0,"MountAction#2",False,True,False,False,False,0,0
22,"alicorne de jais",0,"alicornes de jais",0,1,1,1,0,"ModelChara#594",2,"",45,70,70,1,2,"MountCustomize#5","music/ffxiv/BGM_Ride_CommonMonster.scd","SE_Bt_Etc_UnicornWhistle","SE_Bt_Etc_ChocoboWhistle_only","SE_Bt_Etc_UnicornBye",20,10,False,True,0,0,0,0,11,"ui/icon/004000/004012.tex",200,65,0,0,70,0,"MountAction#0",False,False,False,False,False,0,0
23,"",0,"",0,0,1,0,0,"ModelChara#592",2,"",45,15,15,0,0,"MountCustomize#7","music/ffxiv/BGM_Ride_CommonMonster.scd","SE_Bt_Etc_TokageWhistle","SE_Bt_Etc_GuuBooWhistle_only","SE_Bt_Etc_TokageBye",20,10,False,True,0,0,0,0,-1,,0,100,0,0,100,0,"MountAction#6",False,False,False,False,False,0,0
24,"",0,"",0,0,1,0,0,"ModelChara#593",4,"",45,15,15,1,2,"MountCustomize#0","music/ffxiv/BGM_Ride_CommonMonster.scd","SE_Bt_Etc_GuuBooWhistle","SE_Bt_Etc_GuuBooWhistle_only","SE_Bt_Etc_GuuBooBye",15,9,False,True,0,0,0,0,-1,,0,100,0,0,100,0,"MountAction#7",False,False,False,False,False,0,0
25,"gros chocobo",0,"gros chocobos",0,0,1,0,0,"ModelChara#643",2,"",45,0,15,1,0,"MountCustomize#0","music/ffxiv/BGM_Ride_DEBUChocobo.scd","SE_Bt_Etc_DebuCyokoboWhistle","SE_Bt_Etc_ChocoboWhistle_only","SE_Bt_Etc_DebuCyokoboBye",20,10,True,False,0,0,0,0,12,"ui/icon/004000/004013.tex",2,100,0,0,70,0,"MountAction#0",False,False,False,False,False,0,0
26,"elbst de cavalerie",0,"elbsts de cavalerie",0,0,1,0,0,"ModelChara#689",2,"",45,85,85,1,2,"MountCustomize#7","music/ffxiv/BGM_Ride_CommonMonster.scd","SE_Bt_Etc_WaterRizardWhistle","SE_Bt_Etc_GuuBooWhistle_only","SE_Bt_Etc_WaterRizardBye",20,10,False,True,0,0,0,0,13,"ui/icon/004000/004014.tex",11,100,0,0,70,0,"MountAction#0",False,False,False,False,False,0,0
27,"balancelle bombo",0,"balancelles bombo",0,0,1,1,0,"ModelChara#644",2,"",45,15,15,1,2,"MountCustomize#0","music/ffxiv/BGM_Ride_CommonMonster.scd","SE_Bt_Etc_BomKikyuuWhistle","SE_Bt_Etc_GuuBooWhistle_only","SE_Bt_Etc_BomKikyuuBye",20,10,False,True,0,0,0,0,14,"ui/icon/004000/004015.tex",12,100,0,0,70,0,"MountAction#0",True,False,False,False,False,0,0
28,"Aithon",0,"Aithon",0,1,1,0,1,"ModelChara#713",2,"",45,70,70,1,2,"MountCustomize#5","music/ffxiv/BGM_Ride_Ifrit.scd","SE_Bt_Etc_UnicornWhistle","SE_Bt_Etc_GuuBooWhistle_only","SE_Bt_Etc_UnicornBye",20,10,False,True,0,0,0,0,15,"ui/icon/004000/004016.tex",200,65,0,0,70,0,"MountAction#0",False,False,False,False,False,0,0
29,"Xanthos",0,"Xanthos",0,0,1,0,1,"ModelChara#714",2,"",45,70,70,1,2,"MountCustomize#5","music/ffxiv/BGM_Ride_Gruda.scd","SE_Bt_Etc_UnicornWhistle","SE_Bt_Etc_GuuBooWhistle_only","SE_Bt_Etc_UnicornBye",20,10,False,True,0,0,0,0,16,"ui/icon/004000/004017.tex",200,65,0,0,70,0,"MountAction#0",False,False,False,False,False,0,0
30,"Gullfaxi",0,"Gullfaxi",0,0,1,0,1,"ModelChara#715",2,"",45,70,70,1,2,"MountCustomize#5","music/ffxiv/BGM_Ride_Titan.scd","SE_Bt_Etc_UnicornWhistle","SE_Bt_Etc_GuuBooWhistle_only","SE_Bt_Etc_UnicornBye",20,10,False,True,0,0,0,0,17,"ui/icon/004000/004018.tex",200,65,0,0,70,0,"MountAction#0",False,False,False,False,False,0,0
31,"Enbarr",0,"Enbarr",0,1,1,0,1,"ModelChara#716",2,"",45,70,70,1,2,"MountCustomize#5","music/ffxiv/BGM_Ride_Leviathan.scd","SE_Bt_Etc_UnicornWhistle","SE_Bt_Etc_GuuBooWhistle_only","SE_Bt_Etc_UnicornBye",20,10,False,True,0,0,0,0,18,"ui/icon/004000/004019.tex",200,65,0,0,70,0,"MountAction#0",False,False,False,False,False,0,0
32,"lion de guerre",0,"lions de guerre",0,0,1,0,0,"ModelChara#721",2,"",45,70,50,1,2,"MountCustomize#8","music/ffxiv/BGM_Ride_CommonMonster.scd","SE_Bt_Etc_LionWhistle","SE_Bt_Etc_GuuBooWhistle_only","SE_Bt_Etc_LionBye",20,10,False,True,0,0,0,0,19,"ui/icon/004000/004020.tex",13,150,13,4,70,0,"MountAction#0",False,False,False,False,False,0,0
33,"ours de guerre",0,"ours de guerre",0,1,1,0,0,"ModelChara#719",2,"",45,15,70,1,2,"MountCustomize#9","music/ffxiv/BGM_Ride_CommonMonster.scd","SE_Bt_Etc_KumaWhistle","SE_Bt_Etc_GuuBooWhistle_only","SE_Bt_Etc_KumaBye",20,10,False,True,0,0,0,0,20,"ui/icon/004000/004021.tex",14,65,12,3,70,0,"MountAction#0",False,False,False,False,False,0,0
34,"chocobo de trait",0,"chocobos de trait",0,0,1,0,0,"ModelChara#1",2,"",45,15,15,1,0,"MountCustomize#10","music/ffxiv/BGM_Ride_Chocobo.scd","SE_Bt_Etc_ChocoboWhistle","SE_Bt_Etc_ChocoboWhistle_only","SE_Bt_Etc_ChocoboBye",20,20,False,True,65563,65563,65563,65563,21,"ui/icon/004000/004022.tex",1,100,0,0,55,1,"MountAction#0",False,False,False,False,False,0,0
35,"loup sinistre",0,"loups sinistres",0,0,1,0,0,"ModelChara#675",2,"",45,70,70,1,2,"MountCustomize#11","music/ffxiv/BGM_Ride_CommonMonster.scd","SE_Bt_Etc_WolfWhistle","SE_Bt_Etc_GuuBooWhistle_only","SE_Bt_Etc_WolfBye",20,10,False,True,0,0,0,0,22,"ui/icon/004000/004023.tex",15,100,0,0,55,0,"MountAction#0",False,False,False,False,False,0,0
36,"cheval des tempêtes",0,"chevaux des tempêtes",0,0,1,0,0,"ModelChara#811",2,"",45,70,70,1,2,"MountCustomize#12","music/ffxiv/BGM_Ride_CommonMonster.scd","SE_Bt_Etc_UnicornWhistle","SE_Bt_Etc_GuuBooWhistle_only","SE_Bt_Etc_UnicornBye",20,10,False,True,65537,65537,65537,0,23,"ui/icon/004000/004024.tex",201,100,0,0,55,0,"MountAction#0",False,False,False,False,False,0,0
37,"cheval du serpent",0,"chevaux du serpent",0,0,1,0,0,"ModelChara#811",2,"",45,70,70,1,2,"MountCustomize#12","music/ffxiv/BGM_Ride_CommonMonster.scd","SE_Bt_Etc_UnicornWhistle","SE_Bt_Etc_GuuBooWhistle_only","SE_Bt_Etc_UnicornBye",20,10,False,True,131073,131073,131073,0,24,"ui/icon/004000/004025.tex",201,100,0,0,55,0,"MountAction#0",False,False,False,False,False,0,0
38,"cheval des sables",0,"chevaux des sables",0,0,1,0,0,"ModelChara#811",2,"",45,70,70,1,2,"MountCustomize#12","music/ffxiv/BGM_Ride_CommonMonster.scd","SE_Bt_Etc_UnicornWhistle","SE_Bt_Etc_GuuBooWhistle_only","SE_Bt_Etc_UnicornBye",20,10,False,True,196609,196609,196609,0,25,"ui/icon/004000/004026.tex",201,100,0,0,55,0,"MountAction#0",False,False,False,False,False,0,0
39,"",0,"",0,0,1,0,0,"ModelChara#820",2,"",45,15,15,0,0,"MountCustomize#7","music/ffxiv/BGM_Ride_CommonMonster.scd","SE_Bt_Etc_WaterRizardWhistle","SE_Bt_Etc_GuuBooWhistle_only","SE_Bt_Etc_WaterRizardBye",20,10,False,True,0,0,0,0,-1,"ui/icon/004000/004014.tex",0,100,0,0,100,0,"MountAction#8",False,False,False,False,False,0,0
40,"Markab",0,"Markab",0,0,1,0,1,"ModelChara#817",2,"",45,70,70,1,2,"MountCustomize#5","music/ffxiv/BGM_Ride_Ramuh.scd","SE_Bt_Etc_UnicornWhistle","SE_Bt_Etc_GuuBooWhistle_only","SE_Bt_Etc_UnicornBye",20,10,False,True,0,0,0,0,26,"ui/icon/004000/004027.tex",200,65,0,0,70,0,"MountAction#0",False,False,False,False,False,0,0
41,"chocobo de cérémonie",0,"chocobos de cérémonie",0,0,1,0,0,"ModelChara#571",2,"",45,15,15,1,0,"MountCustomize#13","music/ffxiv/BGM_Ride_Chocobo.scd","SE_Bt_Etc_ChocoboWhistle","SE_Bt_Etc_ChocoboWhistle_only","SE_Bt_Etc_ChocoboBye",20,20,False,True,65537,65537,65537,65537,27,"ui/icon/004000/004031.tex",1,100,0,0,55,1,"MountAction#0",False,False,False,False,False,0,0
42,"Sleipnir",0,"Sleipnir",0,0,1,0,1,"ModelChara#866",5,"",45,70,85,1,2,"MountCustomize#14","music/ffxiv/BGM_Ride_Odin.scd","SE_Bt_Etc_SleipnilWhistle","SE_Bt_Etc_GuuBooWhistle_only","SE_Bt_Etc_SleipnilBye",20,10,False,True,0,0,0,0,28,"ui/icon/004000/004028.tex",202,100,0,0,55,0,"MountAction#0",False,False,False,False,False,0,0
43,"Boréas",0,"Boréas",0,0,1,0,1,"ModelChara#818",2,"",45,70,70,1,2,"MountCustomize#5","music/ffxiv/BGM_Ride_Shiva.scd","SE_Bt_Etc_UnicornWhistle","SE_Bt_Etc_GuuBooWhistle_only","SE_Bt_Etc_UnicornBye",20,10,False,True,0,0,0,0,29,"ui/icon/004000/004029.tex",200,65,0,0,70,0,"MountAction#0",False,False,False,False,False,0,0
44,"chocobo de parade",0,"chocobos de parade",0,0,1,0,0,"ModelChara#965",2,"",45,0,15,1,0,"MountCustomize#0","music/ffxiv/BGM_Ride_DEBUChocobo.scd","SE_Bt_Etc_DebuCyokoboWhistle","SE_Bt_Etc_ChocoboWhistle_only","SE_Bt_Etc_DebuCyokoboBye",20,10,True,False,0,0,0,0,30,"ui/icon/004000/004030.tex",2,100,0,0,70,0,"MountAction#0",False,False,False,False,False,0,0
45,"chocobo noir",0,"chocobos noirs",0,0,1,0,0,"ModelChara#966",2,"",45,15,15,1,0,"MountCustomize#1","music/ffxiv/BGM_Ride_Chocobo.scd","SE_Bt_Etc_ChocoboWhistle","SE_Bt_Etc_ChocoboWhistle_only","SE_Bt_Etc_ChocoboBye",20,20,False,True,65552,65552,131073,65537,40,"ui/icon/004000/004036.tex",1,100,0,0,55,0,"MountAction#0",False,False,False,False,False,0,0
46,"adamankhélone",0,"adamankhélones",0,1,1,1,0,"ModelChara#987",2,"",45,15,15,1,0,"MountCustomize#15","music/ffxiv/BGM_Ride_CommonMonster.scd","SE_Bt_Etc_AdamanWhistle","SE_Bt_Etc_GuuBooWhistle_only","SE_Bt_Etc_AdamanBye",5,3,False,True,0,0,0,0,31,"ui/icon/004000/004034.tex",16,65,0,0,70,0,"MountAction#0",False,False,False,False,False,0,0
47,"Kirin",0,"Kirin",0,0,1,0,1,"ModelChara#958",2,"",45,15,80,1,0,"MountCustomize#5","music/ffxiv/BGM_Ride_Kirin.scd","SE_Bt_Etc_KirinWhistle","SE_Bt_Etc_GuuBooWhistle_only","SE_Bt_Etc_KirinBye",20,10,False,True,0,0,0,0,32,"ui/icon/004000/004032.tex",200,65,0,0,70,0,"MountAction#0",False,False,False,False,False,0,0
48,"module de déplacement sphérique",0,"modules de déplacement sphérique",0,0,1,0,0,"ModelChara#1029",2,"",45,15,15,1,0,"MountCustomize#16","music/ffxiv/BGM_Ride_CommonMonster.scd","SE_Bt_Etc_DaragabWhistle","SE_Bt_Etc_MadoWhistle_only","SE_Bt_Etc_DaragabBye",0,10,False,True,0,0,0,0,33,"ui/icon/004000/004033.tex",100,100,12,4,100,0,"MountAction#9",True,True,False,False,False,0,0
49,"Fenrir",0,"Fenrir",0,0,1,0,1,"ModelChara#1026",2,"",45,15,70,1,2,"MountCustomize#17","music/ffxiv/BGM_Ride_CommonMonster.scd","SE_Bt_Etc_FenrirWhistle","SE_Bt_Etc_GuuBooWhistle_only","SE_Bt_Etc_FenrirBye",20,10,False,True,0,0,0,0,34,"ui/icon/004000/004035.tex",16,65,0,6,70,0,"MountAction#0",False,False,False,False,False,0,0
50,"Midgardsormr",0,"Midgardsormr",0,0,1,0,1,"ModelChara#926",2,"",45,15,50,1,2,"MountCustomize#0","music/ffxiv/BGM_EX1_Ride_FlyingMount.scd","SE_Bt_Etc_DragoneWhistle","SE_Bt_Etc_GuuBooWhistle_only","SE_Bt_Etc_DragoneBye",20,10,False,True,0,0,0,0,35,"ui/icon/004000/004037.tex",240,40,0,0,75,0,"MountAction#0",False,False,False,False,False,0,0
51,"",0,"",0,0,1,0,0,"ModelChara#311",5,"",45,15,15,0,0,"MountCustomize#18","","","","",0,0,False,True,0,0,0,0,-1,,0,100,0,0,100,0,"MountAction#0",False,False,False,False,False,0,0
52,"chocobo de trait rouge",0,"chocobos de trait rouges",0,0,1,0,0,"ModelChara#1",2,"",45,15,15,1,0,"MountCustomize#10","music/ffxiv/BGM_Ride_Chocobo.scd","SE_Bt_Etc_ChocoboWhistle","SE_Bt_Etc_ChocoboWhistle_only","SE_Bt_Etc_ChocoboBye",20,20,False,True,131099,131099,131099,131099,41,"ui/icon/004000/004044.tex",1,100,0,0,55,1,"MountAction#0",False,False,False,False,False,0,0
53,"sanuwa",0,"sanuwas",0,0,1,0,0,"ModelChara#1161",2,"",45,15,50,1,2,"MountCustomize#19","music/ffxiv/BGM_EX1_Ride_FlyingMount.scd","SE_Bt_Etc_CeronWhistle","SE_Bt_Etc_GuuBooWhistle_only","SE_Bt_Etc_CeronBye",20,20,False,True,0,0,0,0,36,"ui/icon/004000/004038.tex",19,90,9,3,60,0,"MountAction#0",True,False,False,False,False,0,0
54,"griffon",0,"griffons",0,0,1,0,0,"ModelChara#992",2,"",45,70,60,1,2,"MountCustomize#20","music/ffxiv/BGM_EX1_Ride_FlyingMount.scd","SE_Bt_Etc_GrifinWhistle","SE_Bt_Etc_GuuBooWhistle_only","SE_Bt_Etc_GrifinBye",20,20,False,True,0,0,0,0,37,"ui/icon/004000/004039.tex",17,60,9,3,60,0,"MountAction#0",False,False,False,False,False,0,0
55,"Manacutter",0,"Manacutter",0,0,1,0,1,"ModelChara#929",2,"",45,15,15,1,2,"MountCustomize#0","music/ffxiv/BGM_EX1_Ride_FlyingMount.scd","SE_Bt_Etc_HitorinoriWhistle","SE_Bt_Etc_MadoWhistle_only","SE_Bt_Etc_HitorinoriBye",0,10,False,True,0,0,0,0,38,"ui/icon/004000/004040.tex",101,60,0,0,60,0,"MountAction#0",True,False,False,False,False,0,0
56,"panthère de guerre",0,"panthères de guerre",0,0,1,1,0,"ModelChara#2048",2,"",45,70,70,1,2,"MountCustomize#3","music/ffxiv/BGM_Ride_CommonMonster.scd","SE_Bt_Etc_CuahrWhistle","SE_Bt_Etc_ChocoboWhistle_only","SE_Bt_Etc_CuahrBye",20,10,False,True,0,0,0,0,39,"ui/icon/004000/004041.tex",7,60,0,0,60,0,"MountAction#0",False,False,False,False,False,0,0
57,"",0,"",0,0,1,0,0,"ModelChara#1",2,"",45,15,15,1,0,"MountCustomize#1","music/ffxiv/BGM_Ride_RChocobo.scd","SE_Bt_Etc_ChocoboWhistle","SE_Bt_Etc_ChocoboWhistle_only","SE_Bt_Etc_ChocoboBye",20,20,False,True,65552,65552,131073,65537,-1,,0,100,0,0,55,0,"MountAction#0",False,False,False,False,False,0,0
58,"gobblindé",0,"gobblindés",0,0,1,0,0,"ModelChara#1011",2,"",45,0,70,1,2,"MountCustomize#21","music/ffxiv/BGM_Ride_Alex.scd","SE_Bt_Etc_GobrinTunkWhistle","SE_Bt_Etc_MadoWhistle_only","SE_Bt_Etc_GobrinTunkBye",0,10,False,True,0,0,0,0,42,"ui/icon/004000/004042.tex",101,50,0,0,50,0,"MountAction#0",False,False,False,False,False,0,0
59,"Gémellia",0,"Gémellia",0,0,1,1,1,"ModelChara#1249",2,"",45,15,60,1,2,"MountCustomize#60","music/ffxiv/BGM_EX1_Ride_FlyingMount.scd","SE_Bt_Etc_TwinTaniaWhistle","SE_Bt_Etc_GuuBooWhistle_only","SE_Bt_Etc_TwinTaniaBye",20,20,False,True,0,0,0,0,43,"ui/icon/004000/004043.tex",22,55,9,3,60,0,"MountAction#12",False,True,False,False,False,0,0
60,"",0,"",0,0,1,0,0,"ModelChara#1011",2,"",45,15,15,0,0,"MountCustomize#21","music/ffxiv/BGM_Ride_Alex.scd","SE_Bt_Etc_GobrinTunkWhistle","SE_Bt_Etc_MadoWhistle_only","SE_Bt_Etc_GobrinTunkBye",0,10,False,True,0,0,0,0,-1,,0,50,0,0,100,0,"MountAction#10",False,False,True,False,False,0,0
61,"",0,"",0,0,1,0,0,"ModelChara#1011",2,"",45,15,15,0,0,"MountCustomize#21","music/ffxiv/BGM_Ride_Alex.scd","SE_Bt_Etc_GobrinTunkWhistle","SE_Bt_Etc_MadoWhistle_only","SE_Bt_Etc_GobrinTunkBye",0,10,False,True,0,0,0,0,-1,,0,50,0,0,100,0,"MountAction#11",False,False,True,False,False,0,0
62,"balai de sorcière",0,"balais de sorcière",0,0,1,0,0,"ModelChara#1326",2,"",45,15,15,1,2,"MountCustomize#22","music/ffxiv/BGM_Ride_Broom.scd","SE_Bt_Etc_HoukiWhistle","SE_Bt_Etc_GuuBooWhistle_only","SE_Bt_Etc_HoukiBye",20,10,False,True,0,0,0,0,44,"ui/icon/004000/004045.tex",101,100,0,0,70,0,"MountAction#33",True,True,False,False,False,0,0
63,"",0,"",0,0,1,0,0,"ModelChara#1326",2,"",45,15,15,0,0,"MountCustomize#22","music/ffxiv/BGM_Ride_Broom.scd","SE_Bt_Etc_HoukiWhistle","SE_Bt_Etc_GuuBooWhistle_only","SE_Bt_Etc_HoukiBye",20,10,False,True,0,0,0,0,-1,,0,100,0,0,100,0,"MountAction#13",True,False,False,False,False,0,0
64,"",0,"",0,0,0,0,0,"ModelChara#0",0,"",0,0,0,0,0,"MountCustomize#0","","","","",0,0,False,False,0,0,0,0,0,,0,0,0,0,0,0,"MountAction#0",False,False,False,False,False,0,0
65,"",0,"",0,0,0,0,0,"ModelChara#0",0,"",0,0,0,0,0,"MountCustomize#0","","","","",0,0,False,False,0,0,0,0,0,,0,0,0,0,0,0,"MountAction#0",False,False,False,False,False,0,0
66,"",0,"",0,0,1,0,0,"ModelChara#1161",2,"",45,15,50,1,2,"MountCustomize#19","music/ffxiv/BGM_EX1_Ride_FlyingMount.scd","SE_Bt_Etc_CeronWhistle","SE_Bt_Etc_GuuBooWhistle_only","SE_Bt_Etc_CeronBye",20,20,False,True,0,0,0,0,-1,,0,60,9,3,60,0,"MountAction#14",True,False,False,False,False,0,0
67,"Pégase",0,"Pégase",0,0,1,0,1,"ModelChara#1065",2,"",45,15,80,1,2,"MountCustomize#24","music/ffxiv/BGM_EX1_Ride_FlyingMount.scd","SE_Bt_Etc_UnicornWhistle","SE_Bt_Etc_GuuBooWhistle_only","SE_Bt_Etc_UnicornBye",20,10,False,True,0,0,0,0,46,"ui/icon/004000/004047.tex",200,65,0,0,60,0,"MountAction#0",False,False,False,False,False,0,0
68,"armure magitek de Livia",0,"armures magitek de Livia",0,1,1,1,0,"ModelChara#2",2,"",45,0,15,1,2,"MountCustomize#0","music/ffxiv/BGM_Ride_MagitekSpecial.scd","SE_Bt_Etc_MadoWhistle","SE_Bt_Etc_MadoWhistle_only","SE_Bt_Etc_MadoBye",0,10,False,True,0,393217,0,0,47,"ui/icon/004000/004048.tex",4,77,0,0,70,0,"MountAction#2",False,True,False,False,False,0,0
69,"armure magitek de Nero",0,"armures magitek de Nero",0,1,1,1,0,"ModelChara#2",2,"",45,0,15,1,2,"MountCustomize#0","music/ffxiv/BGM_Ride_MagitekSpecial.scd","SE_Bt_Etc_MadoWhistle","SE_Bt_Etc_MadoWhistle_only","SE_Bt_Etc_MadoBye",0,10,False,True,0,327681,0,0,48,"ui/icon/004000/004049.tex",4,77,0,0,70,0,"MountAction#2",False,True,False,False,False,0,0
70,"wyverne",0,"wyvernes",0,0,1,1,0,"ModelChara#1412",2,"",45,15,50,1,2,"MountCustomize#25","music/ffxiv/BGM_EX1_Ride_FlyingMount.scd","SE_Bt_Etc_TwinTaniaWhistle","SE_Bt_Etc_GuuBooWhistle_only","SE_Bt_Etc_TwinTaniaBye",20,20,False,True,0,0,0,0,49,"ui/icon/004000/004050.tex",23,120,9,3,60,0,"MountAction#0",False,False,False,False,False,0,0
71,"SLE Fenrir",0,"SLE Fenrir",0,0,1,0,0,"ModelChara#964",2,"",45,15,15,1,2,"MountCustomize#65","music/ffxiv/BGM_Ride_Bike.scd","SE_Bt_Etc_BikeWhistle","SE_Bt_Etc_MadoWhistle_only","SE_Bt_Etc_BikeBye",0,10,False,True,0,0,0,0,127,"ui/icon/004000/004135.tex",106,100,0,0,60,0,"MountAction#0",False,False,False,False,False,0,0
72,"kongamato",0,"kongamato",0,0,1,0,0,"ModelChara#1411",2,"",45,0,60,1,2,"MountCustomize#26","music/ffxiv/BGM_EX1_Ride_FlyingMount.scd","SE_Bt_Etc_EnsaWhistle","SE_Bt_Etc_GuuBooWhistle_only","SE_Bt_Etc_EnsaBye",15,9,False,True,0,0,0,0,50,"ui/icon/004000/004051.tex",24,65,0,0,60,0,"MountAction#0",True,False,False,False,False,0,0
73,"zu",0,"zus",0,0,1,0,0,"ModelChara#1446",2,"",45,15,60,1,2,"MountCustomize#27","music/ffxiv/BGM_EX1_Ride_FlyingMount.scd","SE_Bt_Etc_ZooWhistle","SE_Bt_Etc_GuuBooWhistle_only","SE_Bt_Etc_ZooBye",20,20,False,True,0,0,0,0,51,"ui/icon/004000/004052.tex",25,55,9,3,55,0,"MountAction#0",False,False,False,False,False,0,0
74,"bénou",0,"bénous",0,0,1,0,0,"ModelChara#1447",2,"",45,15,60,1,2,"MountCustomize#27","music/ffxiv/BGM_Ride_Bennu.scd","SE_Bt_Etc_BennuWhistle","SE_Bt_Etc_GuuBooWhistle_only","SE_Bt_Etc_BennuWhistle_only",20,20,False,True,0,0,0,0,52,"ui/icon/004000/004053.tex",25,55,9,3,55,0,"MountAction#0",False,False,False,False,False,0,0
75,"faucon des brumes",0,"faucons des brumes",0,0,1,0,0,"ModelChara#1511",2,"",45,15,70,1,2,"MountCustomize#28","music/ffxiv/BGM_Ride_Bismark.scd","SE_Bt_Etc_BirdWhistle","SE_Bt_Etc_GuuBooWhistle_only","SE_Bt_Etc_BirdBye",20,10,False,True,0,0,0,0,53,"ui/icon/004000/004054.tex",210,90,0,0,50,0,"MountAction#0",False,False,False,False,False,0,0
76,"faucon des lames",0,"faucons des lames",0,0,1,0,0,"ModelChara#1512",2,"",45,15,70,1,2,"MountCustomize#28","music/ffxiv/BGM_Ride_Ravana.scd","SE_Bt_Etc_BirdWhistle","SE_Bt_Etc_GuuBooWhistle_only","SE_Bt_Etc_BirdBye",20,10,False,True,0,0,0,0,54,"ui/icon/004000/004055.tex",210,90,0,0,50,0,"MountAction#0",False,False,False,False,False,0,0
77,"faucon de la Table ronde",0,"faucons de la Table ronde",0,0,1,0,0,"ModelChara#1513",2,"",45,15,70,1,2,"MountCustomize#28","music/ffxiv/BGM_Ride_KoR.scd","SE_Bt_Etc_BirdWhistle","SE_Bt_Etc_GuuBooWhistle_only","SE_Bt_Etc_BirdBye",20,10,False,True,0,0,0,0,55,"ui/icon/004000/004056.tex",210,90,0,0,50,0,"MountAction#0",False,False,False,False,False,0,0
78,"faucon séphirotique",0,"faucons séphirotiques",0,0,1,0,0,"ModelChara#1514",2,"",45,15,70,1,2,"MountCustomize#28","music/ffxiv/BGM_Ride_Sephiroth.scd","SE_Bt_Etc_BirdWhistle","SE_Bt_Etc_GuuBooWhistle_only","SE_Bt_Etc_BirdBye",20,10,False,True,0,0,0,0,56,"ui/icon/004000/004057.tex",210,90,0,0,50,0,"MountAction#0",False,False,False,False,False,0,0
79,"",0,"",0,0,1,0,0,"ModelChara#1411",2,"",45,0,60,1,2,"MountCustomize#26","music/ffxiv/BGM_EX1_Ride_FlyingMount.scd","SE_Bt_Etc_EnsaWhistle","SE_Bt_Etc_GuuBooWhistle_only","SE_Bt_Etc_EnsaBye",15,9,False,True,0,0,0,0,-1,,0,65,0,0,60,0,"MountAction#15",False,False,False,False,False,0,0
80,"Gloria",0,"Gloria",0,0,1,0,1,"ModelChara#1444",2,"",45,15,15,1,2,"MountCustomize#29","music/ffxiv/BGM_EX1_Ride_FlyingMount.scd","SE_Bt_Etc_CyoukogataWhistle","SE_Bt_Etc_MadoWhistle_only","SE_Bt_Etc_CyoukogataBye",0,10,False,True,0,0,0,0,57,"ui/icon/004000/004058.tex",101,140,0,0,70,0,"MountAction#0",True,False,False,False,False,0,0
81,"nuage magique",0,"nuages magiques",0,0,1,0,0,"ModelChara#1505",2,"",45,15,15,1,2,"MountCustomize#30","music/ffxiv/BGM_EX1_Ride_FlyingMount.scd","SE_Bt_Etc_KintounWhistle","SE_Bt_Etc_GuuBooWhistle_only","SE_Bt_Etc_KintounBye",20,20,False,True,0,0,0,0,58,"ui/icon/004000/004059.tex",251,100,0,0,70,0,"MountAction#0",True,False,False,False,False,0,0
82,"gros chocobo original",0,"gros chocobos originaux",0,0,1,0,0,"ModelChara#1520",2,"",45,0,15,1,0,"MountCustomize#0","music/ffxiv/BGM_Ride_DEBUChocobo.scd","SE_Bt_Etc_DebuCyokoboWhistle","SE_Bt_Etc_ChocoboWhistle_only","SE_Bt_Etc_DebuCyokoboBye",20,10,True,False,0,0,0,0,59,"ui/icon/004000/004060.tex",2,100,0,0,70,0,"MountAction#0",False,False,False,False,False,0,0
83,"Astérope",0,"Astérope",0,1,1,0,1,"ModelChara#1476",2,"",45,15,80,1,2,"MountCustomize#31","music/ffxiv/BGM_EX1_Ride_FlyingMount.scd","SE_Bt_Etc_UnicornWhistle","SE_Bt_Etc_GuuBooWhistle_only","SE_Bt_Etc_UnicornBye",20,10,False,True,0,0,0,0,60,"ui/icon/004000/004061.tex",200,65,0,0,60,1,"MountAction#0",False,False,False,False,False,0,0
84,"gros Mog",0,"gros Mogs",0,0,1,0,0,"ModelChara#1532",2,"",45,15,15,1,2,"MountCustomize#32","music/ffxiv/BGM_Ride_Mogle.scd","SE_Bt_Etc_MogKikyuuWhistle","SE_Bt_Etc_GuuBooWhistle_only","SE_Bt_Etc_MogKikyuuBye",20,10,False,True,0,0,0,0,61,"ui/icon/004000/004062.tex",3,100,0,0,50,1,"MountAction#20",True,True,False,False,False,0,0
85,"",0,"",0,0,1,0,0,"ModelChara#820",2,"",45,15,15,0,0,"MountCustomize#7","music/ffxiv/BGM_Ride_CommonMonster.scd","SE_Bt_Etc_WaterRizardWhistle","SE_Bt_Etc_GuuBooWhistle_only","SE_Bt_Etc_WaterRizardBye",20,10,False,True,0,0,0,0,-1,,0,100,0,0,100,0,"MountAction#16",False,False,False,False,False,0,0
86,"mogrette",0,"mogrettes",0,0,1,1,0,"ModelChara#1515",2,"",45,15,15,1,2,"MountCustomize#33","music/ffxiv/BGM_EX1_Ride_FlyingMount.scd","SE_Bt_Etc_PopoWhistle","SE_Bt_Etc_GuuBooWhistle_only","SE_Bt_Etc_PopoBye",20,10,False,True,0,0,0,0,63,"ui/icon/004000/004063.tex",26,100,0,0,70,0,"MountAction#19",True,True,False,False,False,0,0
87,"Whisper",0,"Whisper",0,0,1,0,0,"ModelChara#1534",2,"",45,15,15,1,2,"MountCustomize#34","music/ffxiv/BGM_EX1_Ride_FlyingMount.scd","SE_Bt_Etc_YoukaiWhistle","SE_Bt_Etc_GuuBooWhistle_only","SE_Bt_Etc_YoukaiBye",0,10,False,True,0,0,0,0,64,"ui/icon/004000/004064.tex",253,200,0,0,70,0,"MountAction#0",True,False,False,False,False,0,0
88,"",0,"",0,0,1,0,0,"ModelChara#1412",2,"",45,15,50,1,2,"MountCustomize#25","music/ffxiv/BGM_EX1_Ride_FlyingMount.scd","SE_Bt_Etc_TwinTaniaWhistle","SE_Bt_Etc_GuuBooWhistle_only","SE_Bt_Etc_TwinTaniaBye",20,20,False,True,0,0,0,0,-1,,0,120,9,3,60,0,"MountAction#17",True,False,False,False,False,0,0
89,"",0,"",0,0,1,0,0,"ModelChara#1515",2,"",45,15,15,1,2,"MountCustomize#33","music/ffxiv/BGM_EX1_Ride_FlyingMount.scd","SE_Bt_Etc_PopoWhistle","SE_Bt_Etc_GuuBooWhistle_only","SE_Bt_Etc_PopoBye",20,10,False,True,0,0,0,0,-1,,0,100,0,0,70,0,"MountAction#18",True,False,False,False,False,0,0
90,"faucon des ombres",0,"faucons des ombres",0,0,1,0,0,"ModelChara#1580",2,"",45,15,70,1,2,"MountCustomize#28","music/ffxiv/BGM_Ride_Nidhogg.scd","SE_Bt_Etc_BirdWhistle","SE_Bt_Etc_GuuBooWhistle_only","SE_Bt_Etc_BirdBye",20,10,False,True,0,0,0,0,65,"ui/icon/004000/004065.tex",210,90,0,0,50,0,"MountAction#0",False,False,False,False,False,0,0
91,"sphère de lévitation",0,"sphères de lévitation",0,0,1,1,0,"ModelChara#1636",2,"",45,15,15,1,0,"MountCustomize#16","music/ffxiv/BGM_EX1_Ride_FlyingMount.scd","SE_Bt_Etc_DaragabWhistle","SE_Bt_Etc_MadoWhistle_only","SE_Bt_Etc_DaragabBye",0,10,False,True,0,0,0,0,66,"ui/icon/004000/004066.tex",100,100,12,4,100,0,"MountAction#9",True,True,False,False,False,0,0
92,"tête ailée",0,"têtes ailées",0,0,1,1,0,"ModelChara#1635",2,"",45,15,70,1,2,"MountCustomize#4","music/ffxiv/BGM_EX1_Ride_FlyingMount.scd","SE_Bt_Etc_AhrimanWhistle","SE_Bt_Etc_ChocoboWhistle_only","SE_Bt_Etc_AhrimanBye",20,10,False,True,0,0,0,0,67,"ui/icon/004000/004068.tex",27,100,0,0,50,0,"MountAction#0",True,False,False,False,False,0,0
93,"managarm",0,"managarm",0,0,1,0,0,"ModelChara#1629",2,"",45,15,70,1,2,"MountCustomize#35","music/ffxiv/BGM_EX1_Ride_FlyingMount.scd","SE_Bt_Etc_FenrirWhistle","SE_Bt_Etc_GuuBooWhistle_only","SE_Bt_Etc_FenrirBye",20,10,False,True,0,0,0,0,68,"ui/icon/004000/004067.tex",16,100,0,6,70,0,"MountAction#0",False,False,False,False,False,0,0
94,"Whisper II",0,"Whisper II",0,0,1,0,0,"ModelChara#1646",2,"",45,15,15,1,2,"MountCustomize#34","music/ffxiv/BGM_EX1_Ride_FlyingMount.scd","SE_Bt_Etc_YoukaiWhistle","SE_Bt_Etc_GuuBooWhistle_only","SE_Bt_Etc_YoukaiBye",0,10,False,True,0,0,0,0,69,"ui/icon/004000/004069.tex",253,200,0,0,70,0,"MountAction#0",True,False,False,False,False,0,0
95,"Gôten",0,"Gôten",0,0,1,0,1,"ModelChara#1585",2,"",45,70,70,1,2,"MountCustomize#36","music/ffxiv/BGM_EX1_Ride_FlyingMount.scd","SE_Bt_Etc_GaroWhistle","SE_Bt_Etc_GuuBooWhistle_only","SE_Bt_Etc_GaroBye",20,10,False,True,0,0,0,0,70,"ui/icon/004000/004074.tex",254,100,0,0,55,0,"MountAction#0",False,False,False,False,False,0,0
96,"Ginga",0,"Ginga",0,0,1,0,1,"ModelChara#1586",2,"",45,70,70,1,2,"MountCustomize#36","music/ffxiv/BGM_EX1_Ride_FlyingMount.scd","SE_Bt_Etc_GaroWhistle","SE_Bt_Etc_GuuBooWhistle_only","SE_Bt_Etc_GaroBye",20,10,False,True,0,0,0,0,71,"ui/icon/004000/004075.tex",254,100,0,0,55,0,"MountAction#0",False,False,False,False,False,0,0
97,"panda mystique",0,"pandas mystiques",0,0,1,0,0,"ModelChara#1593",2,"",45,15,70,1,2,"MountCustomize#9","music/ffxiv/BGM_Ride_Kyellow.scd","SE_Bt_Etc_PandaWhistle","SE_Bt_Etc_GuuBooWhistle_only","SE_Bt_Etc_PandaBye",20,10,False,True,0,0,0,0,72,"ui/icon/004000/004070.tex",37,65,12,3,70,0,"MountAction#0",False,False,False,False,False,0,0
98,"faucon sophique",0,"faucons sophiques",0,0,1,0,0,"ModelChara#1768",2,"",45,15,70,1,2,"MountCustomize#28","music/ffxiv/BGM_Ride_Sophia.scd","SE_Bt_Etc_BirdWhistle","SE_Bt_Etc_GuuBooWhistle_only","SE_Bt_Etc_BirdBye",20,10,False,True,0,0,0,0,73,"ui/icon/004000/004071.tex",210,90,0,0,50,0,"MountAction#0",False,False,False,False,False,0,0
99,"ours de la fête des étoiles",0,"ours de la fête des étoiles",0,1,1,0,0,"ModelChara#1658",2,"",45,15,70,1,2,"MountCustomize#9","music/ffxiv/BGM_EX1_Ride_FlyingMount.scd","SE_Bt_Etc_XmasKumaWhistle","SE_Bt_Etc_GuuBooWhistle_only","SE_Bt_Etc_XmasKumaBye",20,10,False,True,0,0,0,0,74,"ui/icon/004000/004102.tex",37,65,12,3,70,0,"MountAction#32",False,True,False,False,False,0,0
100,"pégase des ténèbres",0,"pégases des ténèbres",0,0,1,0,0,"ModelChara#1472",2,"",45,15,80,1,2,"MountCustomize#24","music/ffxiv/BGM_EX1_Ride_FlyingMount.scd","SE_Bt_Etc_UnicornWhistle","SE_Bt_Etc_GuuBooWhistle_only","SE_Bt_Etc_UnicornBye",20,10,False,True,0,0,0,0,75,"ui/icon/004000/004072.tex",200,65,0,0,60,0,"MountAction#0",False,False,False,False,False,0,0
101,"messager d'Arrhabée",0,"messagers d'Arrhabée",0,0,1,0,0,"ModelChara#1704",2,"",45,15,15,1,2,"MountCustomize#38","music/ffxiv/BGM_Ride_Alex2.scd","SE_Bt_Etc_AlxWhistle","SE_Bt_Etc_MadoWhistle_only","SE_Bt_Etc_AlxBye",0,10,False,False,0,0,0,0,76,"ui/icon/004000/004073.tex",101,100,0,0,70,0,"MountAction#0",True,False,False,False,False,0,0
102,"Raigo",0,"Raigo",0,0,1,0,1,"ModelChara#1587",2,"",45,70,70,1,2,"MountCustomize#39","music/ffxiv/BGM_EX1_Ride_FlyingMount.scd","SE_Bt_Etc_GaroWhistle","SE_Bt_Etc_GuuBooWhistle_only","SE_Bt_Etc_GaroBye",20,10,False,True,0,0,0,0,79,"ui/icon/004000/004076.tex",254,100,0,0,55,0,"MountAction#0",False,False,False,False,False,0,0
103,"armure magitek de Nero",0,"armures magitek de Nero",0,1,1,1,0,"ModelChara#2",2,"",45,0,15,0,0,"MountCustomize#0","music/ffxiv/BGM_Ride_MagitekSpecial.scd","SE_Bt_Etc_MadoWhistle","SE_Bt_Etc_MadoWhistle_only","SE_Bt_Etc_MadoBye",0,10,False,True,0,327681,0,0,-1,,0,77,0,0,70,0,"MountAction#23",False,False,False,False,False,0,0
104,"faucon zurvanique",0,"faucons zurvaniques",0,0,1,0,0,"ModelChara#1857",2,"",45,15,70,1,2,"MountCustomize#28","music/ffxiv/BGM_Ride_Demon.scd","SE_Bt_Etc_BirdWhistle","SE_Bt_Etc_GuuBooWhistle_only","SE_Bt_Etc_BirdBye",20,10,False,True,0,0,0,0,77,"ui/icon/004000/004077.tex",210,90,0,0,50,0,"MountAction#0",False,False,False,False,False,0,0
105,"Hôô",0,"Hôô",0,0,1,0,1,"ModelChara#1765",2,"",45,15,70,1,2,"MountCustomize#46","music/ffxiv/BGM_Ride_Bcomp.scd","SE_Bt_Etc_HououWhistle","SE_Bt_Etc_HououBye","SE_Bt_Etc_HououBye",20,10,False,True,0,0,0,0,78,"ui/icon/004000/004078.tex",210,55,0,0,60,0,"MountAction#0",True,False,False,False,False,0,0
106,"Lévitœuf",0,"Lévitœuf",0,0,1,0,1,"ModelChara#1777",2,"",45,15,15,1,0,"MountCustomize#0","music/ffxiv/BGM_EX1_Ride_FlyingMount.scd","SE_Bt_Etc_DaragabWhistle","SE_Bt_Etc_MadoWhistle_only","SE_Bt_Etc_EggBye",0,10,False,True,0,0,0,0,80,"ui/icon/004000/004079.tex",29,100,0,0,70,0,"MountAction#25",True,True,False,False,False,0,0
107,"",0,"",0,0,1,0,0,"ModelChara#1777",2,"",45,15,15,1,0,"MountCustomize#0","music/ffxiv/BGM_EX1_Ride_FlyingMount.scd","SE_Bt_Etc_DaragabWhistle","SE_Bt_Etc_MadoWhistle_only","SE_Bt_Etc_EggBye",0,10,False,True,0,0,0,0,-1,,0,100,0,0,70,0,"MountAction#24",False,False,False,False,False,0,0
108,"limier des enfers solitaire",0,"limiers des enfers solitaires",0,0,1,0,0,"ModelChara#1276",2,"",45,15,70,1,0,"MountCustomize#40","music/ffxiv/BGM_EX1_Ride_FlyingMount.scd","SE_Bt_Etc_FenrirWhistle","SE_Bt_Etc_GuuBooWhistle_only","SE_Bt_Etc_FenrirBye",20,10,False,True,0,0,0,0,81,"ui/icon/004000/004080.tex",28,65,0,6,70,0,"MountAction#0",False,False,False,False,False,0,0
109,"limier des enfers de meute",0,"limiers des enfers de meute",0,0,1,0,0,"ModelChara#1837",2,"",45,15,70,1,0,"MountCustomize#40","music/ffxiv/BGM_EX1_Ride_FlyingMount.scd","SE_Bt_Etc_FenrirWhistle","SE_Bt_Etc_GuuBooWhistle_only","SE_Bt_Etc_FenrirBye",20,10,False,True,0,0,0,0,82,"ui/icon/004000/004081.tex",28,65,0,6,70,0,"MountAction#0",False,False,False,False,False,0,0
110,"chaise des Preux",0,"chaises des Preux",0,0,1,1,0,"ModelChara#1776",2,"",45,15,15,1,2,"MountCustomize#41","music/ffxiv/BGM_EX1_Ride_FlyingMount.scd","SE_Bt_Etc_IsuWhistle","SE_Bt_Etc_GuuBooWhistle_only","SE_Bt_Etc_IsuBye",0,10,False,True,0,0,0,0,83,"ui/icon/004000/004084.tex",30,100,0,0,70,0,"MountAction#0",True,False,False,False,False,0,0
111,"Syldra",0,"Syldra",0,0,1,1,0,"ModelChara#1676",2,"",45,70,70,1,2,"MountCustomize#42","music/ffxiv/BGM_EX1_Ride_FlyingMount.scd","SE_Bt_Etc_ShirudoraWhistle","SE_Bt_Etc_GuuBooWhistle_only","SE_Bt_Etc_ShirudoraBye",20,10,False,True,0,0,0,0,95,"ui/icon/004000/004085.tex",32,100,0,0,100,0,"MountAction#0",True,False,False,False,False,0,0
112,"mini aéronef Faucon",0,"mini aéronefs Faucon",0,0,1,0,0,"ModelChara#1773",2,"",45,15,15,3,4,"MountCustomize#43","music/ffxiv/BGM_EX1_Ride_FlyingMount.scd","SE_Bt_Etc_HitorinoriWhistle","SE_Bt_Etc_GuuBooWhistle_only","SE_Bt_Etc_HitorinoriBye",0,10,False,True,0,0,0,0,96,"ui/icon/004000/004086.tex",102,100,0,0,100,0,"MountAction#0",False,False,False,False,False,0,0
113,"limier fantasmagorique solitaire",0,"limiers fantasmagoriques solitaires",0,0,1,0,0,"ModelChara#1858",2,"",45,15,70,1,0,"MountCustomize#40","music/ffxiv/BGM_EX1_Ride_FlyingMount.scd","SE_Bt_Etc_FenrirWhistle","SE_Bt_Etc_GuuBooWhistle_only","SE_Bt_Etc_FenrirBye",20,10,False,True,0,0,0,0,85,"ui/icon/004000/004082.tex",28,65,0,6,70,0,"MountAction#0",False,False,False,False,False,0,0
114,"limier fantasmagorique de meute",0,"limiers fantasmagoriques de meute",0,0,1,0,0,"ModelChara#1876",2,"",45,15,70,1,0,"MountCustomize#40","music/ffxiv/BGM_EX1_Ride_FlyingMount.scd","SE_Bt_Etc_FenrirWhistle","SE_Bt_Etc_GuuBooWhistle_only","SE_Bt_Etc_FenrirBye",20,10,False,True,0,0,0,0,84,"ui/icon/004000/004083.tex",28,65,0,6,70,0,"MountAction#0",False,False,False,False,False,0,0
115,"kamuy de la grâce",0,"kamuy de la grâce",0,0,1,0,0,"ModelChara#1835",2,"",45,85,85,1,0,"MountCustomize#44","music/ffxiv/BGM_Ride_Lakshmi.scd","SE_Bt_Etc_InugamiWhistle","SE_Bt_Etc_GuuBooWhistle_only","SE_Bt_Etc_InugamiBye",20,10,False,True,0,0,0,0,86,"ui/icon/004000/004087.tex",212,100,0,0,70,0,"MountAction#0",False,False,False,False,False,0,0
116,"kamuy de la splendeur",0,"kamuy de la splendeur",0,0,1,0,0,"ModelChara#1836",2,"",45,85,85,1,0,"MountCustomize#44","music/ffxiv/BGM_Ride_Susano.scd","SE_Bt_Etc_InugamiWhistle","SE_Bt_Etc_GuuBooWhistle_only","SE_Bt_Etc_InugamiBye",20,10,False,True,0,0,0,0,87,"ui/icon/004000/004088.tex",212,100,0,0,70,0,"MountAction#0",False,False,False,False,False,0,0
117,"",0,"",0,0,1,0,0,"ModelChara#1894",2,"",45,15,70,1,0,"MountCustomize#46","music/ffxiv/BGM_EX1_Ride_FlyingMount.scd","SE_Bt_Etc_HarpieWhistle","SE_Bt_Etc_HarpieWhistle_only","SE_Bt_Etc_HarpieBye",20,10,False,True,0,0,0,0,-1,,0,100,0,0,60,0,"MountAction#0",True,False,False,False,False,0,0
118,"",0,"",0,0,1,0,0,"ModelChara#1995",2,"",45,15,15,5,2,"MountCustomize#45","music/ffxiv/BGM_EX1_Ride_FlyingMount.scd","SE_Bt_Etc_MantaWhistle","SE_Bt_Etc_GuuBooWhistle_only","SE_Bt_Etc_MantaBye",20,10,False,True,0,0,0,0,-1,,0,100,9,3,70,0,"MountAction#0",True,False,False,False,False,0,0
119,"",0,"",0,0,1,0,0,"ModelChara#1953",2,"",45,15,70,1,2,"MountCustomize#28","music/ex2/BGM_EX2_Mount01.scd","SE_Bt_Etc_BirdWhistle","SE_Bt_Etc_GuuBooWhistle_only","SE_Bt_Etc_BirdBye",20,10,False,True,0,0,0,0,-1,,0,90,0,0,50,0,"MountAction#0",False,False,False,False,False,0,0
120,"",0,"",0,0,1,0,0,"ModelChara#1952",2,"",45,15,15,0,0,"MountCustomize#5","music/ffxiv/BGM_EX1_Ride_FlyingMount.scd","SE_Bt_Etc_UnicornWhistle","SE_Bt_Etc_GuuBooWhistle_only","SE_Bt_Etc_UnicornBye",20,10,False,True,0,0,0,0,-1,,0,65,0,0,100,0,"MountAction#0",False,False,False,False,False,0,0
121,"prédateur magitek",0,"prédateurs magitek",0,0,1,0,0,"ModelChara#2298",2,"",45,0,15,1,2,"MountCustomize#0","music/ffxiv/BGM_EX1_Ride_FlyingMount.scd","SE_Bt_Etc_MadoWhistle","SE_Bt_Etc_MadoWhistle_only","SE_Bt_Etc_MadoBye",0,10,False,True,0,0,0,0,88,"ui/icon/004000/004089.tex",4,100,0,0,70,0,"MountAction#0",False,False,False,False,False,0,0
122,"lion de combat",0,"lions de combat",0,0,1,0,0,"ModelChara#1725",2,"",45,70,50,1,2,"MountCustomize#8","music/ffxiv/BGM_EX1_Ride_FlyingMount.scd","SE_Bt_Etc_LionWhistle","SE_Bt_Etc_GuuBooWhistle_only","SE_Bt_Etc_LionBye",20,10,False,True,0,0,0,0,89,"ui/icon/004000/004090.tex",13,150,13,4,70,0,"MountAction#0",False,False,False,False,False,0,0
123,"ours de combat",0,"ours de combat",0,1,1,0,0,"ModelChara#718",2,"",45,15,70,1,2,"MountCustomize#9","music/ffxiv/BGM_EX1_Ride_FlyingMount.scd","SE_Bt_Etc_KumaWhistle","SE_Bt_Etc_GuuBooWhistle_only","SE_Bt_Etc_KumaBye",20,10,False,True,0,0,0,0,90,"ui/icon/004000/004091.tex",14,65,12,3,70,0,"MountAction#0",False,False,False,False,False,0,0
124,"panthère de combat",0,"panthères de combat",0,0,1,1,0,"ModelChara#2049",2,"",45,70,70,1,2,"MountCustomize#3","music/ffxiv/BGM_EX1_Ride_FlyingMount.scd","SE_Bt_Etc_CuahrWhistle","SE_Bt_Etc_GuuBooWhistle_only","SE_Bt_Etc_CuahrBye",20,10,False,True,0,0,0,0,91,"ui/icon/004000/004092.tex",7,60,0,0,60,0,"MountAction#0",False,False,False,False,False,0,0
125,"yol",0,"yols",0,1,1,0,0,"ModelChara#1894",2,"",45,15,70,1,0,"MountCustomize#46","music/ffxiv/BGM_EX1_Ride_FlyingMount.scd","SE_Bt_Etc_HarpieWhistle","SE_Bt_Etc_HarpieWhistle_only","SE_Bt_Etc_HarpieBye",20,10,False,True,0,0,0,0,92,"ui/icon/004000/004093.tex",33,100,0,0,80,0,"MountAction#0",True,False,False,False,False,0,0
126,"Alte Roite",0,"Alte Roite",0,1,1,0,0,"ModelChara#1713",2,"",45,15,85,1,2,"MountCustomize#47","music/ffxiv/BGM_Ride_Omega.scd","SE_Bt_Etc_JuraeibisWhistle","SE_Bt_Etc_GuuBooWhistle_only","SE_Bt_Etc_JuraeibisBye",20,10,False,True,0,0,0,0,93,"ui/icon/004000/004094.tex",34,100,0,0,70,0,"MountAction#0",True,False,False,False,False,0,0
127,"tigre centurio",0,"tigres centurio",0,0,1,0,0,"ModelChara#2173",2,"",45,15,65,1,2,"MountCustomize#48","music/ffxiv/BGM_EX1_Ride_FlyingMount.scd","SE_Bt_Etc_ToraWhistle","SE_Bt_Etc_GuuBooWhistle_only","SE_Bt_Etc_ToraBye",20,10,False,True,0,0,0,0,94,"ui/icon/004000/004095.tex",35,100,0,0,70,0,"MountAction#0",False,False,False,False,False,0,0
128,"armure magitek confisquée",0,"armures magitek confisquées",0,1,1,1,0,"ModelChara#2",2,"",45,0,15,0,0,"MountCustomize#0","music/ffxiv/BGM_Ride_CommonMonster.scd","SE_Bt_Etc_MadoWhistle","SE_Bt_Etc_MadoWhistle_only","SE_Bt_Etc_MadoBye",0,10,False,True,0,65537,0,0,-1,,0,77,0,0,70,0,"MountAction#27",False,False,False,False,False,0,0
129,"",0,"",0,0,1,0,0,"ModelChara#1995",2,"",45,15,15,5,0,"MountCustomize#45","music/ffxiv/BGM_EX1_Ride_FlyingMount.scd","SE_Bt_Etc_MantaWhistle","SE_Bt_Etc_GuuBooWhistle_only","SE_Bt_Etc_MantaBye",20,10,False,True,0,0,0,0,-1,,0,100,9,3,70,0,"MountAction#26",True,False,False,False,False,0,0
130,"Ixion",0,"Ixion",0,1,1,0,0,"ModelChara#2061",2,"",45,70,85,1,2,"MountCustomize#49","music/ffxiv/BGM_EX1_Ride_FlyingMount.scd","SE_Bt_Etc_IxionWhistle","SE_Bt_Etc_GuuBooWhistle_only","SE_Bt_Etc_IxionBye",20,20,False,True,0,0,0,0,97,"ui/icon/004000/004096.tex",36,100,0,0,70,0,"MountAction#0",False,False,False,False,False,0,0
131,"",0,"",0,0,1,0,0,"ModelChara#2095",2,"",45,15,15,0,0,"MountCustomize#0","music/ffxiv/BGM_Ride_Alex.scd","SE_Bt_Etc_GobrinTunkWhistle","SE_Bt_Etc_MadoWhistle_only","SE_Bt_Etc_GobrinTunkBye",0,10,False,True,0,0,0,0,-1,,0,30,0,0,100,0,"MountAction#28",False,False,False,True,True,0,0
132,"",0,"",0,0,1,0,0,"ModelChara#2096",2,"",45,15,15,0,0,"MountCustomize#0","music/ffxiv/BGM_Ride_Alex.scd","SE_Bt_Etc_GobrinTunkWhistle","SE_Bt_Etc_MadoWhistle_only","SE_Bt_Etc_GobrinTunkBye",0,10,False,True,0,0,0,0,-1,,0,30,0,0,100,0,"MountAction#28",False,False,False,True,True,0,0
133,"kamuy de la divinité",0,"kamuy de la divinité",0,0,1,0,0,"ModelChara#2116",2,"",45,85,85,1,0,"MountCustomize#44","music/ffxiv/BGM_Ride_Shinryu.scd","SE_Bt_Etc_InugamiWhistle","SE_Bt_Etc_GuuBooWhistle_only","SE_Bt_Etc_InugamiBye",20,10,False,True,0,0,0,0,99,"ui/icon/004000/004101.tex",212,100,0,0,70,0,"MountAction#0",False,False,False,False,False,0,0
134,"",0,"",0,0,1,0,0,"ModelChara#1658",2,"",45,15,70,1,2,"MountCustomize#9","music/ffxiv/BGM_EX1_Ride_FlyingMount.scd","SE_Bt_Etc_XmasKumaWhistle","SE_Bt_Etc_GuuBooWhistle_only","SE_Bt_Etc_XmasKumaBye",20,10,False,True,0,0,0,0,-1,,0,65,12,3,70,0,"MountAction#31",False,False,False,False,False,0,0
135,"roues Feu-et-Vent",0,"roues Feu-et-Vent",0,0,1,1,1,"ModelChara#2030",2,"",45,15,15,1,2,"MountCustomize#50","music/ffxiv/BGM_Ride_Kgreen.scd","SE_Bt_Etc_FuukaNirinWhistle","SE_Bt_Etc_GuuBooWhistle_only","SE_Bt_Etc_FuukaNirinBye",0,20,False,True,0,0,0,0,98,"ui/icon/004000/004097.tex",252,100,0,0,70,0,"MountAction#0",False,False,False,False,False,0,0
136,"raie rayée",0,"raies rayées",0,0,1,1,0,"ModelChara#2117",2,"",45,15,15,5,2,"MountCustomize#45","music/ffxiv/BGM_EX1_Ride_FlyingMount.scd","SE_Bt_Etc_MantaWhistle","SE_Bt_Etc_GuuBooWhistle_only","SE_Bt_Etc_MantaBye",20,10,False,True,0,0,0,0,100,"ui/icon/004000/004103.tex",38,30,9,3,70,0,"MountAction#30",True,True,False,False,False,0,0
137,"",0,"",0,0,1,0,0,"ModelChara#2117",2,"",45,15,15,5,2,"MountCustomize#45","music/ffxiv/BGM_EX1_Ride_FlyingMount.scd","SE_Bt_Etc_MantaWhistle","SE_Bt_Etc_GuuBooWhistle_only","SE_Bt_Etc_MantaBye",20,10,False,True,0,0,0,0,-1,,0,30,9,3,70,0,"MountAction#29",True,False,False,False,False,0,0
138,"Carbuncle aigue-marine",0,"Carbuncle aigue-marine",0,0,1,0,1,"ModelChara#2073",2,"",45,70,70,1,2,"MountCustomize#51","music/ffxiv/BGM_Ride_Kyellow.scd","SE_Bt_Etc_CarbuncleWhistle","SE_Bt_Etc_HarpieWhistle_only","SE_Bt_Etc_CarbuncleBye",20,10,False,True,0,0,0,0,101,"ui/icon/004000/004104.tex",39,120,0,0,50,0,"MountAction#0",False,False,False,False,False,0,0
139,"Carbuncle citrine",0,"Carbuncle citrine",0,0,1,0,1,"ModelChara#2125",2,"",45,70,70,1,2,"MountCustomize#51","music/ffxiv/BGM_Ride_Kyellow.scd","SE_Bt_Etc_CarbuncleWhistle","SE_Bt_Etc_HarpieWhistle_only","SE_Bt_Etc_CarbuncleBye",20,10,False,True,0,0,0,0,102,"ui/icon/004000/004105.tex",39,120,0,0,50,0,"MountAction#0",False,False,False,False,False,0,0
140,"fauteuil volant",0,"fauteuils volants",0,0,1,0,0,"ModelChara#2115",2,"",45,85,85,1,2,"MountCustomize#52","music/ffxiv/BGM_EX1_Ride_FlyingMount.scd","SE_Bt_Etc_LanosceasofaWhistle","SE_Bt_Etc_GuuBooWhistle_only","SE_Bt_Etc_LanosceasofaBye",0,10,False,True,0,0,0,0,103,"ui/icon/004000/004106.tex",30,100,0,0,70,0,"MountAction#0",True,False,False,False,False,0,0
141,"vengeur magitek",0,"vengeurs magitek",0,0,1,0,0,"ModelChara#2072",2,"",45,15,70,1,0,"MountCustomize#53","music/ffxiv/BGM_EX1_Ride_FlyingMount.scd","SE_Bt_Etc_MekagoriraWhistle","SE_Bt_Etc_MadoWhistle_only","SE_Bt_Etc_MekagoriraBye",20,10,False,True,0,0,0,0,104,"ui/icon/004000/004107.tex",103,100,12,3,50,0,"MountAction#0",False,False,False,False,False,0,0
142,"poro-korpokkur",0,"poro-korpokkur",0,0,1,0,0,"ModelChara#2071",2,"",45,15,70,1,2,"MountCustomize#54","music/ffxiv/BGM_EX1_Ride_FlyingMount.scd","SE_Bt_Etc_MarimokunWhistle","SE_Bt_Etc_GuuBooWhistle_only","SE_Bt_Etc_MarimokunBye",20,10,False,True,0,0,0,0,105,"ui/icon/004000/004108.tex",40,120,0,0,40,0,"MountAction#0",False,False,False,False,False,0,0
143,"Lièvre rouge",0,"Lièvre rouge",0,0,1,0,1,"ModelChara#2119",2,"",10,70,70,1,2,"MountCustomize#55","music/ffxiv/BGM_Ride_Kgreen.scd","SE_Bt_Etc_SekitobaWhistle","SE_Bt_Etc_GuuBooWhistle_only","SE_Bt_Etc_SekitobaBye",20,10,False,True,0,0,0,0,106,"ui/icon/004000/004109.tex",202,100,0,0,55,0,"MountAction#0",False,False,False,False,False,0,0
144,"kamuy de l'ouest",0,"kamuy de l'ouest",0,0,1,0,0,"ModelChara#2167",2,"",45,85,85,1,0,"MountCustomize#44","music/ffxiv/BGM_Ride_Byakko.scd","SE_Bt_Etc_InugamiWhistle","SE_Bt_Etc_GuuBooWhistle_only","SE_Bt_Etc_InugamiBye",20,10,False,True,0,0,0,0,107,"ui/icon/004000/004110.tex",212,100,0,0,70,0,"MountAction#0",False,False,False,False,False,0,0
145,"griffe d'arrestation magitek",0,"griffes d'arrestation magitek",0,0,1,1,0,"ModelChara#2118",2,"",45,70,70,1,2,"MountCustomize#0","music/ffxiv/BGM_EX1_Ride_FlyingMount.scd","SE_Bt_Etc_DeathClawWhistle","SE_Bt_Etc_MadoWhistle_only","SE_Bt_Etc_DeathClawBye",0,10,False,True,0,0,0,0,108,"ui/icon/004000/004111.tex",4,100,0,0,50,0,"MountAction#0",True,False,False,False,False,0,0
146,"marid",0,"marids",0,0,1,0,0,"ModelChara#2074",2,"",45,70,15,1,0,"MountCustomize#0","music/ffxiv/BGM_EX1_Ride_FlyingMount.scd","SE_Bt_Etc_ElephantWhistle","SE_Bt_Etc_GuuBooWhistle_only","SE_Bt_Etc_ElephantBye",20,10,False,True,0,0,0,0,109,"ui/icon/004000/004112.tex",15,100,0,0,60,0,"MountAction#38",False,True,False,False,False,0,0
147,"marid musculeux",0,"marids musculeux",0,0,1,0,0,"ModelChara#2074",2,"",45,70,15,1,0,"MountCustomize#0","music/ffxiv/BGM_EX1_Ride_FlyingMount.scd","SE_Bt_Etc_ElephantWhistle","SE_Bt_Etc_GuuBooWhistle_only","SE_Bt_Etc_ElephantBye",20,10,False,True,0,0,0,0,-1,,0,100,0,0,60,0,"MountAction#37",False,False,False,False,False,0,0
148,"vrai griffon",0,"vrais griffons",0,0,1,0,0,"ModelChara#2191",2,"",45,70,60,1,2,"MountCustomize#20","music/ffxiv/BGM_EX1_Ride_FlyingMount.scd","SE_Bt_Etc_GrifinWhistle","SE_Bt_Etc_GuuBooWhistle_only","SE_Bt_Etc_GrifinBye",20,20,False,True,0,0,0,0,110,"ui/icon/004000/004113.tex",17,60,9,3,60,0,"MountAction#36",False,True,False,False,False,0,0
149,"vrai griffon",0,"vrais griffons",0,0,1,0,0,"ModelChara#2191",2,"",45,70,60,1,2,"MountCustomize#20","music/ffxiv/BGM_EX1_Ride_FlyingMount.scd","SE_Bt_Etc_GrifinWhistle","SE_Bt_Etc_GuuBooWhistle_only","SE_Bt_Etc_GrifinBye",20,20,False,True,0,0,0,0,-1,,0,60,9,3,60,0,"MountAction#35",False,False,False,False,False,0,0
150,"tyrannosaure",0,"tyrannosaures",0,0,1,0,0,"ModelChara#2126",2,"",45,30,30,1,2,"MountCustomize#56","music/ffxiv/BGM_EX1_Ride_FlyingMount.scd","SE_Bt_Etc_TRexWhistle","SE_Bt_Etc_GuuBooWhistle_only","SE_Bt_Etc_TRexBye",20,20,False,True,0,0,0,0,111,"ui/icon/004000/004116.tex",15,100,0,0,60,0,"MountAction#0",False,False,False,False,False,0,0
151,"Regalia Type-G",0,"Regalia Type-G",0,0,1,1,0,"ModelChara#2135",2,"",45,85,85,1,2,"MountCustomize#57","music/ffxiv/BGM_Ride_BKC.scd","SE_Bt_Etc_CarWhistle","SE_Bt_Etc_MadoWhistle_only","SE_Bt_Etc_CarBye",0,10,False,True,0,0,0,0,112,"ui/icon/004000/004138.tex",108,100,0,0,70,3,"MountAction#0",False,False,False,False,False,0,0
152,"fauteuil demi-cœur droit volant",0,"fauteuils demi-cœur droit volants",0,0,1,0,0,"ModelChara#2179",2,"",45,85,85,1,2,"MountCustomize#41","music/ffxiv/BGM_EX1_Ride_FlyingMount.scd","SE_Bt_Etc_RightHeartWhistle","SE_Bt_Etc_GuuBooWhistle_only","SE_Bt_Etc_RightHeartBye",0,10,False,True,0,0,0,0,113,"ui/icon/004000/004114.tex",31,100,0,0,70,0,"MountAction#0",True,False,False,False,False,0,0
153,"fauteuil demi-cœur gauche volant",0,"fauteuils demi-cœur gauche volants",0,0,1,0,0,"ModelChara#2180",2,"",45,85,85,1,2,"MountCustomize#41","music/ffxiv/BGM_EX1_Ride_FlyingMount.scd","SE_Bt_Etc_RightHeartWhistle","SE_Bt_Etc_GuuBooWhistle_only","SE_Bt_Etc_RightHeartBye",0,10,False,True,0,0,0,0,114,"ui/icon/004000/004115.tex",30,100,0,0,70,0,"MountAction#0",True,False,False,False,False,0,0
154,"Maître Typhon",0,"Maître Typhon",0,0,1,0,1,"ModelChara#2175",2,"",45,15,15,1,2,"MountCustomize#58","music/ffxiv/BGM_EX1_Ride_FlyingMount.scd","SE_Bt_Etc_TyuponeWhistle","SE_Bt_Etc_GuuBooWhistle_only","SE_Bt_Etc_TyuponeBye",20,20,False,True,0,0,0,0,115,"ui/icon/004000/004136.tex",43,100,0,0,70,0,"MountAction#0",True,False,False,False,False,0,0
155,"",0,"",0,0,1,0,0,"ModelChara#2175",2,"",45,15,15,1,2,"MountCustomize#58","music/ffxiv/BGM_EX1_Ride_FlyingMount.scd","SE_Bt_Etc_TyuponeWhistle","SE_Bt_Etc_GuuBooWhistle_only","SE_Bt_Etc_TyuponeBye",20,20,False,True,0,0,0,0,-1,,0,100,0,0,70,0,"MountAction#34",False,False,False,False,False,0,0
156,"force aérienne",0,"forces aériennes",0,0,1,1,0,"ModelChara#2174",2,"",45,70,70,6,2,"MountCustomize#59","music/ffxiv/BGM_Ride_Sigma.scd","SE_Bt_Etc_AirForceWhistle","SE_Bt_Etc_GuuBooWhistle_only","SE_Bt_Etc_AirForceBye",0,10,False,True,0,0,0,0,116,"ui/icon/004000/004117.tex",104,100,0,0,50,0,"MountAction#0",True,False,False,False,False,0,0
157,"",0,"",0,0,1,0,0,"ModelChara#2174",2,"",45,70,70,6,2,"MountCustomize#59","music/ffxiv/BGM_EX1_Ride_FlyingMount.scd","SE_Bt_Etc_AirForceWhistle","SE_Bt_Etc_GuuBooWhistle_only","SE_Bt_Etc_AirForceBye",0,10,False,True,0,0,0,0,-1,,0,100,0,0,50,0,"MountAction#0",False,False,False,False,False,0,0
158,"kamuy de la nuit",0,"kamuy de la nuit",0,0,1,0,0,"ModelChara#2195",2,"",45,85,85,1,0,"MountCustomize#44","music/ffxiv/BGM_Ride_TK.scd","SE_Bt_Etc_InugamiWhistle","SE_Bt_Etc_GuuBooWhistle_only","SE_Bt_Etc_InugamiBye",20,10,False,True,0,0,0,0,117,"ui/icon/004000/004127.tex",212,100,0,0,70,0,"MountAction#0",False,False,False,False,False,0,0
159,"dodo",0,"dodos",0,0,1,0,0,"ModelChara#2194",2,"",45,15,70,1,2,"MountCustomize#61","music/ffxiv/BGM_EX1_Ride_FlyingMount.scd","SE_Bt_Etc_DodoWhistle","SE_Bt_Etc_GuuBooWhistle_only","SE_Bt_Etc_DodoBye",20,10,False,True,0,0,0,0,118,"ui/icon/004000/004122.tex",41,100,0,0,50,0,"MountAction#0",False,False,False,False,False,0,0
160,"baleine",0,"baleines",0,0,1,1,0,"ModelChara#2176",2,"",45,15,15,1,2,"MountCustomize#0","music/ffxiv/BGM_Ride_Kyellow.scd","SE_Bt_Etc_KujiraWhistle","SE_Bt_Etc_GuuBooWhistle_only","SE_Bt_Etc_KujiraBye",20,10,False,True,0,0,0,0,119,"ui/icon/004000/004119.tex",42,100,0,0,70,1,"MountAction#0",True,False,False,False,False,0,0
161,"Rathalos",0,"Rathalos",0,0,1,0,0,"ModelChara#2257",2,"",45,15,70,1,2,"MountCustomize#62","music/ffxiv/BGM_Ride_NIKU.scd","SE_Bt_Etc_NIKUBossWhistle","SE_Bt_Etc_GuuBooWhistle_only","SE_Bt_Etc_NIKUBossBye",20,10,False,True,0,0,0,0,120,"ui/icon/004000/004125.tex",255,100,0,0,50,0,"MountAction#0",False,False,False,False,False,0,0
162,"transporteur magitek",0,"transporteurs magitek",0,0,1,0,0,"ModelChara#2258",2,"",45,15,15,1,2,"MountCustomize#63","music/ffxiv/BGM_EX1_Ride_FlyingMount.scd","SE_Bt_Etc_HakaseIsuWhistle","SE_Bt_Etc_MadoWhistle_only","SE_Bt_Etc_HakaseIsuBye",0,10,False,True,0,0,0,0,121,"ui/icon/004000/004123.tex",31,100,0,0,50,0,"MountAction#0",True,False,False,False,False,0,0
163,"transporteur prototype",0,"transporteurs prototypes",0,0,1,0,0,"ModelChara#2307",2,"",45,15,15,1,2,"MountCustomize#63","music/ffxiv/BGM_EX1_Ride_FlyingMount.scd","SE_Bt_Etc_HakaseIsuWhistle","SE_Bt_Etc_MadoWhistle_only","SE_Bt_Etc_HakaseIsuBye",0,10,False,True,0,0,0,0,122,"ui/icon/004000/004124.tex",31,100,0,0,50,0,"MountAction#0",True,False,False,False,False,0,0
164,"mikoshi",0,"mikoshi",0,0,1,0,0,"ModelChara#2202",2,"",45,15,15,1,2,"MountCustomize#70","music/ffxiv/BGM_Ride_Mikoshi.scd","SE_Bt_Etc_NamazuoWhistle","SE_Bt_Etc_GuuBooWhistle_only","SE_Bt_Etc_NamazuoBye",20,10,False,False,0,0,0,0,123,"ui/icon/004000/004118.tex",105,100,0,0,50,0,"MountAction#41",False,True,False,False,False,0,0
165,"",0,"",0,0,1,0,0,"ModelChara#2202",2,"",45,15,15,1,2,"MountCustomize#70","music/ffxiv/BGM_Ride_Mikoshi.scd","SE_Bt_Etc_NamazuoWhistle","SE_Bt_Etc_GuuBooWhistle_only","SE_Bt_Etc_NamazuoBye",20,10,False,False,0,0,0,0,-1,,0,100,0,0,50,0,"MountAction#40",False,False,False,False,False,0,0
166,"Juedi",0,"Juedi",0,0,1,0,0,"ModelChara#2304",2,"",10,70,70,1,2,"MountCustomize#64","music/ffxiv/BGM_Ride_Abare.scd","SE_Bt_Etc_SekitobaWhistle","SE_Bt_Etc_GuuBooWhistle_only","SE_Bt_Etc_SekitobaBye",20,10,False,True,0,0,0,0,124,"ui/icon/004000/004126.tex",202,100,0,0,55,0,"MountAction#0",False,False,False,False,False,0,0
167,"",0,"",0,0,0,0,0,"ModelChara#0",0,"",0,0,0,0,0,"MountCustomize#0","","","","",0,0,False,False,0,0,0,0,0,,0,0,0,0,0,0,"MountAction#0",False,False,False,False,False,0,0
168,"module d'escorte sphérique",0,"modules d'escorte sphériques",0,0,1,0,0,"ModelChara#2306",2,"",45,15,15,1,0,"MountCustomize#16","music/ffxiv/BGM_Ride_CommonMonster.scd","SE_Bt_Etc_DaragabWhistle","SE_Bt_Etc_MadoWhistle_only","SE_Bt_Etc_DaragabBye",0,10,False,True,0,0,0,0,126,"ui/icon/004000/004120.tex",100,100,12,4,100,0,"MountAction#9",True,True,False,False,False,0,0
169,"",0,"",0,0,1,0,0,"ModelChara#1952",2,"",45,15,15,0,0,"MountCustomize#5","music/ffxiv/BGM_EX1_Ride_FlyingMount.scd","SE_Bt_Etc_UnicornWhistle","SE_Bt_Etc_GuuBooWhistle_only","SE_Bt_Etc_UnicornBye",20,10,False,True,0,0,0,0,-1,,0,65,0,0,100,0,"MountAction#0",False,False,False,False,False,0,0
170,"Grani",0,"Grani",0,0,1,0,1,"ModelChara#2268",2,"",45,70,70,1,2,"MountCustomize#69","music/ffxiv/BGM_EX1_Ride_FlyingMount.scd","SE_Bt_Etc_DarkUnicornWhistle","SE_Bt_Etc_GuuBooWhistle_only","SE_Bt_Etc_DarkUnicornBye",20,10,False,True,0,0,0,0,128,"ui/icon/004000/004128.tex",203,100,0,0,50,0,"MountAction#0",False,False,False,False,False,0,0
171,"très gros minou",0,"très gros minous",0,0,1,0,0,"ModelChara#2312",2,"",45,70,70,1,2,"MountCustomize#66","music/ffxiv/BGM_Ride_Kyellow.scd","SE_Bt_Etc_DebuNekoWhistle","SE_Bt_Etc_GuuBooWhistle_only","SE_Bt_Etc_DebuNekoBye",20,10,False,True,0,0,0,0,129,"ui/icon/004000/004129.tex",252,120,9,3,50,0,"MountAction#0",False,False,False,False,False,0,0
172,"kamuy du sud",0,"kamuy du sud",0,0,1,0,0,"ModelChara#2359",2,"",45,85,85,1,0,"MountCustomize#44","music/ffxiv/BGM_Ride_Suzaku.scd","SE_Bt_Etc_InugamiWhistle","SE_Bt_Etc_GuuBooWhistle_only","SE_Bt_Etc_InugamiBye",20,10,False,True,0,0,0,0,130,"ui/icon/004000/004130.tex",212,100,0,0,70,0,"MountAction#0",False,False,False,False,False,0,0
173,"Oméga prime",0,"Oméga prime",0,1,1,1,1,"ModelChara#2360",2,"",45,15,15,3,4,"MountCustomize#67","music/ffxiv/BGM_Ride_Alpha.scd","SE_Bt_Etc_OmegaWhistle","SE_Bt_Etc_MadoWhistle_only","SE_Bt_Etc_OmegaBye",0,10,False,True,0,0,0,0,131,"ui/icon/004000/004131.tex",107,100,9,3,70,0,"MountAction#0",False,False,False,False,False,0,0
174,"armure aérienne magitek",0,"armures aériennes magitek",0,1,1,1,0,"ModelChara#2362",2,"",45,15,15,1,2,"MountCustomize#68","music/ffxiv/BGM_EX1_Ride_FlyingMount.scd","SE_Bt_Etc_SyumitWhistle","SE_Bt_Etc_MadoWhistle_only","SE_Bt_Etc_SyumitBye",0,10,False,True,0,0,0,0,132,"ui/icon/004000/004132.tex",4,100,0,0,70,0,"MountAction#0",True,False,False,False,False,0,0
175,"tapis magique",0,"tapis magiques",0,0,1,0,0,"ModelChara#2340",2,"",45,15,15,1,2,"MountCustomize#0","music/ffxiv/BGM_Ride_Kgreen.scd","SE_Bt_Etc_JuutanWhistle","SE_Bt_Etc_GuuBooWhistle_only","SE_Bt_Etc_JuutanBye",0,10,False,True,0,0,0,0,136,"ui/icon/004000/004147.tex",252,100,0,0,60,0,"MountAction#0",True,False,False,False,False,0,0
176,"magna rouleur magitek",0,"magna rouleurs magitek",0,0,1,0,0,"ModelChara#2361",2,"",45,15,15,1,2,"MountCustomize#71","music/ffxiv/BGM_EX1_Ride_FlyingMount.scd","SE_Bt_Etc_MagunarodersWhistle","SE_Bt_Etc_MadoWhistle_only","SE_Bt_Etc_MagunarodersBye",20,10,False,True,0,0,0,0,133,"ui/icon/004000/004133.tex",4,100,0,0,70,0,"MountAction#0",False,False,False,False,False,0,0
177,"gros chocobo noir",0,"gros chocobos noirs",0,0,1,0,0,"ModelChara#2385",2,"",45,0,15,1,0,"MountCustomize#0","music/ffxiv/BGM_Ride_DEBUChocobo.scd","SE_Bt_Etc_DebuCyokoboWhistle","SE_Bt_Etc_ChocoboWhistle_only","SE_Bt_Etc_DebuCyokoboBye",20,10,True,False,0,0,0,0,134,"ui/icon/004000/004134.tex",2,100,0,0,70,0,"MountAction#0",False,False,False,False,False,0,0
178,"Eldthurs",0,"Eldthurs",0,1,1,0,1,"ModelChara#2437",2,"",45,15,15,1,2,"MountCustomize#0","music/ffxiv/BGM_EX1_Ride_FlyingMount.scd","SE_Bt_Etc_FireIetyWhistle","SE_Bt_Etc_GuuBooWhistle_only","SE_Bt_Etc_FireIetyBye",15,9,False,True,0,0,0,0,135,"ui/icon/004000/004137.tex",44,100,0,0,60,0,"MountAction#0",False,False,False,False,False,0,0
179,"magna rouleur magitek plus",0,"magna rouleurs magitek plus",0,0,1,0,0,"ModelChara#2467",2,"",45,15,15,1,2,"MountCustomize#71","music/ffxiv/BGM_EX1_Ride_FlyingMount.scd","SE_Bt_Etc_MagunarodersWhistle","SE_Bt_Etc_MadoWhistle_only","SE_Bt_Etc_MagunarodersBye",20,10,False,True,0,0,0,0,137,"ui/icon/004000/004139.tex",4,100,0,0,70,0,"MountAction#0",False,False,False,False,False,0,0
180,"pampa emperador",0,"pampas emperadores",0,0,1,0,0,"ModelChara#2406",2,"",45,15,15,1,2,"MountCustomize#73","music/ffxiv/BGM_Ride_GS01.scd","SE_Bt_Etc_SabotenderWhistle","SE_Bt_Etc_GuuBooWhistle_only","SE_Bt_Etc_SabotenderBye",20,10,False,True,0,0,0,0,138,"ui/icon/004000/004140.tex",46,100,9,3,50,0,"MountAction#0",False,False,False,False,False,0,0
181,"kamuy à neuf queues",0,"kamuy à neuf queues",0,0,1,0,0,"ModelChara#2526",2,"",45,15,70,1,2,"MountCustomize#17","music/ffxiv/BGM_Ride_Kyubi.scd","SE_Bt_Etc_KyuubiWhistle","SE_Bt_Etc_GuuBooWhistle_only","SE_Bt_Etc_KyuubiBye",20,10,False,True,0,0,0,0,139,"ui/icon/004000/004141.tex",213,65,0,6,70,0,"MountAction#0",False,False,False,False,False,0,0
182,"kamuy de l'est",0,"kamuy de l'est",0,0,1,0,0,"ModelChara#2452",2,"",45,85,85,1,0,"MountCustomize#44","music/ffxiv/BGM_Ride_Seiryu.scd","SE_Bt_Etc_InugamiWhistle","SE_Bt_Etc_GuuBooWhistle_only","SE_Bt_Etc_InugamiBye",20,10,False,True,0,0,0,0,140,"ui/icon/004000/004142.tex",212,100,0,0,70,0,"MountAction#0",False,False,False,False,False,0,0
183,"tigre de guerre",0,"tigres de guerre",0,0,1,0,0,"ModelChara#2465",2,"",45,15,65,1,2,"MountCustomize#48","music/ffxiv/BGM_EX1_Ride_FlyingMount.scd","SE_Bt_Etc_ToraWhistle","SE_Bt_Etc_GuuBooWhistle_only","SE_Bt_Etc_ToraBye",20,10,False,True,0,0,0,0,141,"ui/icon/004000/004143.tex",45,100,0,0,70,0,"MountAction#0",False,False,False,False,False,0,0
184,"hirondelle d'Eurêka",0,"hirondelles d'Eurêka",0,1,1,1,0,"ModelChara#2468",2,"",45,15,15,5,2,"MountCustomize#45","music/ffxiv/BGM_EX1_Ride_FlyingMount.scd","SE_Bt_Etc_UmiushiWhistle","SE_Bt_Etc_GuuBooWhistle_only","SE_Bt_Etc_UmiushiBye",20,10,False,True,0,0,0,0,142,"ui/icon/004000/004144.tex",44,30,9,3,70,0,"MountAction#0",True,False,False,False,False,0,0
185,"vengeur magitek anti-froid",0,"vengeurs magitek anti-froid",0,0,1,0,0,"ModelChara#2466",2,"",45,15,70,1,0,"MountCustomize#53","music/ffxiv/BGM_EX1_Ride_FlyingMount.scd","SE_Bt_Etc_MekagoriraWhistle","SE_Bt_Etc_MadoWhistle_only","SE_Bt_Etc_MekagoriraBye",20,10,False,True,0,0,0,0,143,"ui/icon/004000/004145.tex",103,100,0,0,50,0,"MountAction#0",False,False,False,False,False,0,0
186,"demi-Ozma",0,"demi-Ozma",0,0,1,0,0,"ModelChara#2409",2,"",45,15,15,7,0,"MountCustomize#72","music/ffxiv/BGM_EX1_Ride_FlyingMount.scd","SE_Bt_Etc_OzmanWhistle","SE_Bt_Etc_GuuBooWhistle_only","SE_Bt_Etc_OzmaBye",0,10,False,True,0,0,0,0,144,"ui/icon/004000/004146.tex",44,100,0,0,100,0,"MountAction#0",True,False,False,False,False,0,0
187,"amaro",0,"amaros",0,1,1,0,0,"ModelChara#2539",2,"",45,50,50,1,2,"MountCustomize#74","music/ffxiv/BGM_Ride_Amaro.scd","SE_Bt_Etc_RakudaDragoneWhistle","SE_Bt_Etc_GuuBooWhistle_only","SE_Bt_Etc_RakudaDragoneBye",20,20,False,True,0,65537,65537,0,153,"ui/icon/004000/004156.tex",214,100,0,0,60,0,"MountAction#0",False,False,False,False,False,0,0
188,"aéroglisseur",0,"aéroglisseurs",0,1,1,0,0,"ModelChara#2458",2,"",45,15,15,1,2,"MountCustomize#0","music/ffxiv/BGM_Ride_Eden.scd","SE_Bt_Etc_HoverWhistle","SE_Bt_Etc_MadoWhistle_only","SE_Bt_Etc_HoverBye",0,10,True,True,0,0,0,0,145,"ui/icon/004000/004149.tex",109,100,0,0,60,3,"MountAction#0",True,False,False,False,False,0,0
189,"dragon pixie",0,"dragons pixie",0,0,1,0,0,"ModelChara#2482",2,"",45,15,50,1,2,"MountCustomize#76","music/ffxiv/BGM_Ride_Titania.scd","SE_Bt_Etc_BanshinryuuWhistle","SE_Bt_Etc_GuuBooWhistle_only","SE_Bt_Etc_BanshinryuuBye",20,20,False,True,0,0,0,0,146,"ui/icon/004000/004148.tex",214,100,0,0,60,0,"MountAction#0",False,False,False,False,False,0,0
190,"tricératops",0,"tricératops",0,0,1,0,0,"ModelChara#2536",2,"",45,70,70,1,2,"MountCustomize#77","music/ffxiv/BGM_EX1_Ride_FlyingMount.scd","SE_Bt_Etc_TorikeratopusuWhistle","SE_Bt_Etc_GuuBooWhistle_only","SE_Bt_Etc_TorikeratopusuBye",20,10,False,True,0,0,0,0,147,"ui/icon/004000/004150.tex",35,100,0,0,60,0,"MountAction#0",False,False,False,False,False,0,0
191,"grenouilleur M",0,"grenouilleurs M",0,0,1,0,0,"ModelChara#2608",2,"",45,15,15,1,2,"MountCustomize#75","music/ffxiv/BGM_EX1_Ride_FlyingMount.scd","SE_Bt_Etc_DowarfWhistle","SE_Bt_Etc_GuuBooWhistle_only","SE_Bt_Etc_DowarfBye",0,10,False,True,0,0,0,0,148,"ui/icon/004000/004151.tex",109,100,0,0,70,0,"MountAction#0",False,False,False,False,False,0,0
192,"dragon immaculé",0,"dragon immaculé",0,0,1,0,0,"ModelChara#2584",2,"",45,15,50,1,2,"MountCustomize#76","music/ffxiv/BGM_Ride_Innocence.scd","SE_Bt_Etc_BanshinryuuWhistle","SE_Bt_Etc_GuuBooWhistle_only","SE_Bt_Etc_BanshinryuuBye",20,20,False,True,0,0,0,0,149,"ui/icon/004000/004153.tex",214,100,0,0,60,0,"MountAction#0",False,False,False,False,False,0,0
193,"lit magique",0,"lits magiques",0,0,1,0,0,"ModelChara#2646",2,"",45,85,85,1,2,"MountCustomize#41","music/ffxiv/BGM_EX1_Ride_FlyingMount.scd","SE_Bt_Etc_ShroudBedWhistle","SE_Bt_Etc_GuuBooWhistle_only","SE_Bt_Etc_ShroudBedBye",0,10,False,False,0,0,0,0,150,"ui/icon/004000/004152.tex",29,100,0,0,70,0,"MountAction#0",True,False,False,False,False,0,0
194,"ahriman du Cirque",0,"ahrimans du Cirque",0,1,1,0,0,"ModelChara#2645",2,"",45,15,70,1,2,"MountCustomize#4","music/ffxiv/BGM_Ride_Broom.scd","SE_Bt_Etc_AhrimanWhistle","SE_Bt_Etc_ChocoboWhistle_only","SE_Bt_Etc_AhrimanBye",20,10,False,True,0,0,0,0,151,"ui/icon/004000/004154.tex",8,100,0,0,50,0,"MountAction#43",True,True,False,False,False,0,0
195,"nuage magique doré",0,"nuages magiques dorés",0,0,1,0,0,"ModelChara#2703",2,"",45,15,15,1,2,"MountCustomize#30","music/ffxiv/BGM_Ride_Kgreen.scd","SE_Bt_Etc_KintounWhistle","SE_Bt_Etc_GuuBooWhistle_only","SE_Bt_Etc_KintounBye",20,20,False,True,0,0,0,0,152,"ui/icon/004000/004155.tex",251,100,0,0,70,0,"MountAction#0",True,False,False,False,False,0,0
196,"",0,"",0,0,1,0,0,"ModelChara#2539",2,"",45,50,50,1,2,"MountCustomize#74","music/ffxiv/BGM_Ride_Amaro.scd","SE_Bt_Etc_RakudaDragoneWhistle","SE_Bt_Etc_GuuBooWhistle_only","SE_Bt_Etc_RakudaDragoneBye",20,20,False,True,0,65537,65537,0,-1,,0,100,0,0,60,0,"MountAction#0",False,False,False,False,False,0,0
197,"tigre de combat",0,"tigres de combat",0,0,1,0,0,"ModelChara#2733",2,"",45,15,65,1,2,"MountCustomize#48","music/ffxiv/BGM_EX1_Ride_FlyingMount.scd","SE_Bt_Etc_ToraWhistle","SE_Bt_Etc_GuuBooWhistle_only","SE_Bt_Etc_ToraBye",20,10,False,True,0,0,0,0,154,"ui/icon/004000/004157.tex",45,100,0,0,70,0,"MountAction#0",False,False,False,False,False,0,0
198,"",0,"",0,0,1,0,0,"ModelChara#2539",2,"",45,50,50,1,2,"MountCustomize#74","music/ffxiv/BGM_Ride_Amaro.scd","SE_Bt_Etc_RakudaDragoneWhistle","SE_Bt_Etc_GuuBooWhistle_only","SE_Bt_Etc_RakudaDragoneBye",20,20,False,True,0,65537,65537,0,-1,,0,100,0,0,60,0,"MountAction#0",False,False,False,False,False,0,0
199,"",0,"",0,0,1,0,0,"ModelChara#2645",2,"",45,15,70,1,2,"MountCustomize#4","music/ffxiv/BGM_Ride_Broom.scd","SE_Bt_Etc_AhrimanWhistle","SE_Bt_Etc_ChocoboWhistle_only","SE_Bt_Etc_AhrimanBye",20,10,False,True,0,0,0,0,-1,,0,100,0,0,50,0,"MountAction#42",True,False,False,False,False,0,0
200,"morbol",0,"morbols",0,0,1,0,0,"ModelChara#2752",2,"",45,85,85,1,2,"MountCustomize#80","music/ffxiv/BGM_Ride_AOZ.scd","SE_Bt_Etc_MolbolWhistle","SE_Bt_Etc_GuuBooWhistle_only","SE_Bt_Etc_MolbolBye",20,10,False,True,0,0,0,0,155,"ui/icon/004000/004158.tex",47,100,0,0,60,0,"MountAction#46",False,True,False,False,False,80,80
201,"porxie potelé",0,"porxies potelés",0,0,1,0,0,"ModelChara#2760",2,"",45,50,50,1,2,"MountCustomize#81","music/ffxiv/BGM_EX1_Ride_FlyingMount.scd","SE_Bt_Etc_FairyOakWhistle","SE_Bt_Etc_GuuBooWhistle_only","SE_Bt_Etc_FairyOakBye",20,10,False,True,0,0,0,0,156,"ui/icon/004000/004159.tex",47,100,0,0,60,0,"MountAction#45",True,True,False,False,False,0,0
202,"Epimetheus",0,"Epimetheus",0,1,1,0,0,"ModelChara#2761",2,"",45,15,15,1,2,"MountCustomize#79","music/ffxiv/BGM_Ride_Feast.scd","SE_Bt_Etc_PrometeusWhistle","SE_Bt_Etc_MadoWhistle_only","SE_Bt_Etc_PrometeusBye",0,10,False,True,0,0,0,0,157,"ui/icon/004000/004160.tex",5,100,0,0,60,0,"MountAction#0",False,False,False,False,False,0,0
203,"Menoetius",0,"Menoetius",0,0,1,0,0,"ModelChara#2762",2,"",45,15,15,1,2,"MountCustomize#79","music/ffxiv/BGM_Ride_Feast.scd","SE_Bt_Etc_PrometeusWhistle","SE_Bt_Etc_MadoWhistle_only","SE_Bt_Etc_PrometeusBye",0,10,False,True,0,0,0,0,158,"ui/icon/004000/004161.tex",5,100,0,0,60,0,"MountAction#0",False,False,False,False,False,0,0
204,"constructeur 07",0,"constructeurs 07",0,0,1,0,0,"ModelChara#2771",2,"",45,15,15,1,2,"MountCustomize#82","music/ffxiv/BGM_Ride_Frontline.scd","SE_Bt_Etc_KoboldGolemWhistle","SE_Bt_Etc_MadoWhistle_only","SE_Bt_Etc_KoboldGolemBye",0,10,False,False,0,0,0,0,159,"ui/icon/004000/004162.tex",110,100,0,0,60,0,"MountAction#0",False,False,False,False,False,0,0
205,"dragon ombragé",0,"dragons ombragés",0,0,1,0,0,"ModelChara#2772",2,"",45,15,50,1,2,"MountCustomize#76","music/ffxiv/BGM_Ride_Hades.scd","SE_Bt_Etc_BanshinryuuWhistle","SE_Bt_Etc_GuuBooWhistle_only","SE_Bt_Etc_BanshinryuuBye",20,20,False,True,0,0,0,0,160,"ui/icon/004000/004163.tex",214,100,0,0,60,0,"MountAction#0",False,False,False,False,False,0,0
206,"spriggan porte-pierre",0,"spriggans porte-pierre",0,0,1,0,0,"ModelChara#2717",2,"",45,15,15,1,2,"MountCustomize#78","music/ffxiv/BGM_Ride_Kyellow.scd","SE_Bt_Etc_SpriganWhistle","SE_Bt_Etc_GuuBooWhistle_only","SE_Bt_Etc_SpriganBye",20,10,False,True,0,0,0,0,161,"ui/icon/004000/004164.tex",47,100,0,0,60,0,"MountAction#0",False,False,False,False,False,0,0
207,"Réticence pardonnée",0,"Réticences pardonnées",0,0,1,1,0,"ModelChara#2728",2,"",45,85,85,1,2,"MountCustomize#83","music/ffxiv/BGM_EX1_Ride_FlyingMount.scd","SE_Bt_Etc_YonsokuTenshiWhistle","SE_Bt_Etc_GuuBooWhistle_only","SE_Bt_Etc_YonsokuTenshiBye",20,10,False,True,0,0,0,0,162,"ui/icon/004000/004165.tex",47,100,9,3,60,0,"MountAction#0",False,False,False,False,False,0,0
208,"dhalmel",0,"dhalmels",0,0,1,0,0,"ModelChara#2726",2,"",45,85,85,1,2,"MountCustomize#84","music/ffxiv/BGM_EX1_Ride_FlyingMount.scd","SE_Bt_Etc_DhalmelWhistle","SE_Bt_Etc_GuuBooWhistle_only","SE_Bt_Etc_DhalmelBye",20,10,False,True,0,0,0,0,163,"ui/icon/004000/004166.tex",48,100,0,0,60,0,"MountAction#0",False,False,False,False,False,80,80
209,"karakul albinos",0,"karakuls albinos",0,0,1,0,0,"ModelChara#2798",2,"",45,85,85,1,2,"MountCustomize#85","music/ffxiv/BGM_EX1_Ride_FlyingMount.scd","SE_Bt_Etc_SheepWhistle","SE_Bt_Etc_GuuBooWhistle_only","SE_Bt_Etc_SheepBye",20,10,False,True,0,0,0,0,164,"ui/icon/004000/004167.tex",48,100,9,3,60,0,"MountAction#0",False,False,False,False,False,0,0
210,"",0,"",0,0,1,0,0,"ModelChara#2760",2,"",45,50,50,1,2,"MountCustomize#81","music/ffxiv/BGM_EX1_Ride_FlyingMount.scd","SE_Bt_Etc_FairyOakWhistle","SE_Bt_Etc_GuuBooWhistle_only","SE_Bt_Etc_FairyOakBye",20,10,False,True,0,0,0,0,-1,,0,100,0,0,60,0,"MountAction#44",False,False,False,False,False,0,0
211,"ufiti",0,"ufitis",0,1,1,0,0,"ModelChara#2838",2,"",45,85,85,1,2,"MountCustomize#53","music/ffxiv/BGM_EX1_Ride_FlyingMount.scd","SE_Bt_Etc_GorilaWhistle","SE_Bt_Etc_GuuBooWhistle_only","SE_Bt_Etc_GorilaBye",20,10,False,True,0,0,0,0,165,"ui/icon/004000/004168.tex",47,100,12,3,50,0,"MountAction#0",False,False,False,False,False,0,0
212,"",0,"",0,0,0,0,0,"ModelChara#0",0,"",0,0,0,0,0,"MountCustomize#0","","","","",0,0,False,False,0,0,0,0,0,,0,0,0,0,0,0,"MountAction#0",False,False,False,False,False,0,0
213,"bâtisseur n°14",0,"bâtisseurs n°14",0,0,1,0,0,"ModelChara#2727",2,"",45,15,15,1,2,"MountCustomize#86","music/ffxiv/BGM_EX1_Ride_FlyingMount.scd","SE_Bt_Etc_Labor8Whistle","SE_Bt_Etc_GuuBooWhistle_only","SE_Bt_Etc_Labor8Bye",0,10,False,True,0,0,0,0,166,"ui/icon/004000/004175.tex",111,100,0,0,60,0,"MountAction#0",False,False,False,False,False,80,60
214,"paon roi",0,"paons rois",0,0,1,0,0,"ModelChara#2799",2,"",45,15,50,1,2,"MountCustomize#87","music/ffxiv/BGM_Ride_Kyellow.scd","SE_Bt_Etc_PeacockWhistle","SE_Bt_Etc_GuuBooWhistle_only","SE_Bt_Etc_PeacockBye",20,10,False,True,0,0,0,0,167,"ui/icon/004000/004176.tex",252,100,0,0,60,0,"MountAction#47",False,True,False,False,False,80,80
215,"jarre du Serpent marin",0,"jarres du Serpent marin",0,0,1,0,0,"ModelChara#2861",2,"",45,15,15,1,2,"MountCustomize#0","music/ffxiv/BGM_EX1_Ride_FlyingMount.scd","SE_Bt_Etc_TsuchinokoWhistle","SE_Bt_Etc_GuuBooWhistle_only","SE_Bt_Etc_TsuchinokoBye",0,10,False,True,0,0,0,0,168,"ui/icon/004000/004174.tex",48,100,0,0,60,0,"MountAction#49",True,True,False,False,False,80,80
216,"ptéranodon",0,"ptéranodons",0,0,1,0,0,"ModelChara#2862",2,"",45,15,70,1,2,"MountCustomize#88","music/ffxiv/BGM_Ride_Hukko01.scd","SE_Bt_Etc_PteranodonWhistle","SE_Bt_Etc_GuuBooWhistle_only","SE_Bt_Etc_PteranodonBye",20,10,False,True,0,0,0,0,169,"ui/icon/004000/004169.tex",48,100,0,0,40,0,"MountAction#0",True,False,False,False,False,80,80
217,"dragon rubis",0,"dragons rubis",0,0,1,0,0,"ModelChara#2863",2,"",45,15,50,1,2,"MountCustomize#76","music/ffxiv/BGM_Ride_Ruby.scd","SE_Bt_Etc_BanshinryuuWhistle","SE_Bt_Etc_GuuBooWhistle_only","SE_Bt_Etc_BanshinryuuBye",20,20,False,True,0,0,0,0,170,"ui/icon/004000/004170.tex",214,100,0,0,60,0,"MountAction#0",False,False,False,False,False,0,0
218,"hybodus",0,"hybodus",0,0,1,0,0,"ModelChara#2900",2,"",45,15,15,1,2,"MountCustomize#89","music/ffxiv/BGM_EX1_Ride_FlyingMount.scd","SE_Bt_Etc_SharkWhistle","SE_Bt_Etc_GuuBooWhistle_only","SE_Bt_Etc_SharkBye",20,20,False,False,0,0,0,0,171,"ui/icon/004000/004171.tex",48,100,0,0,60,0,"MountAction#0",True,False,False,False,False,80,80
219,"Ramuh",0,"Ramuh",0,0,1,0,1,"ModelChara#2901",2,"",45,85,85,1,2,"MountCustomize#90","music/ffxiv/BGM_Ride_Eden02.scd","SE_Bt_Etc_1stRamuhWhistle","SE_Bt_Etc_GuuBooWhistle_only","SE_Bt_Etc_1stRamuhBye",20,20,False,True,0,0,0,0,172,"ui/icon/004000/004172.tex",48,100,0,0,60,0,"MountAction#0",True,False,False,False,False,80,80
220,"Carbuncle rubellite",0,"Carbuncles rubellite",0,0,1,0,1,"ModelChara#2913",2,"",45,70,70,1,2,"MountCustomize#51","music/ffxiv/BGM_Ride_Kyellow.scd","SE_Bt_Etc_CarbuncleWhistle","SE_Bt_Etc_HarpieWhistle_only","SE_Bt_Etc_CarbuncleBye",20,10,False,True,0,0,0,0,173,"ui/icon/004000/004173.tex",39,120,0,0,50,0,"MountAction#0",False,False,False,False,False,0,0
221,"",0,"",0,0,1,0,0,"ModelChara#2861",2,"",45,15,15,1,2,"MountCustomize#0","music/ffxiv/BGM_EX1_Ride_FlyingMount.scd","SE_Bt_Etc_TsuchinokoWhistle","SE_Bt_Etc_GuuBooWhistle_only","SE_Bt_Etc_TsuchinokoBye",0,10,False,True,0,0,0,0,-1,,0,100,0,0,60,0,"MountAction#48",False,False,False,False,False,80,80
222,"chococaravane",0,"chococaravanes",0,0,1,1,0,"ModelChara#2949",2,"",5,15,15,1,2,"MountCustomize#0","music/ffxiv/BGM_Ride_Chocobo.scd","SE_Bt_Etc_CCarriageWhistle","SE_Bt_Etc_ChocoboWhistle_only","SE_Bt_Etc_CCarriageBye",20,10,False,True,0,0,0,0,175,"ui/icon/004000/004177.tex",1,100,0,0,60,3,"MountAction#0",False,False,False,False,False,80,80
223,"automatank",0,"automatanks",0,1,1,0,0,"ModelChara#2950",2,"",45,15,15,1,2,"MountCustomize#0","music/ffxiv/BGM_EX1_Ride_FlyingMount.scd","SE_Bt_Etc_DTankWhistle","SE_Bt_Etc_MadoWhistle_only","SE_Bt_Etc_DTankBye",0,10,False,True,0,0,0,0,176,"ui/icon/004000/004178.tex",111,100,0,0,100,0,"MountAction#51",False,True,False,False,False,80,80
224,"Gabriel α",0,"Gabriel α",0,0,1,0,1,"ModelChara#2951",2,"",45,15,15,1,2,"MountCustomize#91","music/ffxiv/BGM_Ride_MYC01.scd","SE_Bt_Etc_ZeroGabrielWhistle","SE_Bt_Etc_MadoWhistle_only","SE_Bt_Etc_ZeroGabrieBye",0,10,False,False,0,0,0,0,177,"ui/icon/004000/004179.tex",111,100,0,0,60,0,"MountAction#0",True,False,False,False,False,80,80
225,"mégalotragus",0,"mégalotragus",0,0,1,0,0,"ModelChara#2952",2,"",45,85,85,1,2,"MountCustomize#92","music/ffxiv/BGM_EX1_Ride_FlyingMount.scd","SE_Bt_Etc_GazelleWhistle","SE_Bt_Etc_GuuBooWhistle_only","SE_Bt_Etc_GazelleBye",20,10,False,True,0,0,0,0,178,"ui/icon/004000/004180.tex",49,100,0,0,60,0,"MountAction#0",False,False,False,False,False,80,80
226,"dragon de la Lumière",0,"dragons de la Lumière",0,0,1,0,0,"ModelChara#2976",2,"",45,15,50,1,2,"MountCustomize#76","music/ffxiv/BGM_Ride_WOL.scd","SE_Bt_Etc_BanshinryuuWhistle","SE_Bt_Etc_GuuBooWhistle_only","SE_Bt_Etc_BanshinryuuBye",20,20,False,True,0,0,0,0,179,"ui/icon/004000/004181.tex",214,100,0,0,60,0,"MountAction#0",False,False,False,False,False,0,0
227,"",0,"",0,0,1,0,0,"ModelChara#2950",2,"",45,15,15,1,2,"MountCustomize#0","music/ffxiv/BGM_EX1_Ride_FlyingMount.scd","SE_Bt_Etc_DTankWhistle","SE_Bt_Etc_MadoWhistle_only","SE_Bt_Etc_DTankBye",0,10,False,True,0,0,0,0,-1,,0,100,0,0,100,0,"MountAction#50",False,False,False,False,False,80,80
228,"fauteuil Jibanyan",0,"fauteuils Jibanyan",0,0,1,0,0,"ModelChara#2974",2,"",45,15,15,1,2,"MountCustomize#94","music/ffxiv/BGM_EX1_Ride_FlyingMount.scd","SE_Bt_Etc_YKWChairWhistle","SE_Bt_Etc_GuuBooWhistle_only","SE_Bt_Etc_YKWChairBye",0,10,False,True,0,0,0,0,180,"ui/icon/004000/004182.tex",253,100,0,0,60,0,"MountAction#0",True,False,False,False,False,80,80
229,"transporteur magitek amélioré",0,"transporteurs magitek améliorés",0,0,1,0,0,"ModelChara#3005",2,"",45,15,15,1,2,"MountCustomize#63","music/ffxiv/BGM_EX1_Ride_FlyingMount.scd","SE_Bt_Etc_HakaseIsuWhistle","SE_Bt_Etc_MadoWhistle_only","SE_Bt_Etc_HakaseIsuBye",0,10,False,True,0,0,0,0,181,"ui/icon/004000/004183.tex",31,100,0,0,50,0,"MountAction#0",True,False,False,False,False,0,0
230,"Ehll Tou",0,"Ehll Tou",0,1,1,1,1,"ModelChara#2975",2,"",45,15,50,1,2,"MountCustomize#93","music/ffxiv/BGM_EX1_Ride_FlyingMount.scd","SE_Bt_Etc_ErtoWhistle","SE_Bt_Etc_GuuBooWhistle_only","SE_Bt_Etc_ErtoBye",20,20,False,True,0,0,0,0,182,"ui/icon/004000/004184.tex",215,100,0,0,60,0,"MountAction#0",False,False,False,False,False,80,80
231,"Incitatus",0,"Incitatus",0,1,1,0,1,"ModelChara#3006",2,"",45,70,70,1,2,"MountCustomize#5","music/ffxiv/BGM_EX1_Ride_FlyingMount.scd","SE_Bt_Etc_UnicornWhistle","SE_Bt_Etc_GuuBooWhistle_only","SE_Bt_Etc_UnicornBye",20,10,False,True,0,0,0,0,183,"ui/icon/004000/004185.tex",200,65,0,0,70,0,"MountAction#0",False,False,False,False,False,0,0
232,"bonhomme de neige",0,"bonhommes de neige",0,0,1,0,0,"ModelChara#3043",2,"",45,15,15,1,2,"MountCustomize#96","music/ffxiv/BGM_EX1_Ride_FlyingMount.scd","SE_Bt_Etc_SnowmanWhistle","SE_Bt_Etc_GuuBooWhistle_only","SE_Bt_Etc_SnowmanBye",0,10,False,False,0,0,0,0,174,"ui/icon/004000/004186.tex",112,100,0,0,60,0,"MountAction#0",False,False,False,False,False,80,80
233,"",0,"",0,0,0,0,0,"ModelChara#0",0,"",0,0,0,0,0,"MountCustomize#0","","","","",0,0,False,False,0,0,0,0,0,,0,0,0,0,0,0,"MountAction#0",False,False,False,False,False,0,0
234,"Éden",0,"Éden",0,1,1,0,1,"ModelChara#3045",2,"",45,15,15,1,2,"MountCustomize#97","music/ffxiv/BGM_Ride_Eden03.scd","SE_Bt_Etc_EdenPrimelWhistle","SE_Bt_Etc_MadoWhistle_only","SE_Bt_Etc_EdenPrimeBye",0,10,False,True,0,0,0,0,185,"ui/icon/004000/004188.tex",114,100,0,0,60,0,"MountAction#52",True,False,False,False,False,80,80
235,"Cerbère",0,"Cerbère",0,0,1,0,1,"ModelChara#3046",2,"",45,70,70,1,2,"MountCustomize#95","music/ffxiv/BGM_Ride_MYC01.scd","SE_Bt_Etc_CerberusWhistle","SE_Bt_Etc_GuuBooWhistle_only","SE_Bt_Etc_CerberusBye",20,20,False,True,0,0,0,0,186,"ui/icon/004000/004189.tex",50,100,0,0,60,3,"MountAction#0",False,False,False,False,False,80,80
236,"coquénorme",0,"coquénormes",0,0,1,1,0,"ModelChara#3047",2,"",45,15,15,1,2,"MountCustomize#98","music/ffxiv/BGM_EX1_Ride_FlyingMount.scd","SE_Bt_Etc_FF11CrabWhistle","SE_Bt_Etc_GuuBooWhistle_only","SE_Bt_Etc_FF11CrabBye",20,20,False,True,0,0,0,0,187,"ui/icon/004000/004190.tex",50,100,0,0,60,0,"MountAction#0",False,False,False,False,False,80,80
237,"",0,"",0,0,0,0,0,"ModelChara#0",0,"",0,0,0,0,0,"MountCustomize#0","","","","",0,0,False,False,0,0,0,0,0,,0,0,0,0,0,0,"MountAction#0",False,False,False,False,False,0,0
238,"dragon émeraude",0,"dragons émeraude",0,0,1,0,0,"ModelChara#3100",2,"",45,15,50,1,2,"MountCustomize#76","music/ffxiv/BGM_Ride_Emerald.scd","SE_Bt_Etc_BanshinryuuWhistle","SE_Bt_Etc_GuuBooWhistle_only","SE_Bt_Etc_BanshinryuuBye",20,20,False,True,0,0,0,0,189,"ui/icon/004000/004192.tex",214,100,0,0,60,0,"MountAction#0",False,False,False,False,False,0,0
239,"proto-magna rouleur magitek",0,"proto-magna rouleurs magitek",0,0,1,0,0,"ModelChara#3101",2,"",45,15,15,1,2,"MountCustomize#71","music/ffxiv/BGM_EX1_Ride_FlyingMount.scd","SE_Bt_Etc_MagunarodersWhistle","SE_Bt_Etc_MadoWhistle_only","SE_Bt_Etc_MagunarodersBye",20,10,False,True,0,0,0,0,190,"ui/icon/004000/004193.tex",4,100,0,0,70,0,"MountAction#0",False,False,False,False,False,0,0
240,"choco-korpokkur",0,"choco-korpokkur",0,0,1,0,0,"ModelChara#3102",2,"",45,15,70,1,2,"MountCustomize#54","music/ffxiv/BGM_EX1_Ride_FlyingMount.scd","SE_Bt_Etc_MarimokunWhistle","SE_Bt_Etc_GuuBooWhistle_only","SE_Bt_Etc_MarimokunBye",20,10,False,True,0,0,0,0,191,"ui/icon/004000/004194.tex",40,120,0,0,40,0,"MountAction#0",False,False,False,False,False,0,0
241,"Gabriel v3",0,"Gabriel v3",0,0,1,0,0,"ModelChara#3103",2,"",45,15,15,1,2,"MountCustomize#91","music/ffxiv/BGM_Ride_MYC01.scd","SE_Bt_Etc_ZeroGabrielWhistle","SE_Bt_Etc_MadoWhistle_only","SE_Bt_Etc_ZeroGabrieBye",0,10,False,False,0,0,0,0,192,"ui/icon/004000/004195.tex",111,100,0,0,60,0,"MountAction#0",True,False,False,False,False,80,80
242,"",0,"",0,0,0,0,0,"ModelChara#0",0,"",0,0,0,0,0,"MountCustomize#0","","","","",0,0,False,False,0,0,0,0,0,,0,0,0,0,0,0,"MountAction#0",False,False,False,False,False,0,0
243,"",0,"",0,0,0,0,0,"ModelChara#0",0,"",0,0,0,0,0,"MountCustomize#0","","","","",0,0,False,False,0,0,0,0,0,,0,0,0,0,0,0,"MountAction#0",False,False,False,False,False,0,0
244,"",0,"",0,0,1,0,0,"ModelChara#2",2,"",45,0,15,0,0,"MountCustomize#0","music/ffxiv/BGM_Ride_CommonMonster.scd","SE_Bt_Etc_MadoWhistle","SE_Bt_Etc_MadoWhistle_only","SE_Bt_Etc_MadoBye",0,10,False,True,0,524289,0,0,-1,,0,77,0,0,70,0,"MountAction#0",False,False,False,False,False,0,0
245,"",0,"",0,0,0,0,0,"ModelChara#0",0,"",0,0,0,0,0,"MountCustomize#0","","","","",0,0,False,False,0,0,0,0,0,,0,0,0,0,0,0,"MountAction#0",False,False,False,False,False,0,0
246,"",0,"",0,0,0,0,0,"ModelChara#0",0,"",0,0,0,0,0,"MountCustomize#0","","","","",0,0,False,False,0,0,0,0,0,,0,0,0,0,0,0,"MountAction#0",False,False,False,False,False,0,0
247,"",0,"",0,0,0,0,0,"ModelChara#0",0,"",0,0,0,0,0,"MountCustomize#0","","","","",0,0,False,False,0,0,0,0,0,,0,0,0,0,0,0,"MountAction#0",False,False,False,False,False,0,0
248,"constructeur 06S",0,"constructeurs 06S",0,0,1,0,0,"ModelChara#3175",2,"",45,15,15,1,2,"MountCustomize#82","music/ffxiv/BGM_EX1_Ride_FlyingMount.scd","SE_Bt_Etc_KoboldGolemWhistle","SE_Bt_Etc_MadoWhistle_only","SE_Bt_Etc_KoboldGolemBye",0,10,False,False,0,0,0,0,193,"ui/icon/004000/004196.tex",110,100,0,0,60,0,"MountAction#0",False,False,False,False,False,0,0
249,"",0,"",0,0,0,0,0,"ModelChara#0",0,"",0,0,0,0,0,"MountCustomize#0","","","","",0,0,False,False,0,0,0,0,0,,0,0,0,0,0,0,"MountAction#0",False,False,False,False,False,0,0
250,"",0,"",0,0,0,0,0,"ModelChara#0",0,"",0,0,0,0,0,"MountCustomize#0","","","","",0,0,False,False,0,0,0,0,0,,0,0,0,0,0,0,"MountAction#0",False,False,False,False,False,0,0
