key,0,1,2,3,4,5,6,7,8,9,10,11,12,13,14,15
#,,Top,Bottom,Left,Right,TripleTriadCardRarity,TripleTriadCardType,SaleValue,SortKey,Order,UIPriority,,AcquisitionType,Acquisition,Location,Quest
int32,uint16,byte,byte,byte,byte,TripleTriadCardRarity,TripleTriadCardType,uint16,byte,uint16,byte,bit&01,byte,Row,Row,Quest
0,65535,0,0,0,0,"TripleTriadCardRarity#1","",0,0,0,0,False,0,,,
1,0,4,3,4,2,"TripleTriadCardRarity#1","",0,1,1,0,True,1,,,"Triple Triad Trial"
2,1,2,7,2,2,"TripleTriadCardRarity#1","",100,1,2,0,True,6,"Memeroon","Level#4273866","Triple Triad Trial"
3,2,4,3,3,3,"TripleTriadCardRarity#1","",0,1,3,0,True,1,,,"Triple Triad Trial"
4,3,2,4,4,3,"TripleTriadCardRarity#1","",100,1,4,0,True,6,"Triple Triad master","Level#5581206","Triple Triad Trial"
5,4,2,3,5,4,"TripleTriadCardRarity#1","",100,1,5,0,True,8,"Bronze Triad Card",,"Triple Triad Trial"
6,5,3,3,3,4,"TripleTriadCardRarity#1","",0,1,6,0,True,1,,,"Triple Triad Trial"
7,6,4,5,3,2,"TripleTriadCardRarity#1","",0,1,7,0,True,1,,,"Triple Triad Trial"
8,7,3,3,4,3,"TripleTriadCardRarity#1","",100,1,8,0,True,8,"Bronze Triad Card",,"Triple Triad Trial"
9,8,5,5,2,2,"TripleTriadCardRarity#1","",100,1,9,0,True,3,"the Aurum Vale",,"Going for Gold"
10,9,2,2,5,5,"TripleTriadCardRarity#1","",0,1,10,0,True,1,,,"Triple Triad Trial"
11,10,5,2,2,5,"TripleTriadCardRarity#1","",100,1,11,0,True,8,"Bronze Triad Card",,"Triple Triad Trial"
12,11,2,5,2,5,"TripleTriadCardRarity#1","",100,1,12,0,True,6,"Aurifort of the Three Clubs","Level#5581196","Triple Triad Trial"
13,12,3,2,1,7,"TripleTriadCardRarity#1","",100,2,13,0,True,6,"Guhtwint of the Three Diamonds","Level#5581204","Triple Triad Trial"
14,13,1,7,1,4,"TripleTriadCardRarity#1","Beastman",100,3,14,0,True,8,"Silver Triad Card",,"Triple Triad Trial"
15,14,6,3,4,1,"TripleTriadCardRarity#1","Beastman",100,3,15,0,True,6,"Jonas of the Three Spades","Level#5581202","Triple Triad Trial"
16,15,2,5,4,4,"TripleTriadCardRarity#1","Beastman",100,3,16,0,True,8,"Silver Triad Card",,"Triple Triad Trial"
17,16,2,4,6,2,"TripleTriadCardRarity#1","Beastman",100,3,17,0,True,8,"Silver Triad Card",,"Triple Triad Trial"
18,17,4,3,3,5,"TripleTriadCardRarity#1","Beastman",100,3,18,0,True,3,"Sastasha",,"It's Probably Pirates"
19,18,7,3,2,2,"TripleTriadCardRarity#1","Scion",100,5,19,0,True,8,"Silver Triad Card",,"Triple Triad Trial"
20,19,2,3,7,1,"TripleTriadCardRarity#1","Beastman",100,3,20,0,True,6,"Jonas of the Three Spades","Level#5581202","Triple Triad Trial"
21,20,3,7,2,6,"TripleTriadCardRarity#2","",300,8,21,0,True,8,"Silver Triad Card",,"Triple Triad Trial"
22,21,2,6,7,3,"TripleTriadCardRarity#2","",300,8,22,0,True,6,"Helmhart","Level#4250584","Triple Triad Trial"
23,22,6,2,3,7,"TripleTriadCardRarity#2","",300,8,23,0,True,6,"Buscarron","Level#1146551","Into the Beast's Maw"
24,23,7,2,6,3,"TripleTriadCardRarity#2","",300,8,24,0,True,8,"Bronze Triad Card",,"Triple Triad Trial"
25,24,7,2,2,7,"TripleTriadCardRarity#2","",300,8,25,0,True,8,"Bronze Triad Card",,"Triple Triad Trial"
26,25,2,7,7,2,"TripleTriadCardRarity#2","",300,8,26,0,True,8,"Bronze Triad Card",,"Triple Triad Trial"
27,26,6,2,6,6,"TripleTriadCardRarity#2","Beastman",300,10,27,0,True,6,"Guhtwint of the Three Diamonds","Level#5581204","Triple Triad Trial"
28,27,7,5,3,5,"TripleTriadCardRarity#2","",300,13,28,0,True,8,"Gold Triad Card",,"Triple Triad Trial"
29,28,3,5,5,7,"TripleTriadCardRarity#2","",300,13,29,0,True,8,"Gold Triad Card",,"Triple Triad Trial"
30,29,5,3,7,5,"TripleTriadCardRarity#2","",300,13,30,0,True,8,"Gold Triad Card",,"Triple Triad Trial"
31,30,3,7,1,7,"TripleTriadCardRarity#2","Garlean",300,11,31,0,True,6,"indolent imperial","Level#5663701","Triple Triad Trial"
32,31,7,3,7,1,"TripleTriadCardRarity#2","Garlean",300,11,32,0,True,6,"indolent imperial","Level#5663701","Triple Triad Trial"
33,32,5,7,5,3,"TripleTriadCardRarity#2","",300,15,33,0,True,6,"Mimidoa","Level#3766212","History Repeating"
34,33,1,3,7,7,"TripleTriadCardRarity#2","",300,14,34,0,True,8,"Gold Triad Card",,"Triple Triad Trial"
35,34,6,6,6,2,"TripleTriadCardRarity#2","Beastman",300,10,35,0,True,6,"Piralnaut","Level#4249634","Triple Triad Trial"
36,35,2,6,6,6,"TripleTriadCardRarity#2","Beastman",300,10,36,0,True,6,"F'hobhas","Level#2465084","Triple Triad Trial"
37,36,6,6,2,6,"TripleTriadCardRarity#2","Beastman",300,10,37,0,True,6,"Memeroon","Level#4273866","Triple Triad Trial"
38,37,7,4,2,8,"TripleTriadCardRarity#3","",500,17,38,0,True,8,"Bronze Triad Card",,"Triple Triad Trial"
39,38,8,7,3,3,"TripleTriadCardRarity#3","",500,28,39,0,True,8,"Mythril Triad Card",,"Triple Triad Trial"
40,39,7,6,7,1,"TripleTriadCardRarity#3","Primal",500,25,40,0,True,8,"Silver Triad Card",,"Triple Triad Trial"
41,40,1,7,6,7,"TripleTriadCardRarity#3","Primal",500,25,41,0,True,8,"Silver Triad Card",,"Triple Triad Trial"
42,41,7,1,7,6,"TripleTriadCardRarity#3","Primal",500,25,42,0,True,6,"Marcette","Level#4257902","Triple Triad Trial"
43,42,7,7,1,6,"TripleTriadCardRarity#3","Primal",500,25,43,0,True,8,"Silver Triad Card",,"Triple Triad Trial"
44,43,5,6,6,6,"TripleTriadCardRarity#3","",500,28,44,0,True,10,"Triple Triad trader","Level#5581330","Triple Triad Trial"
45,44,6,5,6,6,"TripleTriadCardRarity#3","",500,28,45,0,True,6,"Ruhtwyda of the Three Hearts","Level#5581197","Triple Triad Trial"
46,45,2,8,7,3,"TripleTriadCardRarity#3","Scion",500,27,46,0,True,6,"Fufulupa","Level#3629823","A Wild Rose by Any Other Name"
47,46,4,8,7,1,"TripleTriadCardRarity#3","Garlean",500,26,47,0,True,6,"indolent imperial","Level#5663701","Triple Triad Trial"
48,47,3,8,2,7,"TripleTriadCardRarity#3","Scion",500,27,48,0,True,6,"Buscarron","Level#1146551","Into the Beast's Maw"
49,48,7,1,4,8,"TripleTriadCardRarity#3","Scion",500,27,49,0,True,6,"Gegeruju","Level#4258385","All Good Things"
50,49,8,4,7,1,"TripleTriadCardRarity#3","Scion",500,27,50,0,True,6,"Ruhtwyda of the Three Hearts","Level#5581197","Triple Triad Trial"
51,50,7,9,1,8,"TripleTriadCardRarity#4","Garlean",800,36,51,0,True,8,"Gold Triad Card",,"Triple Triad Trial"
52,51,8,1,8,8,"TripleTriadCardRarity#4","Primal",800,35,52,0,True,8,"Mythril Triad Card",,"Triple Triad Trial"
53,52,8,8,8,1,"TripleTriadCardRarity#4","Primal",800,35,53,0,True,8,"Gold Triad Card",,"Triple Triad Trial"
54,53,8,8,1,8,"TripleTriadCardRarity#4","Primal",800,35,54,0,True,8,"Gold Triad Card",,"Triple Triad Trial"
55,54,1,8,8,8,"TripleTriadCardRarity#4","Primal",800,35,55,0,True,8,"Gold Triad Card",,"Triple Triad Trial"
56,55,9,3,5,8,"TripleTriadCardRarity#4","Scion",800,37,56,0,True,8,"Silver Triad Card",,"Triple Triad Trial"
57,56,4,4,8,9,"TripleTriadCardRarity#4","",800,38,57,0,True,8,"Silver Triad Card",,"Triple Triad Trial"
58,57,5,9,2,9,"TripleTriadCardRarity#4","",800,38,58,0,True,8,"Gold Triad Card",,"Triple Triad Trial"
59,58,9,3,9,3,"TripleTriadCardRarity#4","Scion",800,37,59,0,True,8,"Platinum Triad Card",,"Triple Triad Trial"
60,59,9,9,3,4,"TripleTriadCardRarity#4","Scion",800,37,60,0,True,8,"Platinum Triad Card",,"Triple Triad Trial"
61,60,9,9,6,5,"TripleTriadCardRarity#5","Primal",1500,42,61,0,True,6,"King Elmer III","Level#5581186","Triple Triad Trial"
62,61,1,10,8,8,"TripleTriadCardRarity#5","",1500,45,62,0,True,6,"Hab","Level#4127303","Zombies Are People Too"
63,62,10,4,8,6,"TripleTriadCardRarity#5","",1500,46,63,0,True,10,"Triple Triad trader","Level#5581330","Triple Triad Trial"
64,63,4,5,9,10,"TripleTriadCardRarity#5","Garlean",1500,43,64,0,True,6,"indolent imperial","Level#5663701","Triple Triad Trial"
65,64,5,10,3,9,"TripleTriadCardRarity#5","",1500,45,65,0,True,8,"Gold Triad Card",,"Triple Triad Trial"
66,65,9,1,7,10,"TripleTriadCardRarity#5","",1500,45,66,0,True,8,"Gold Triad Card",,"Triple Triad Trial"
67,66,6,9,10,2,"TripleTriadCardRarity#5","",1500,45,67,0,True,8,"Gold Triad Card",,"Triple Triad Trial"
68,67,10,5,10,2,"TripleTriadCardRarity#5","",1500,48,1,5,True,8,"Gold Triad Card",,"Triple Triad Trial"
69,68,10,10,1,5,"TripleTriadCardRarity#5","",1500,48,2,5,True,7,,,"Triple Triad Trial"
70,69,8,8,10,2,"TripleTriadCardRarity#5","",1500,48,3,5,True,8,"Mythril Triad Card",,"Triple Triad Trial"
71,70,4,4,10,10,"TripleTriadCardRarity#5","",1500,48,4,5,True,7,,,"Triple Triad Trial"
72,71,4,10,10,4,"TripleTriadCardRarity#5","",1500,48,5,5,True,8,"Mythril Triad Card",,"Triple Triad Trial"
73,72,10,2,5,10,"TripleTriadCardRarity#5","",1500,48,6,5,True,8,"Mythril Triad Card",,"Triple Triad Trial"
74,73,9,9,8,3,"TripleTriadCardRarity#5","",1500,48,7,5,True,10,"Triple Triad trader","Level#5581330","Triple Triad Trial"
75,74,6,10,1,10,"TripleTriadCardRarity#5","",0,48,8,5,True,11,"Triple Team II",,"Triple Triad Trial"
76,75,5,6,8,10,"TripleTriadCardRarity#5","",1500,48,9,5,True,8,"Gold Triad Card",,"Triple Triad Trial"
77,76,10,1,9,7,"TripleTriadCardRarity#5","",1500,48,10,5,True,7,,,"Triple Triad Trial"
78,77,4,7,9,9,"TripleTriadCardRarity#5","",0,48,11,5,True,11,"Kumite Kumite Kumite",,"Triple Triad Trial"
79,78,1,10,9,7,"TripleTriadCardRarity#5","",0,48,12,5,True,11,"Wheel of Fortune V",,"Triple Triad Trial"
80,79,9,7,10,1,"TripleTriadCardRarity#5","",1500,48,13,5,True,7,,,"Triple Triad Trial"
81,80,4,1,7,1,"TripleTriadCardRarity#1","",100,1,68,0,True,6,"Noes","Level#1143516","Triple Triad Trial"
82,81,2,4,7,6,"TripleTriadCardRarity#2","Beastman",300,10,69,0,True,6,"Mogmill","Level#5814720","A Secret from Everyone"
83,82,6,7,3,3,"TripleTriadCardRarity#2","Beastman",300,10,70,0,True,6,"Mogmill","Level#5814720","A Secret from Everyone"
84,83,7,1,3,7,"TripleTriadCardRarity#2","",300,15,71,0,True,6,"Yellow Moon","Level#2682191","Triple Triad Trial"
85,84,5,5,5,5,"TripleTriadCardRarity#2","",300,9,72,0,True,5,"Special Tarasque Force","d2f1","Where the Chocobos Roam"
86,85,5,7,8,1,"TripleTriadCardRarity#3","",500,19,73,0,True,3,"the Dusk Vigil",,"For All the Nights to Come"
87,86,1,8,7,5,"TripleTriadCardRarity#3","",500,19,74,0,True,3,"Sohm Al",,"Mourn in Passing"
88,87,8,2,3,8,"TripleTriadCardRarity#3","",500,29,75,0,True,6,"Gibrillont","Level#5581899","The Better Half"
89,88,8,3,8,2,"TripleTriadCardRarity#3","",500,29,76,0,True,6,"Wawalago","Level#1673577","Triple Triad Trial"
90,89,4,8,1,8,"TripleTriadCardRarity#3","",500,29,77,0,True,6,"Marcechamp","Level#5796581","Gifts for the Outcasts"
91,90,1,8,8,4,"TripleTriadCardRarity#3","",500,29,78,0,True,6,"idle imperial","Level#5927813","The First Flight of the Excelsior"
92,91,8,8,1,3,"TripleTriadCardRarity#3","",500,29,79,0,True,6,"Midnight Dew","Level#5864096","Over My Dead Gobbie"
93,92,1,3,8,8,"TripleTriadCardRarity#3","",500,29,80,0,True,6,"Marielle","Level#5814139","A Reward Long in Coming"
94,93,8,1,7,4,"TripleTriadCardRarity#3","",500,19,81,0,True,3,"the Great Gubal Library",,"Forbidden Knowledge"
95,94,7,5,8,1,"TripleTriadCardRarity#3","",0,29,82,0,True,11,"Triple Team III",,"Triple Triad Trial"
96,95,1,9,9,5,"TripleTriadCardRarity#4","",800,39,83,0,True,6,"Yayake","Level#3642535","Triple Triad Trial"
97,96,9,8,1,7,"TripleTriadCardRarity#4","Primal",800,35,84,0,True,3,"Thok ast Thok (Hard)",,"Lord of the Hive"
98,97,1,7,8,9,"TripleTriadCardRarity#4","Primal",800,35,85,0,True,3,"the Limitless Blue (Hard)",,"Bolt, Chain, and Island"
99,98,10,3,8,7,"TripleTriadCardRarity#5","",1500,46,86,0,True,3,"the Aery",,"Into the Aery"
100,99,3,10,7,8,"TripleTriadCardRarity#5","",0,47,87,0,True,11,"Triple-decker IV",,"Triple Triad Trial"
101,100,1,7,2,3,"TripleTriadCardRarity#1","",100,1,88,0,True,6,"Dominiac","Level#5900081","A War without End"
102,101,5,6,5,4,"TripleTriadCardRarity#2","",300,7,89,0,True,6,"Elaisse","Level#5840614","Caught in the Act"
103,102,4,3,6,6,"TripleTriadCardRarity#2","",300,7,90,0,True,6,"Laniaitte","Level#5811436","An Engineering Enterprise"
104,103,6,3,5,5,"TripleTriadCardRarity#2","",300,7,91,0,True,6,"Laniaitte","Level#5811436","An Engineering Enterprise"
105,104,6,3,4,6,"TripleTriadCardRarity#2","",300,7,92,0,True,6,"voracious Vath","Level#5802670","Lord of the Hive"
106,105,7,3,2,7,"TripleTriadCardRarity#2","",300,7,93,0,True,6,"Seika","Level#5937783","Enigma"
107,106,6,7,3,3,"TripleTriadCardRarity#2","",300,7,94,0,True,6,"Seika","Level#5937783","Enigma"
108,107,8,7,4,2,"TripleTriadCardRarity#3","",500,17,95,0,True,8,"Mythril Triad Card",,"Triple Triad Trial"
109,108,5,5,8,5,"TripleTriadCardRarity#3","",500,18,96,0,True,8,"Mythril Triad Card",,"Triple Triad Trial"
110,109,6,3,6,6,"TripleTriadCardRarity#3","",500,20,97,0,True,3,"Pharos Sirius (Hard)",,"Things Are Getting Sirius"
111,110,3,3,7,7,"TripleTriadCardRarity#3","",500,20,98,0,True,3,"Saint Mocianne's Arboretum",,"An Overgrown Ambition"
112,111,6,7,4,4,"TripleTriadCardRarity#3","",500,23,99,0,True,3,"the Void Ark",,"To Rule the Skies"
113,112,6,6,6,5,"TripleTriadCardRarity#3","",500,30,100,0,True,8,"Mythril Triad Card",,"Triple Triad Trial"
114,113,6,5,7,6,"TripleTriadCardRarity#3","",500,30,101,0,True,10,"Triple Triad trader","Level#5581330","Triple Triad Trial"
115,114,8,4,5,5,"TripleTriadCardRarity#3","Beastman",500,24,102,0,True,6,"Mogmill","Level#5814720","A Secret from Everyone"
116,115,7,4,3,8,"TripleTriadCardRarity#3","",500,31,103,0,True,3,"the Vault",,"A Knight's Calling"
117,116,2,8,8,2,"TripleTriadCardRarity#3","Beastman",500,24,104,0,True,6,"Seika","Level#5937783","Enigma"
118,117,9,7,6,5,"TripleTriadCardRarity#4","",800,39,105,0,True,10,"Triple Triad trader","Level#5581330","Triple Triad Trial"
119,118,8,6,8,8,"TripleTriadCardRarity#5","Garlean",1500,43,106,0,True,8,"Imperial Triad Card",,"Triple Triad Trial"
120,119,7,10,9,1,"TripleTriadCardRarity#5","",1500,47,107,0,True,3,"the Minstrel's Ballad: Thordan's Reign",,"Heavensward"
121,120,7,7,2,2,"TripleTriadCardRarity#2","",300,16,108,0,True,6,"House Fortemps manservant","Level#5874750","Heavensward"
122,121,2,2,7,7,"TripleTriadCardRarity#2","Scion",300,12,109,0,True,8,"Gold Triad Card",,"Triple Triad Trial"
123,122,8,5,4,4,"TripleTriadCardRarity#3","",500,18,110,0,True,8,"Mythril Triad Card",,"Triple Triad Trial"
124,123,2,4,7,8,"TripleTriadCardRarity#3","",500,17,111,0,True,5,"Darkscale Devoureth","d2f3","Mourn in Passing"
125,124,7,6,4,3,"TripleTriadCardRarity#3","",500,18,112,0,True,3,"Snowcloak",,"The Path of the Righteous"
126,125,3,6,6,6,"TripleTriadCardRarity#3","",500,18,113,0,True,3,"Sastasha (Hard)",,"It's Definitely Pirates"
127,126,7,7,5,1,"TripleTriadCardRarity#3","",500,18,114,0,True,6,"Yayake","Level#3642535","Triple Triad Trial"
128,127,3,2,8,7,"TripleTriadCardRarity#3","Beastman",500,24,115,0,True,6,"Memeroon","Level#4273866","Triple Triad Trial"
129,128,4,8,4,6,"TripleTriadCardRarity#3","",500,18,116,0,True,8,"Silver Triad Card",,"Triple Triad Trial"
130,129,6,6,3,6,"TripleTriadCardRarity#3","",500,20,117,0,True,3,"the Antitower",,"The Word of the Mother"
131,130,8,2,7,3,"TripleTriadCardRarity#3","",500,20,118,0,True,6,"Noes","Level#1143516","Triple Triad Trial"
132,131,1,6,7,7,"TripleTriadCardRarity#3","",500,22,119,0,True,3,"the Labyrinth of the Ancients",,"Labyrinth of the Ancients"
133,132,4,3,7,7,"TripleTriadCardRarity#3","",500,29,120,0,True,6,"House Fortemps manservant","Level#5874750","Heavensward"
134,133,7,7,3,4,"TripleTriadCardRarity#3","",500,29,121,0,True,6,"House Fortemps manservant","Level#5874750","Heavensward"
135,134,9,6,7,4,"TripleTriadCardRarity#4","",800,33,122,0,True,3,"Syrcus Tower",,"Syrcus Tower"
136,135,7,7,7,7,"TripleTriadCardRarity#4","",800,32,123,0,True,3,"Alexander - The Burden of the Son",,"One Step Behind"
137,136,6,8,6,8,"TripleTriadCardRarity#4","Primal",800,35,124,0,True,3,"Containment Bay S1T7",,"When the Bough Wakes"
138,137,9,3,7,7,"TripleTriadCardRarity#4","Scion",800,37,125,0,True,10,"Triple Triad trader","Level#5581330","Triple Triad Trial"
139,138,8,8,6,6,"TripleTriadCardRarity#4","",0,39,126,0,True,11,"Triple-decker V",,"Triple Triad Trial"
140,139,7,7,6,10,"TripleTriadCardRarity#5","",1500,41,127,0,True,3,"the World of Darkness",,"The World of Darkness"
141,140,4,7,3,3,"TripleTriadCardRarity#2","",300,13,128,0,True,6,"Wymond","Level#2360548","Triple Triad Trial"
142,141,2,3,6,6,"TripleTriadCardRarity#2","",300,15,129,0,True,6,"Elaisse","Level#5840614","Caught in the Act"
143,142,7,3,3,6,"TripleTriadCardRarity#2","",300,16,130,0,True,6,"Marielle","Level#5814139","A Reward Long in Coming"
144,143,5,4,6,6,"TripleTriadCardRarity#2","",300,14,131,0,True,6,"O'kalkaya","Level#1904988","Storming the Hull"
145,144,2,7,2,7,"TripleTriadCardRarity#2","",300,14,132,0,True,6,"Mordyn","Level#4097322","Storming the Hull"
146,145,1,4,8,8,"TripleTriadCardRarity#3","",500,30,133,0,True,6,"Master Mogzin","Level#6323298","The Zenith of Craftsmanship"
147,146,1,7,7,6,"TripleTriadCardRarity#3","",500,19,134,0,True,8,"Bronze Triad Card",,"Triple Triad Trial"
148,147,4,4,7,6,"TripleTriadCardRarity#3","",500,19,135,0,True,6,"idle imperial","Level#5927813","The First Flight of the Excelsior"
149,148,5,7,6,6,"TripleTriadCardRarity#3","",500,28,136,0,True,3,"Hullbreaker Isle (Hard)",,"Storming the Hull"
150,149,6,6,8,8,"TripleTriadCardRarity#4","",800,38,137,0,True,6,"Klynthota","Level#4272594","The Light of Hope"
151,150,9,5,6,6,"TripleTriadCardRarity#4","",800,39,138,0,True,6,"idle imperial","Level#5927813","The First Flight of the Excelsior"
152,151,5,7,8,8,"TripleTriadCardRarity#4","",800,33,139,0,True,2,"the Weeping City of Mhach",,"The Weeping City"
153,152,7,10,6,7,"TripleTriadCardRarity#5","",1500,46,140,0,True,8,"Platinum Triad Card",,"Triple Triad Trial"
154,153,3,4,1,4,"TripleTriadCardRarity#1","",100,1,141,0,True,6,"Wyra “Greenhands” Lyehga","Level#6502536","Triple Triad Trial"
155,154,6,4,1,1,"TripleTriadCardRarity#1","",100,1,142,0,True,6,"Flichoirel the Lordling","Level#6502539","Triple Triad Trial"
156,155,4,2,3,3,"TripleTriadCardRarity#1","Garlean",100,4,143,0,True,8,"Bronze Triad Card",,"Triple Triad Trial"
157,156,4,6,6,3,"TripleTriadCardRarity#2","",300,8,144,0,True,8,"Bronze Triad Card",,"Triple Triad Trial"
158,157,7,4,5,3,"TripleTriadCardRarity#2","",300,8,145,0,True,6,"Prideful Stag","Level#6502537","Triple Triad Trial"
159,158,5,6,3,5,"TripleTriadCardRarity#2","Beastman",300,10,146,0,True,8,"Bronze Triad Card",,"Triple Triad Trial"
160,159,6,6,3,3,"TripleTriadCardRarity#2","Garlean",300,11,147,0,True,6,"hall overseer","Level#6502534","Triple Triad Trial"
161,160,5,1,7,7,"TripleTriadCardRarity#3","",500,20,148,0,True,3,"the Great Gubal Library (Hard)",,"Let Me Gubal That for You"
162,161,7,6,2,6,"TripleTriadCardRarity#3","Beastman",500,24,149,0,True,8,"Bronze Triad Card",,"Triple Triad Trial"
163,162,7,2,8,3,"TripleTriadCardRarity#3","Primal",500,25,150,0,True,3,"Alexander - The Soul of the Creator",,"Judgment Day"
164,163,4,6,5,7,"TripleTriadCardRarity#3","",500,31,151,0,True,6,"Nell Half-full","Level#6502538","Triple Triad Trial"
165,164,8,7,9,1,"TripleTriadCardRarity#4","Scion",0,37,152,0,True,11,"Triple-decker VI",,"Triple Triad Trial"
166,165,9,2,5,9,"TripleTriadCardRarity#4","Scion",0,37,153,0,True,11,"Triple Team V",,"Triple Triad Trial"
167,166,3,3,9,9,"TripleTriadCardRarity#4","Garlean",800,36,154,0,True,6,"Flichoirel the Lordling","Level#6502539","Triple Triad Trial"
168,167,10,5,6,8,"TripleTriadCardRarity#5","Primal",1500,42,155,0,True,3,"Containment Bay P1T6",,"Balance unto All"
169,168,1,2,6,4,"TripleTriadCardRarity#1","",100,1,156,0,True,10,"Triple Triad trader","Level#5581330","Triple Triad Trial"
170,169,5,4,4,7,"TripleTriadCardRarity#2","",300,8,157,0,True,10,"Triple Triad trader","Level#5581330","Triple Triad Trial"
171,170,3,4,7,5,"TripleTriadCardRarity#2","Garlean",300,11,158,0,True,8,"Imperial Triad Card",,"Triple Triad Trial"
172,171,3,5,5,5,"TripleTriadCardRarity#2","Garlean",300,11,159,0,True,8,"Imperial Triad Card",,"Triple Triad Trial"
173,172,4,1,6,7,"TripleTriadCardRarity#2","",300,16,167,0,True,10,"Triple Triad trader","Level#5581330","Triple Triad Trial"
174,173,3,5,5,8,"TripleTriadCardRarity#3","",500,20,160,0,True,3,"Sohm Al (Hard)",,"The Fires of Sohm Al"
175,174,5,4,5,7,"TripleTriadCardRarity#3","Garlean",500,26,161,0,True,8,"Imperial Triad Card",,"Triple Triad Trial"
176,175,6,6,7,2,"TripleTriadCardRarity#3","Garlean",500,26,162,0,True,8,"Imperial Triad Card",,"Triple Triad Trial"
177,176,8,4,1,8,"TripleTriadCardRarity#3","",500,31,163,0,True,3,"Baelsar's Wall",,"Griffin, Griffin on the Wall"
178,177,2,8,3,7,"TripleTriadCardRarity#3","",500,31,168,0,True,10,"Triple Triad trader","Level#5581330","Triple Triad Trial"
179,178,4,8,9,4,"TripleTriadCardRarity#4","",800,33,164,0,True,2,"Dun Scaith",,"Where Shadows Reign"
180,179,3,9,7,5,"TripleTriadCardRarity#4","Garlean",800,36,165,0,True,8,"Imperial Triad Card",,"Triple Triad Trial"
181,180,6,4,7,8,"TripleTriadCardRarity#4","",800,39,169,0,True,10,"Triple Triad trader","Level#5581330","Triple Triad Trial"
182,181,3,8,10,7,"TripleTriadCardRarity#5","Primal",1500,42,166,0,True,3,"Containment Bay Z1T9",,"The Last Pillar to Fall"
183,182,1,1,5,6,"TripleTriadCardRarity#1","Beastman",100,3,170,0,True,6,"Gyoei","Level#6844084","Criminal Phrenology"
184,183,4,5,4,5,"TripleTriadCardRarity#2","Beastman",300,10,171,0,True,6,"Tsuzura","Level#6848289","Our Most Venerated Ancestor"
185,184,3,5,2,7,"TripleTriadCardRarity#2","Beastman",300,10,172,0,True,6,"Garima","Level#6794369","Delicate as a Flower"
186,185,4,4,7,1,"TripleTriadCardRarity#2","",300,16,173,0,True,6,"Ercanbald","Level#6955049","A Haven for the Bold"
187,186,5,2,6,6,"TripleTriadCardRarity#2","",300,16,174,0,True,6,"Kotokaze","Level#6654205","By the Grace of Lord Lolorito"
188,187,6,8,3,3,"TripleTriadCardRarity#3","",500,20,175,0,True,5,"Wham, Bam, Thank You, Mammoth","e3f3","The Search for Lord Hien"
189,188,8,3,1,8,"TripleTriadCardRarity#3","",500,20,176,0,True,5,"Tall Tale","g3f3","Upon the Great Loch's Shore"
190,189,2,3,8,8,"TripleTriadCardRarity#3","Primal",500,25,177,0,True,3,"the Pool of Tribute",,"The Lord of the Revel"
191,190,3,7,5,7,"TripleTriadCardRarity#3","Primal",500,25,178,0,True,3,"Emanation",,"The Lady of Bliss"
192,191,7,7,4,4,"TripleTriadCardRarity#3","Garlean",500,26,179,0,True,3,"Doma Castle",,"The Die Is Cast"
193,192,4,8,2,7,"TripleTriadCardRarity#3","",500,31,180,0,True,6,"Kaizan","Level#6861929","A Dance with Snakes"
194,193,3,6,8,5,"TripleTriadCardRarity#3","",500,31,181,0,True,6,"Nigen","Level#6826254","And Dzo It Goes"
195,194,6,4,4,7,"TripleTriadCardRarity#3","",500,31,182,0,True,6,"Ogodei","Level#6940301","A Warm Welcome"
196,195,6,7,4,6,"TripleTriadCardRarity#3","",500,31,183,0,True,6,"Munglig","Level#6841559","The Undying Ones"
197,196,7,8,2,8,"TripleTriadCardRarity#4","Primal",800,35,184,0,True,3,"the Royal Menagerie",,"Stormblood"
198,197,9,8,6,2,"TripleTriadCardRarity#4","Garlean",800,36,185,0,True,6,"imperial deserter","Level#6955577","Stormblood"
199,198,2,8,7,8,"TripleTriadCardRarity#4","Scion",0,37,186,0,True,11,"Triple-decker VII",,"Triple Triad Trial"
200,199,6,1,8,9,"TripleTriadCardRarity#4","Scion",0,37,187,0,True,11,"Triple Team VI",,"Triple Triad Trial"
201,200,6,7,10,6,"TripleTriadCardRarity#5","Garlean",1500,43,188,0,True,3,"Ala Mhigo",,"Stormblood"
202,201,2,5,10,10,"TripleTriadCardRarity#5","",1500,47,189,0,True,6,"Kiuka","Level#7182307","The World Turned Upside Down"
203,202,5,5,1,2,"TripleTriadCardRarity#1","",100,1,190,0,True,10,"Triple Triad trader","Level#5581330","Beyond the Great Wall"
204,203,7,2,6,2,"TripleTriadCardRarity#2","",300,8,191,0,True,10,"Triple Triad trader","Level#5581330","A Familiar Face Forgotten"
205,204,1,7,5,5,"TripleTriadCardRarity#2","Beastman",300,10,192,0,True,6,"Garima","Level#6794369","Delicate as a Flower"
206,205,2,6,7,7,"TripleTriadCardRarity#3","",500,20,193,0,True,3,"the Drowned City of Skalla",,"The Mad King's Trove"
207,206,5,6,3,8,"TripleTriadCardRarity#3","",500,31,194,0,True,6,"imperial deserter","Level#6955577","Stormblood"
208,207,4,1,8,7,"TripleTriadCardRarity#3","",500,23,195,0,True,2,"the Royal City of Rabanastre",,"Dramatis Personae"
209,208,9,5,8,2,"TripleTriadCardRarity#4","",800,33,196,0,True,2,"the Royal City of Rabanastre",,"Dramatis Personae"
210,209,1,10,6,10,"TripleTriadCardRarity#5","",1500,47,197,0,True,10,"Triple Triad trader","Level#5581330","Return of the Bull"
211,210,3,1,6,2,"TripleTriadCardRarity#1","",100,1,198,0,True,6,"Masatsuchi","Level#6829259","Tiger Blood"
212,211,4,7,4,2,"TripleTriadCardRarity#2","",300,8,199,0,True,6,"Isobe","Level#6904392","The Two Princesses of Sui–no–Sato"
213,212,6,4,4,4,"TripleTriadCardRarity#2","",300,16,200,0,True,3,"the Fractal Continuum (Hard)",,"An Unwanted Truth"
214,213,6,3,7,2,"TripleTriadCardRarity#2","",300,16,201,0,True,6,"Yusui","Level#6846334","Boys with Boats"
215,214,7,1,7,7,"TripleTriadCardRarity#3","",500,20,202,0,True,3,"Hells' Lid",,"An Auspicious Encounter"
216,215,7,7,7,1,"TripleTriadCardRarity#3","",500,20,203,0,True,3,"the Jade Stoa",,"An Auspicious Encounter"
217,216,8,8,2,4,"TripleTriadCardRarity#3","Scion",500,27,204,0,True,6,"Umber Torrent","Level#7261358","Return of the Bull"
218,217,3,8,7,3,"TripleTriadCardRarity#3","Beastman",500,24,205,0,True,6,"Masatsuchi","Level#6829259","Tiger Blood"
219,218,8,1,7,9,"TripleTriadCardRarity#4","",800,39,206,0,True,6,"Kikimo","Level#6782550","By the Grace of Lord Lolorito"
220,219,10,7,9,2,"TripleTriadCardRarity#5","",1500,47,207,0,True,6,"Isobe","Level#6904392","The Two Princesses of Sui–no–Sato"
221,220,6,1,5,1,"TripleTriadCardRarity#1","",100,1,212,0,True,9,"Silver-haloed Sack",,"Knocking on Heaven's Door"
222,221,2,5,6,7,"TripleTriadCardRarity#2","",300,8,213,0,True,9,"Silver-haloed Sack",,"Knocking on Heaven's Door"
223,222,3,3,5,7,"TripleTriadCardRarity#2","",300,8,215,0,True,4,"Eternity","d2aa","And We Shall Call It Pagos"
224,223,3,4,8,8,"TripleTriadCardRarity#3","",500,20,208,0,True,3,"the Swallow's Compass",,"Tortoise in Time"
225,224,4,5,7,7,"TripleTriadCardRarity#3","",500,20,214,0,True,9,"Gold-haloed Sack",,"Knocking on Heaven's Door"
226,225,3,7,3,8,"TripleTriadCardRarity#3","",500,20,216,0,True,12,"the Forbidden Land, Eureka Pagos",,"And We Shall Call It Pagos"
227,226,5,2,7,8,"TripleTriadCardRarity#3","",500,20,217,0,True,4,"Louhi on Ice","d2aa","And We Shall Call It Pagos"
228,227,2,7,8,7,"TripleTriadCardRarity#4","Primal",800,35,209,0,True,3,"Castrum Fluminis",,"The Primary Agreement"
229,228,7,10,7,6,"TripleTriadCardRarity#5","",1500,41,210,0,True,2,"the Ridorana Lighthouse",,"Annihilation"
230,229,10,10,2,5,"TripleTriadCardRarity#5","",0,47,211,0,True,11,"Triple-decker VIII",,"Triple Triad Trial"
231,230,7,1,4,1,"TripleTriadCardRarity#1","",100,1,224,0,True,6,"Hokushin","Level#6782523","Good Swords, Good Dogs"
232,231,3,1,7,7,"TripleTriadCardRarity#2","",300,8,218,0,True,10,"Triple Triad trader","Level#5581330","The First of Many"
233,232,2,6,7,6,"TripleTriadCardRarity#3","",500,20,219,0,True,3,"Saint Mocianne's Arboretum (Hard)",,"Secret of the Ooze"
234,233,5,5,5,8,"TripleTriadCardRarity#3","",500,20,220,0,True,3,"the Burn",,"Feel the Burn"
235,234,1,7,7,7,"TripleTriadCardRarity#3","",500,20,221,0,True,3,"Hells' Kier",,"The Fire-bird Down Below"
236,235,4,4,7,8,"TripleTriadCardRarity#3","",500,20,225,0,True,4,"Wail in the Willows","s1i2","And We Shall Call It Eureka"
237,236,7,8,5,2,"TripleTriadCardRarity#3","",500,20,226,0,True,4,"Lost Epic","f1c6_dd011","And We Shall Call It Pyros"
238,237,8,1,8,4,"TripleTriadCardRarity#3","Garlean",500,26,222,0,True,6,"Hachinan","Level#7668953","The Primary Agreement"
239,238,10,1,8,8,"TripleTriadCardRarity#5","",1500,47,227,0,True,6,"Hokushin","Level#6782523","Good Swords, Good Dogs"
240,239,6,3,10,9,"TripleTriadCardRarity#5","",1500,47,223,0,True,3,"Alphascape V4.0",,"To Kweh under Distant Skies"
241,240,1,1,7,4,"TripleTriadCardRarity#1","Scion",100,5,228,0,True,10,"Triple Triad trader","Level#5581330","Stormblood"
242,241,4,3,7,5,"TripleTriadCardRarity#2","",300,8,235,0,True,4,"Duty-free","e3e1","And We Shall Call It Hydatos"
243,242,7,1,7,1,"TripleTriadCardRarity#2","",300,16,236,0,True,6,"Hetsukaze","Level#7785754","And We Shall Call It Hydatos"
244,243,6,8,3,5,"TripleTriadCardRarity#3","Garlean",500,26,229,0,True,3,"the Ghimlyt Dark",,"The Face of War"
245,244,7,4,8,4,"TripleTriadCardRarity#3","",500,20,237,0,True,4,"Crystalline Provenance","e3e1","And We Shall Call It Hydatos"
246,245,7,7,1,7,"TripleTriadCardRarity#3","",500,20,230,0,True,3,"the Wreath of Snakes",,"Surpassing the Samurai"
247,246,6,6,6,6,"TripleTriadCardRarity#3","",500,21,231,0,True,6,"Ironworks hand","Level#7785699","To Kweh under Distant Skies"
248,247,6,6,7,9,"TripleTriadCardRarity#4","Beastman",800,34,232,0,True,6,"Gyoei","Level#6844084","Criminal Phrenology"
249,248,9,8,4,4,"TripleTriadCardRarity#4","",800,39,238,0,True,3,"Kugane Ohashi",,"The Past Is Never Past"
250,249,6,7,7,10,"TripleTriadCardRarity#5","",1500,41,233,0,True,2,"the Orbonne Monastery",,"The City of Lost Angels"
251,250,6,8,8,8,"TripleTriadCardRarity#5","Scion",1500,44,234,0,True,6,"Mero Roggo","Level#7852555","Prelude in Violet"
252,251,7,9,1,10,"TripleTriadCardRarity#5","",1500,48,14,5,True,10,"Triple Triad trader","Level#5581330","Triple Triad Trial"
253,252,1,2,3,7,"TripleTriadCardRarity#1","",100,1,239,0,True,6,"Glynard","Level#7828240","Warrior of Darkness"
254,253,7,2,2,2,"TripleTriadCardRarity#1","",100,1,240,0,True,6,"Drery","Level#7810904","Have a Heart"
255,254,5,6,1,1,"TripleTriadCardRarity#1","",100,6,241,0,True,6,"Ibenart","Level#8017134","That None Shall Ever Again"
256,255,7,4,4,4,"TripleTriadCardRarity#2","",300,8,242,0,True,6,"Drery","Level#7810904","Have a Heart"
257,256,7,5,1,5,"TripleTriadCardRarity#2","Beastman",300,10,243,0,True,6,"Gyuf Uin","Level#8017105","Acht-la Ormh Inn"
258,257,6,7,1,4,"TripleTriadCardRarity#2","",300,16,244,0,True,6,"Hargra","Level#8018200","Bearing with It"
259,258,1,7,7,3,"TripleTriadCardRarity#2","",300,16,245,0,True,6,"Saushs Koal","Level#7823477","The Illuminated Land"
260,259,2,8,6,6,"TripleTriadCardRarity#3","",500,20,246,0,True,3,"Holminster Switch",,"The Lightwardens"
261,260,8,6,2,6,"TripleTriadCardRarity#3","",500,20,247,0,True,3,"The Dancing Plague",,"Acht-la Ormh Inn"
262,261,6,6,8,2,"TripleTriadCardRarity#3","",500,20,248,0,True,3,"the Qitana Ravel",,"The Burden of Knowledge"
263,262,6,2,6,8,"TripleTriadCardRarity#3","",500,20,249,0,True,3,"Malikah's Well",,"A Fresh Start"
264,263,8,5,5,5,"TripleTriadCardRarity#3","",500,20,250,0,True,10,"Zumutt","Level#7796824","Meet the Tholls"
265,264,1,8,3,8,"TripleTriadCardRarity#3","",500,31,251,0,True,6,"Lamlyn","Level#7790159","Reassuring the Masses"
266,265,4,7,6,4,"TripleTriadCardRarity#3","",500,31,252,0,True,6,"Grewenn","Level#8017280","Shadowbringers"
267,266,8,8,8,3,"TripleTriadCardRarity#4","",800,32,253,0,True,3,"The Crown of the Immaculate",,"Extinguishing the Last Light"
268,267,2,5,9,9,"TripleTriadCardRarity#4","Scion",800,37,254,0,True,6,"Hargra","Level#8018200","Bearing with It"
269,268,9,5,9,2,"TripleTriadCardRarity#4","Scion",0,37,255,0,True,11,"Triple-decker IX",,"Triple Triad Trial"
270,269,1,9,5,9,"TripleTriadCardRarity#4","",800,39,256,0,True,6,"Grewenn","Level#8017280","Shadowbringers"
271,270,8,6,10,6,"TripleTriadCardRarity#5","",1500,47,257,0,True,3,"The Dying Gasp",,"Shadowbringers"
272,271,1,9,9,9,"TripleTriadCardRarity#5","",0,47,258,0,True,11,"Triple Team VII",,"Triple Triad Trial"
273,272,2,2,2,7,"TripleTriadCardRarity#1","",100,1,259,0,True,8,"Dream Triad Card",,"Shadowbringers"
274,273,1,6,4,2,"TripleTriadCardRarity#1","",100,1,260,0,True,6,"Eo Sigun","Level#8153080"," Manic Pixie Dream Realm"
275,274,3,6,5,5,"TripleTriadCardRarity#2","",300,8,261,0,True,8,"Dream Triad Card",,"Shadowbringers"
276,275,7,2,4,6,"TripleTriadCardRarity#2","Beastman",300,10,262,0,True,6,"Eo Sigun","Level#8153080"," Manic Pixie Dream Realm"
277,276,7,6,2,4,"TripleTriadCardRarity#2","Beastman",300,10,263,0,True,8,"Dream Triad Card",,"Shadowbringers"
278,277,8,2,4,7,"TripleTriadCardRarity#3","",500,20,264,0,True,8,"Dream Triad Card",,"Shadowbringers"
279,278,4,6,8,6,"TripleTriadCardRarity#3","",500,20,265,0,True,3,"The Grand Cosmos",,"A Grand Adventure"
280,279,7,9,4,7,"TripleTriadCardRarity#4","",800,39,266,0,True,8,"Dream Triad Card",,"Shadowbringers"
281,280,10,7,1,9,"TripleTriadCardRarity#5","",1500,40,267,0,True,8,"Dream Triad Card",,"Shadowbringers"
282,281,4,6,10,8,"TripleTriadCardRarity#5","",1500,41,268,0,True,2,"The Copied Factory",,"On the Threshold"
283,282,2,2,7,2,"TripleTriadCardRarity#1","",100,1,269,0,True,10,"Sul Lad","Level#7967619","Il Mheg, the Faerie Kingdom"
284,283,4,2,2,6,"TripleTriadCardRarity#1","Beastman",100,3,270,0,True,6,"Redard","Level#7821202"," The Stewards of Note"
285,284,2,7,6,4,"TripleTriadCardRarity#2","",300,8,271,0,True,10,"Siulmet","Level#7791237","The Lightwardens"
286,285,5,6,4,5,"TripleTriadCardRarity#2","",300,16,278,0,True,10,"Enie","Level#8104544","Towards the Firmament"
287,286,6,8,6,2,"TripleTriadCardRarity#3","",500,20,272,0,True,6,"Redard","Level#7821202"," The Stewards of Note"
288,287,8,1,6,7,"TripleTriadCardRarity#3","",500,20,273,0,True,10,"Zumutt","Level#7796824","Extinguishing the Last Light"
289,288,7,8,2,5,"TripleTriadCardRarity#3","",500,20,274,0,True,10,"Nacille","Level#7819198","A Sleep Disturbed"
290,289,5,3,8,6,"TripleTriadCardRarity#3","",500,20,275,0,True,3,"Anamnesis Anyder",,"Beneath the Surface"
291,290,8,1,9,7,"TripleTriadCardRarity#4","Garlean",800,36,276,0,True,3,"Cinder Drift",,"Ruby Doomsday"
292,291,9,2,9,9,"TripleTriadCardRarity#5","",1500,40,277,0,True,10,"Goushs Ooan","Level#7823514","Shadowbringers"
293,292,10,4,1,10,"TripleTriadCardRarity#5","Garlean",1500,43,279,0,True,3,"Memoria Misera (Extreme)",,"The Bozja Incident"
294,293,2,6,2,4,"TripleTriadCardRarity#1","Beastman",100,3,280,0,True,6,"Cobleva","Level#8426091"," Tanks for the Memory"
295,294,1,1,7,7,"TripleTriadCardRarity#2","",300,16,288,0,True,10,"Enie","Level#8104544","On Ehll Tou's Wings"
296,295,6,2,6,4,"TripleTriadCardRarity#2","",300,8,281,0,True,6,"Cobleva","Level#8426091"," Tanks for the Memory"
297,296,5,7,7,4,"TripleTriadCardRarity#3","",500,20,282,0,True,10,"Triple Triad trader","Level#5581330","The Converging Light"
298,297,8,6,6,4,"TripleTriadCardRarity#3","Garlean",500,26,289,0,True,6,"Arsieu","Level#8426144","The Lady of Blades"
299,298,6,7,8,1,"TripleTriadCardRarity#3","",500,20,290,0,True,6,"Arsieu","Level#8426144","The Lady of Blades"
300,299,8,9,4,4,"TripleTriadCardRarity#4","",800,39,283,0,True,10,"Triple Triad trader","Level#5581330","Hope's Confluence"
301,300,7,8,1,9,"TripleTriadCardRarity#4","Scion",0,37,284,0,True,11,"Triple-decker X",,"Triple Triad Trial"
302,301,1,8,7,9,"TripleTriadCardRarity#4","Garlean",800,36,285,0,True,6,"furtive former imperial","Level#8378786","Ruby Doomsday"
303,302,4,10,6,8,"TripleTriadCardRarity#5","",1500,41,286,0,True,2,"the Puppets' Bunker",,"Everything You Know Is Wrong"
304,303,2,10,5,10,"TripleTriadCardRarity#5","Primal",1500,42,287,0,True,3,"the Seat of Sacrifice",,"Hope's Confluence"
305,304,4,1,1,7,"TripleTriadCardRarity#1","",100,6,297,0,True,10,"Maudlin Latool Ja","Level#8157292","Blue Scream of Death"
306,305,3,7,6,3,"TripleTriadCardRarity#2","",300,8,291,0,True,3,"Matoya's Relict",,"Like Master, Like Pupil"
307,306,6,8,7,1,"TripleTriadCardRarity#3","",500,20,298,0,True,10,"Resistance quartermaster","Level#8395975","Fit for a Queen"
308,307,8,6,1,7,"TripleTriadCardRarity#3","",500,20,299,0,True,10,"Resistance quartermaster","Level#8395975","Fit for a Queen"
309,308,4,6,6,8,"TripleTriadCardRarity#3","",500,20,300,0,True,6,"Droyn","Level#8612500","Blue Cheese"
310,309,6,4,8,6,"TripleTriadCardRarity#3","",500,20,301,0,True,6,"Droyn","Level#8612500","Blue Cheese"
311,310,8,4,6,6,"TripleTriadCardRarity#3","",500,20,302,0,True,10,"Maudlin Latool Ja","Level#8157292","A Future in Blue"
312,311,7,9,8,1,"TripleTriadCardRarity#4","Garlean",800,36,292,0,True,3,"Castrum Marinum",,"Blood of Emerald"
313,312,7,7,1,9,"TripleTriadCardRarity#4","",800,39,293,0,True,6,"Lewto-Sue","Level#8610547","Where I Belong"
314,313,5,1,9,9,"TripleTriadCardRarity#4","",800,39,294,0,True,6,"Lewto-Sue","Level#8610547","Where I Belong"
315,314,10,8,6,5,"TripleTriadCardRarity#5","",1500,40,295,0,True,3,"Eden's Promise: Eternity",,"Voice of the Soul"
316,315,5,6,9,9,"TripleTriadCardRarity#5","Primal",0,42,296,0,True,11,"Open and Shut I",,"Triple Triad Trial"
317,316,5,4,7,4,"TripleTriadCardRarity#2","",300,8,303,0,True,10,"Sul Lad","Level#7967619","Il Mheg, the Faerie Kingdom"
318,317,8,8,4,2,"TripleTriadCardRarity#3","Primal",500,25,304,0,True,3,"Paglth'an",,"The Flames of War"
319,318,7,8,3,5,"TripleTriadCardRarity#3","Garlean",500,26,305,0,True,10,"Triple Triad trader","Level#5581330","Forever at Your Side"
320,319,8,4,7,3,"TripleTriadCardRarity#3","Primal",500,25,309,0,True,10,"Triple Triad trader","Level#5581330","Death Unto Dawn"
321,320,1,7,8,6,"TripleTriadCardRarity#3","",500,20,310,0,True,6,"Sladkey","Level#8766864","March of the Bloody Queen"
322,321,8,7,6,1,"TripleTriadCardRarity#3","",500,20,311,0,True,6,"Sladkey","Level#8766864","March of the Bloody Queen"
323,322,9,7,8,1,"TripleTriadCardRarity#4","",800,32,306,0,True,10,"C'intana","Level#8332210","Forever at Your Side"
324,323,9,7,1,8,"TripleTriadCardRarity#4","Garlean",800,36,307,0,True,3,"The Cloud Deck",,"Duty in the Sky with Diamond"
325,324,4,9,9,4,"TripleTriadCardRarity#4","",800,32,312,0,True,10,"Resistance quartermaster","Level#8395975","March of the Bloody Queen"
326,325,6,4,8,10,"TripleTriadCardRarity#5","",1500,41,308,0,True,2,"The Tower at Paradigm's Breach",,"Brave New World"
327,326,4,3,4,4,"TripleTriadCardRarity#1","",100,1,313,0,True,6,"Aiglephine","Level#8994014","Glorified Ratcatcher"
328,327,3,4,4,4,"TripleTriadCardRarity#1","",100,1,314,0,True,6,"Qetanur","Level#8994064","A Boy's Errand"
329,328,5,1,4,4,"TripleTriadCardRarity#1","",100,1,315,0,True,10,"N-1499","Level#8865563","Vic┨οry  ̈ ̈ ̈╳, │̆││ε Lost"
330,329,4,7,4,4,"TripleTriadCardRarity#2","Beastman",300,10,316,0,True,6,"Mehryde","Level#8862069"," A Bond Eternal"
331,330,4,6,4,6,"TripleTriadCardRarity#2","",300,16,317,0,True,6,"Cheatingway","Level#8994119","Her Children, One and All"
332,331,7,7,1,3,"TripleTriadCardRarity#2","",300,16,318,0,True,6,"Cheatingway","Level#8994119","Her Children, One and All"
333,332,6,7,1,8,"TripleTriadCardRarity#3","",500,20,319,0,True,3,"Ktisis Hyperboreia",,"Caging the Messenger"
334,333,8,3,3,7,"TripleTriadCardRarity#3","",500,20,320,0,True,3,"The Aitiascope",,"Her Children, One and All"
335,334,5,5,6,8,"TripleTriadCardRarity#3","",500,20,332,0,True,3,"Asphodelos: The First Circle",,"Where Familiars Dare"
336,335,4,8,8,1,"TripleTriadCardRarity#3","Primal",500,25,321,0,True,3,"The Tower of Zot",,"In the Dark of the Tower"
337,336,7,8,6,1,"TripleTriadCardRarity#3","",500,31,322,0,True,3,"The Final Day",,"Endwalker"
338,337,7,3,7,7,"TripleTriadCardRarity#3","",500,31,323,0,True,6,"Celia","Level#8994122","Endwalker"
339,338,5,9,9,1,"TripleTriadCardRarity#4","Primal",800,35,324,0,True,3,"The Tower of Babil",,"Gateway of the Gods"
340,339,9,6,8,3,"TripleTriadCardRarity#4","Garlean",800,36,325,0,True,6,"worldly imperial","Level#8994088","Strange Bedfellows"
341,340,4,9,3,9,"TripleTriadCardRarity#4","Scion",800,37,326,0,True,6,"Celia","Level#8994122","Endwalker"
342,341,7,6,6,9,"TripleTriadCardRarity#4","",800,39,327,0,True,10,"Aisara","Level#8865525","Caging the Messenger"
343,342,9,7,7,3,"TripleTriadCardRarity#4","",0,39,328,0,True,11,"Triple Team VIII",,"Endwalker"
344,343,5,3,10,10,"TripleTriadCardRarity#5","Primal",1500,42,329,0,True,3,"The Dark Inside",,"The Martyr"
345,344,10,10,5,3,"TripleTriadCardRarity#5","Primal",1500,42,330,0,True,3,"The Mothercrystal",,"Her Children, One and All"
346,345,6,9,9,6,"TripleTriadCardRarity#5","Garlean",0,43,331,0,True,11,"Triple-decker XI",,"Endwalker"
347,346,1,5,1,6,"TripleTriadCardRarity#1","",100,1,333,0,True,3,"Alzadaal's Legacy",,"Alzadaal's Legacy"
348,347,1,7,4,1,"TripleTriadCardRarity#1","",100,6,341,0,True,6,"Ghasa","Level#9173588"," Leader to Leader"
349,348,4,4,4,7,"TripleTriadCardRarity#2","Beastman",300,10,342,0,True,10,"Ghanta","Level#9160432"," Hippo Healing"
350,349,6,1,7,8,"TripleTriadCardRarity#3","",500,23,334,0,True,6,"Prudence","Level#9230548","The Face of an Explorer"
351,350,7,1,8,6,"TripleTriadCardRarity#3","",500,23,335,0,True,6,"Prudence","Level#9230548","The Face of an Explorer"
352,351,8,6,7,1,"TripleTriadCardRarity#3","",500,23,336,0,True,2,"Aglaia",,"The Realm of the Gods"
353,352,6,8,1,7,"TripleTriadCardRarity#3","",500,23,337,0,True,10,"Triple Triad trader","Level#5581330","The Realm of the Gods"
354,353,8,9,7,1,"TripleTriadCardRarity#4","",800,32,338,0,True,10,"N-1499","Level#8865563","Endwalker"
355,354,7,1,9,8,"TripleTriadCardRarity#4","Primal",800,35,339,0,True,10,"Mahveydah","Level#8865409","Endwalker"
356,355,7,2,9,10,"TripleTriadCardRarity#5","",1500,40,340,0,True,10,"Triple Triad trader","Level#5581330","Endwalker"
357,356,1,1,6,5,"TripleTriadCardRarity#1","",100,6,349,0,True,10,"N-0598","Level#9308277"," Longing So for All the Fish"
358,357,2,6,6,4,"TripleTriadCardRarity#2","",300,8,350,0,True,6,"Kilfufu","Level#9405323","A Key to the Past"
359,358,7,5,5,2,"TripleTriadCardRarity#2","",300,8,351,0,True,2,"The Sil'dihn Subterrane",,"A Key to the Past"
360,359,4,2,6,7,"TripleTriadCardRarity#2","",300,8,352,0,True,2,"The Sil'dihn Subterrane",,"A Key to the Past"
361,360,6,7,4,7,"TripleTriadCardRarity#3","",500,20,343,0,True,3,"the Fell Court of Troia",,"In Search of Azdaja"
362,361,1,8,7,6,"TripleTriadCardRarity#3","",500,23,344,0,True,10,"Triple Triad trader","Level#5581330","The Realm of the Gods"
363,362,2,8,2,8,"TripleTriadCardRarity#3","Beastman",500,24,353,0,True,2,"The Sil'dihn Subterrane",,"A Key to the Past"
364,363,7,8,7,6,"TripleTriadCardRarity#4","",800,32,345,0,True,10,"Triple Triad trader","Level#5581330","Where Everything Begins"
365,364,6,7,8,7,"TripleTriadCardRarity#4","",800,32,346,0,True,3,"Storm's Crown",,"The Wind Rises"
366,365,5,5,8,9,"TripleTriadCardRarity#4","",800,39,347,0,True,10,"Aisara","Level#8865525","Truth Imperfect"
367,366,9,10,5,4,"TripleTriadCardRarity#5","",1500,40,348,0,True,3,"Abyssos: The Eighth Circle",,"One Final Wish"
368,367,6,1,3,3,"TripleTriadCardRarity#1","",100,1,354,0,True,10,"mark quartermaster","Level#4270098","Triple Triad Trial"
369,368,2,5,2,5,"TripleTriadCardRarity#1","",100,6,360,0,True,6,"Gamingway","Level#9675073"," Dreams Come True"
370,369,5,7,1,5,"TripleTriadCardRarity#2","",300,16,355,0,True,10,"horrendous hoarder","Level#9318702","Seeking Sanctuary"
371,370,4,6,7,1,"TripleTriadCardRarity#2","",300,16,356,0,True,10,"Sul Lad","Level#7967619","Every Anden of the Rainbow"
372,371,5,5,6,7,"TripleTriadCardRarity#3","",500,20,361,0,True,10,"Triple Triad trader","Level#5581330","Generational Bonding"
373,372,8,2,8,3,"TripleTriadCardRarity#3","",500,20,362,0,True,9,"Silver-tinged Sack",,"Rage Extinguished"
374,373,1,6,8,7,"TripleTriadCardRarity#3","",500,23,357,0,True,2,"Euphrosyne",,"Return to the Phantom Realm"
375,374,8,7,7,6,"TripleTriadCardRarity#4","",800,32,358,0,True,3,"Lapis Manalis",,"King of the Mountain"
376,375,7,6,7,8,"TripleTriadCardRarity#4","",800,32,359,0,True,3,"Mount Ordeals",,"Desires Untold"
377,376,4,7,10,8,"TripleTriadCardRarity#5","",0,47,363,0,True,11,"Triple-decker XII",,"Triple Triad Trial"
378,377,4,1,4,5,"TripleTriadCardRarity#1","",100,1,369,0,True,6,"Tokimori","Level#9728781","Mononoke Aware"
379,378,7,6,4,2,"TripleTriadCardRarity#2","",300,8,370,0,True,2,"Mount Rokkon",,"Mononoke Aware"
380,379,3,7,3,6,"TripleTriadCardRarity#2","",300,8,371,0,True,2,"Mount Rokkon",,"Mononoke Aware"
381,380,6,4,5,8,"TripleTriadCardRarity#3","",500,20,364,0,True,3,"the Aetherfont",,"Going Haam"
382,381,3,5,7,7,"TripleTriadCardRarity#3","",500,20,365,0,True,6,"Ruissenaud","Level#8980103","Guided by the Past"
383,382,4,8,8,2,"TripleTriadCardRarity#3","",500,20,372,0,True,10,"Maudlin Latool Ja","Level#8157292","The Brave and the Blue"
384,383,7,2,8,5,"TripleTriadCardRarity#3","",500,20,373,0,True,2,"Mount Rokkon",,"Mononoke Aware"
385,384,5,9,8,5,"TripleTriadCardRarity#4","",800,39,366,0,True,6,"Ruissenaud","Level#8980103","Guided by the Past"
386,385,8,5,9,5,"TripleTriadCardRarity#4","",800,32,374,0,True,2,"Mount Rokkon",,"Mononoke Aware"
387,386,10,2,10,5,"TripleTriadCardRarity#5","",1500,40,367,0,True,3,"The Voidcast Dais",,"Abyssal Dark"
388,387,9,10,4,5,"TripleTriadCardRarity#5","",1500,40,368,0,True,3,"Anabaseios: The Twelfth Circle",,"A Mother's Touch"
389,388,2,4,3,3,"TripleTriadCardRarity#1","",100,1,385,0,False,2,"Aloalo Island",,"Stranger from Paradise"
390,389,5,2,3,6,"TripleTriadCardRarity#2","",300,8,386,0,False,2,"Aloalo Island",,"Stranger from Paradise"
391,390,4,5,5,4,"TripleTriadCardRarity#2","",300,8,387,0,False,2,"Aloalo Island",,"Stranger from Paradise"
392,0,0,0,0,0,"TripleTriadCardRarity#0","",0,0,0,0,False,0,,,
393,392,5,7,5,5,"TripleTriadCardRarity#3","",500,20,388,0,False,2,"Aloalo Island",,"Stranger from Paradise"
394,393,8,7,1,6,"TripleTriadCardRarity#3","",500,23,375,0,False,6,"Ylaire","Level#10189405","The Secret of the Twelve"
395,394,1,8,6,7,"TripleTriadCardRarity#3","",500,23,376,0,False,6,"Ylaire","Level#10189405","The Secret of the Twelve"
396,395,1,6,7,8,"TripleTriadCardRarity#3","",500,23,377,0,False,6,"Ylaire","Level#10189405","The Secret of the Twelve"
397,396,1,7,6,8,"TripleTriadCardRarity#3","",500,23,378,0,False,10,"Triple Triad trader","Level#5581330","Return to the Phantom Realm"
398,397,7,6,1,8,"TripleTriadCardRarity#3","",500,23,379,0,False,6,"Maillart","Level#10189407","Embraced by Gods"
399,398,7,1,6,8,"TripleTriadCardRarity#3","",500,23,380,0,False,6,"Maillart","Level#10189407","Embraced by Gods"
400,399,7,8,1,6,"TripleTriadCardRarity#3","",500,23,381,0,False,10,"Triple Triad trader","Level#5581330","The Heart of the Myth"
401,400,7,6,6,6,"TripleTriadCardRarity#3","",500,20,382,0,False,3,"The Lunar Subterrane",,"Back to Action"
402,401,6,6,7,9,"TripleTriadCardRarity#4","",800,33,383,0,False,2,"Thaleia",,"Embraced by Gods"
403,0,0,0,0,0,"TripleTriadCardRarity#0","",0,0,0,0,False,0,,,
404,403,9,9,1,9,"TripleTriadCardRarity#5","",1500,40,384,0,False,3,"The Abyssal Fracture",,"Down in the Dark"
405,0,0,0,0,0,"TripleTriadCardRarity#0","",0,0,0,0,False,0,,,
406,0,0,0,0,0,"TripleTriadCardRarity#0","",0,0,0,0,False,0,,,
407,0,0,0,0,0,"TripleTriadCardRarity#0","",0,0,0,0,False,0,,,
408,0,0,0,0,0,"TripleTriadCardRarity#0","",0,0,0,0,False,0,,,
