key,0,1,2,3,4,5,6,7,8
#,Name,,,,StartsWithVowel,,,,Description
int32,str,sbyte,str,sbyte,sbyte,sbyte,sbyte,sbyte,str
0,"0",0,"0",0,0,1,0,0,""
1,"Dodo",4,"Dodos",1,0,1,0,0,"Diese flugunfähigen Riesenvögel stammen ursprünglich von der Insel Mazlaya und wurden von den Qiqirn ihrer Eier wegen auf den Kontinent gebracht. Seither werden die rundlichen Kreaturen von den Völkern Eorzeas überall gezüchtet, heutzutage werden sie jedoch hauptsächlich wegen ihres Fleisches geschätzt. Ein Wort der Warnung: Dodos sind in der Lage, ein Schlaf-induzierendes Sekret auf ihre Gegner zu spucken."
2,"Tomberry",4,"Tomberrys",1,0,1,0,0,"Es ist nur wenig bekannt über dieses rätselhafte Volk, das in einer Tempelruine aus der Zeit Nyms lebt, einer Kultur, die ihre Hochzeit während der Fünften Ära des Lichts hatte. Tomberrys tragen Kleidung und sind in der Lage, komplexe Werkzeuge zu benutzen, beides Merkmale für einen gewissen Zivilisiertheitsgrad. Kürzlich entdeckte Texte aus alten Zeiten weisen darauf hin, dass die grünen Bewohner des Palastes des Wanderers Träger einer schrecklichen Seuche sind."
3,"Sabotender",4,"Sabotender",2,0,1,0,0,"Sabotender sind aus<SoftHyphen/>schließ<SoftHyphen/>lich in trockenen Gebieten aufzufinden und sind dafür bekannt, sich selbst bei brütender Hitze wohlzufühlen. Sie können ausreichend Feuchtigkeit in ihren Körpern speichern, um selbst unter widrigsten Bedingungen überleben zu können. Diese Umstände haben sie außerdem so konditioniert, dass sie sich verteidigen können, indem sie nadelartige Projektile auf Raubtiere - oder auf unbedachte Reisende - abfeuern."
4,"Spriggan",4,"Spriggans",1,0,1,0,0,"Spriggans bewohnen felsige Regionen und tiefe Höhlen. Diese schwarzen Fellkreaturen sind bekannt dafür, stets wertvolle Steine und Minerale bei sich zu tragen - eine Angewohnheit, die ihnen bei Minenarbeitern einen Ruf als Glücksbringer eingebracht hat. Ihre Klassifizierung als Arkane geht auf eine Theorie im Kodex der Steine zurück, die besagt, dass diese Kreaturen nichts weiter als Botschafter für den Willen der Erde sind."
5,"Pudding",4,"Puddings",1,0,1,0,0,"Diese gallertartigen Kreaturen sind Verdichtungen von Materierückständen aus dem Nichts. Obwohl sie in der Lage sind, rudimentäre Sprechgeräusche zu imitieren, um ihre Beute anzulocken, gelten sie nicht als sonderlich intelligente Wesen. Puddings gehören zu den rangniederen Nichts<SoftHyphen/>gesand<SoftHyphen/>ten, sie haben den zehnten Rang innerhalb der Hierarchie inne."
6,"Bomber",4,"Bomber",2,0,1,0,0,"Dieses Konglomerat aus flüchtigem Gas und Flammen hat den elften Rang der Nichts<SoftHyphen/>gesand<SoftHyphen/>ten-Hierarchie inne. Bomber müssen ihre inneren Reserven auffrischen, um überleben zu können und stürzen sich daher auf jede potenzielle Quelle von Öl oder Fett, seien es Pflanzen, Tiere oder ein Vertreter der Sechs Völker. Besonders explosive Exemplare werden „Granaten“ genannt und rangieren eine Stufe höher in der Hierarchie."
7,"Mandragora",3,"Mandragoras",1,0,1,1,0,"Die mysteriösen Mandragoras wurden zum ersten Mal in der Zeit nach der Siebten Katastrophe beobachtet. Über ihre Herkunft ist nichts bekannt, vorläufige Studien deuten jedoch darauf hin, dass die zierlichen Pflanzenwesen empfindungsfähige Kreaturen sind und zu einer hochentwickelten Form non-verbaler Kommunikation in der Lage sind. Erst weitere Forschung wird zeigen, ob sich diese Befunde verifizieren lassen."
8,"Kobalos",3,"Kobalosse",2,0,1,0,0,"Ein Kobalos, der auf der Suche nach nahrhaften Erzen auf seinen Tentakeln durch die Landschaft huscht, ist ein furchterregender Anblick. Gridanischen Gelehrten zufolge nutzen diese Tiere die Erze, um einen schützenden Panzer auf sich wachsen zu lassen. Gelehrte aus Ul’dah hingegen vertreten die Theorie, dass Kobalosse empfindungsfähige Klumpen aus geologischem Material sind, die biologische Organe entwickelt haben, um ihre Verbreitung zu begünstigen."
9,"Morbol",4,"Morbol",1,0,1,0,0,"Morbol sind furchterregende Bestien, die sich mithilfe ihrer Ranken und Wurzeln fortbewegen. Sie sind hochgradig aggressiv und töten mit einer Kombination aus ihrem giftigen Atem und den unaufhörlich herumfuchtelnden Ranken. Bisweilen versprühen die Bestien auch einen süßlich riechenden Duft, der ihre Gegner schlafen schickt. Statt ihre Beute mit den reißzahnähnlichen Dornen in ihrem Schlund zu zerfleischen, dienen diese lediglich dazu, die Beute ruhigzustellen, während sie verdaut wird."
10,"Coeurl",3,"Coeurl",1,0,1,0,0,"Diese in den Gebieten des Nahen Ostens heimischen raubtierhaften Vierbeiner sind von unerreichter Wildheit. Ein Coeurl überwältigt seine Beute, indem er auf sie Elektroschocks von den peitschenartigen Fühlern an seinem Kiefer loslässt. Die ungezähmten Exemplare Eorzeas stammen von entflohenen für den Krieg herangezüchteten Bestien ab, die einst auf einer abgeschiedenen Insel am Munde des Rothlyt-Meerbusen, auch bekannt als die Perle, trainiert wurden."
11,"Ahriman",4,"Ahriman",1,0,1,0,0,"Ahriman gehören zu den Nichts<SoftHyphen/>gesand<SoftHyphen/>ten und manifestieren sich in der materiellen Ebene, indem sie ihre Essenz in die Augen von Tieren einfließen lassen. Sie besitzen außer<SoftHyphen/>ordent<SoftHyphen/>liche arkane Fähigkeiten und fliegen durch die Lüfte, indem sie sich an den Strömungen des Äthers festkrallen und daran entlanghangeln. Laut Studien über die Nichts<SoftHyphen/>gesand<SoftHyphen/>ten sind Ahriman auf den mittleren Rängen vier und fünf angesiedelt."
12,"Goobbue",3,"Goobbue",1,0,1,1,0,"Goobbue sind schwerfällige Kreaturen, die eine symbiotische Beziehung mit dem Moos und den Flechten, die auf ihrem Kopf wachsen, eingehen. Dieser Pflanzenwuchs beschert den Goobbue eine gewisse Tarnung und im Gegenzug spendieren die Goobbue den Pflanzen Feuchtigkeit während der trockeneren Jahreszeiten. Obwohl die Goobbue friedlich anmuten, sind sie unbarmherzige Jäger und schnappen sich alles, was über den Boden kreucht und fleucht, und schieben es sich in den riesigen Mund."
13,"Chocobo",4,"Chocobos",1,0,1,0,0,"Die Domestizierung der Chocobos in Eorzea geht vermeintlich auf prähistorische Zeiten zurück. Es existiert altes Bildmaterial, das Stammesangehörige dabei zeigt, wie sie die flugunfähigen Vögel dazu einsetzen, den Boden zu beackern und Krieger in den Kampf zu tragen. Auch wenn die große Mehrzahl von Chocobos in Eorzea von coerthischer Herkunft ist, wird gemunkelt, dass wilde Exemplare der Spezies - inklusive derer, die noch die Fähigkeit zu fliegen besitzen - in den unerforschten Wäldern von Abalathias Rückgrat leben."
14,"Amalj'aa",3,"Amalj'aa",1,0,1,0,0,"Der Wilde Stamm der Amalj'aa ist ein Volk von Nomaden, das das Grasland von Paglth'an durchstreift und sich dabei von der Jagd auf die heimische Fauna ernährt. Die Amalj'aa sind die Erzfeinde Ul'dahs. Alle Mitglieder eines Amalj'aa-Klans - egal, ob jung oder alt, ob Mann oder Frau - sind versierte Kämpfer, werden sie doch bereits im zarten Alter in den Kriegskünsten ausgebildet. Sie sind außerdem große Meister der Metallurgie, weshalb ihre Waffen bei denen hübsche Sümmchen erzielen, die Wert auf Qualität legen."
15,"Ixal",3,"Ixal",1,0,1,0,0,"Dieser Wilde Stamm beansprucht die durch Winderosion abgeschliffenen Canyons von Xelphatol für sich. Die Ixal haben längst die Fähigkeit zu fliegen verloren, dennoch sind die gefiederten Wilden stolz auf die rudimentären Flügel, die ihnen noch geblieben sind. Sie versuchen ihre Präsenz im Finsterwald wieder zu stärken, um eines Tages wieder Bäume fällen und ihrer launischen Gottheit huldigen zu können - ein Ziel, das die Bewohner Gridanias mit ihnen auf Kriegsfuß stehen lässt."
16,"Sylphe",3,"Sylphen",1,0,1,1,0,"Im nördlichen Gridania, in den Tiefen des Finsterwaldes, lebt zurückgezogen das Volk der Sylphen. Diese zierlichen Wesen ähneln Kinderpuppen, die man in strahlend grüne Blätter eingewickelt hat. Das Verhalten der Sylphen lässt sich dabei durchaus mit dem eines unschuldigen Kindes vergleichen, doch ihre Neigung, Gebrauch von ihren magischen Talenten zu machen, um Reisende zu triezen - wenn auch auf spielerische Weise - hat schon oft für Angst und Schrecken auf Seiten ihrer unglückseligen Opfer gesorgt."
17,"Kobold",4,"Kobolde",2,0,1,0,0,"Kobolde sind maulfwurfartige Kreaturen, die unter O'Ghomoro, einem Vulkan im nördlichen Vylbrand, ein Gewirr von Tunneln ausgehoben haben. Der Wilde Stamm glaubt daran, dass die Erze der Erde ein Geschenk des Primae Titan sind, und so versuchen die Kobolde durch den Einsatz ihrer alchemistischen Fertigkeiten ihrer Gottheit zur Ehre zu gereichen. Das Friedensabkommen zwischen den Kobolden und Limsa Lominsa hat nur wenig dazu beigetragen, immer wieder auflebende Feindseligkeiten einzudämmen."
18,"Sahagin",3,"Sahagin",1,0,1,0,0,"Dieser unter Wasser lebende Wilde Stamm ist in einer Stadt am Grunde der Indigotiefen zu Hause. Die Sahagin können zu Lande und zu Wasser atmen, gleiten jedoch mit besonders anmutiger Leichtigkeit durch die nassen Tiefen. Die sozialen Strukturen der Sahagin ähneln einer Pyramide, mit einer Art Königin an ihrer Spitze. Wer es wagt, auf den Straßen von Limsa Lominsa den Namen der Sahagin zu äußern, zieht dunkle Blicke und hastig ausgesprochene Flüche hinter vorgehaltener Hand auf sich."
19,"Tataru",3,"NONE",1,0,0,1,1,"„♪ Auf weißem Sand so glühend, da blüht ein Blümchen zart ♪
♪ Sich in den Himmel reckend, spürt nicht den Fels so hart ♪“"
20,"Mogry",4,"Mogrys",1,0,1,0,0,"Lass dich nicht von ihrem gefälligen, niedlichen Äußeren täuschen, Mogrys sind hochintelligente Kreaturen, die mit ihrer einzigartigen Elementarmagie heilloses Chaos veranstalten können. Für gewöhnlich bleiben sie unter ihresgleichen und begnügen sich damit, den Finsterwald zu durchstreifen und verstecken sich dabei hinter Zaubern, die sie vor neugierigen Augen schützen. Nur wer besonders empfänglich für spirituelle Schwingungen ist, hat vielleicht trotzdem eine Chance, sie zu sehen."
21,"Sirene",3,"Sirenen",1,0,1,1,0,"Einst fürchtete man sie über die Fünf Meere hinweg, doch heute sind Sirenen nur noch „der Stoff aus dem Legenden sind“, was zum Teil auf das Konto der groß angelegten Jagd des berüchtigten Freibeuters Rauschebart geht. Sichtungen jener ver<SoftHyphen/>füh<SoftHyphen/>re<SoftHyphen/>ri<SoftHyphen/>schen Teufelinnen in jüngster Zeit sorgen jedoch dafür, dass man sich zu Land wie zu Wasser vermehrt Geschichten über sie erzählt, wie sie ganze Schiffs<SoftHyphen/>mann<SoftHyphen/>schaften mit ihren Gesängen bezirzen und dann von den Seelen ihrer Gefangenen zehren, bis nichts als leblose Hüllen von ihnen übrigbleiben."
22,"Ultros & Typhon",3,"NONE",1,0,0,0,1,"Man hält die zwei für Nichts<SoftHyphen/>gesand<SoftHyphen/>te, die mithilfe eines arkanen Zaubers, auf den ein Student der Thaumaturgengilde gestoßen ist, in diese Welt beschworen wurden. Nach ihrer Ankunft auf der materiellen Ebene, haben sich die beiden schnell an das Leben in Eorzea gewöhnt. Ultros konnte sich als Hauptattraktion für vom Kollosseum veranstaltete Tierhetzjagden verdingen und Typhon arbeitet unter Godbert Manderville in dessen luxuriösem Spiel-Etablissement, dem Gold Saucer."
23,"Dämonenwand",3,"Dämonenwände",2,0,1,1,0,"Diese gruseligen Wächterkreaturen sind das Produkt uralter Magien. Ihnen wurde Leben eingehaucht, indem man einst auf ausgewählte, ganz bestimmte Wände arkane Muster mit Blut geschrieben hat. Auch wenn ihre Meister schon lange nicht mehr sind, so schützen diese Wächter mit ihren dämonischen Fratzen auch weiterhin die zerfallenden Ruinen, an die sie gebunden sind - ganz zur Überraschung und zum Horror von so manchem nichtsahnenden Abenteurer."
24,"Sukkubus",3,"Sukkuben",1,0,1,0,0,"Sukkuben manifestieren sich auf der materiellen Ebene, indem sie ihre Seelen in die Körper verstorbener Frauen zwängen. Ist dieser Übergang erst abgeschlossen, schreibt man den Kreaturen, die daraus entstehen ein hübsches, ja gar feenhaftes Aussehen zu. Noch befremdlicher ist die Tatsache, dass diese Nichts<SoftHyphen/>gesand<SoftHyphen/>ten Forschern zufolge die Charakterzüge ihrer verstorbenen Wirtskörper an den Tag legen. Sukkuben sind auf den dritten und vierten Rängen der Nichts<SoftHyphen/>gesand<SoftHyphen/>ten-Hierarchie angesiedelt."
25,"Chimära",3,"Chimären",1,0,1,1,0,"Die Chimära ist eine albtraumhafte Kombination aus Löwe, Ziegenbock und Drache und hat dem<SoftHyphen/>ent<SoftHyphen/>spre<SoftHyphen/>chend drei Köpfe, mächtige Flügel und einen mit Stacheln versehenen Schwanz. Ihr Ursprung ist vieldiskutiert: Manche behaupten steif und fest, die Kreatur sei ein grausamer Scherz der Götter, während andere glauben, sie sei das kranke Produkt verbotener Hexerei."
26,"Blauer Drache",8,"Blaue Drachen",1,0,1,0,0,"Ein blauer Drache teilt sich das Blut mit dem Urdrachen Midgardsormr und seinen Nachkommen, den sieben Hohen Drachen. Er kann älter als tausend Sommer werden, ein Zeitraum, während dem die Kreatur mannigfaltige Veränderungen durchmacht. Diese „Evolution“ macht jedes Exemplar dieser Spezies einzigartig und macht es damit auch umso schwieriger für Feinde der Drachen, wirksame - da erprobte - Kampfstrategien gegen sie anzuwenden."
27,"Bugaal Ja",3,"NONE",1,0,0,0,1,"„Mamool Ja will <Emphasis>Freiheit</Emphasis> - Freiheit zum Tanzen! Warum versteht keiner!?“"
28,"Momodi",3,"NONE",1,0,0,1,1,"„Und bei Liebeskummer leih ich dir auch gerne ein Ohr. Schließlich gibt's keine Beziehung, die Gil noch nicht gekittet hätte. Zumindest für eine Weile, hehe.“"
29,"Baderon",3,"NONE",1,0,0,0,1,"„Aber natürlich, werter Offizier! Und jetzt solltet Ihr und Eure Kameraden euch erst einmal von den Strapazen Eures anstrengenden Jobs erholen. Wir haben gerade frisches Bier geliefert bekommen. Warum genehmigt Ihr Euch alle nicht einen Tropfen. Geht aufs Haus!“"
30,"Miounne",3,"NONE",1,0,0,1,1,"„Jede Hilfe ist willkommen! Also, kann ich auf dich zählen?“"
31,"Livia sas Junius",3,"NONE",1,0,0,1,1,"„Der Legatus hat dir eine Aufgabe erteilt, und die hast du zu erfüllen. Ich schlage vor, dass du dich etwas mehr ins Zeug legst. Sonst werde ich dir Respekt vor ihm beibringen.“"
32,"Rhitahtyn sas Arvina",3,"NONE",1,0,0,0,1,"„Ich, Rhitahtyn sas Arvina, Praefectus des Garleischen Reichs, Diener von Legatus Gaius van Baelsar, Schwert und Schild des Kaisers von Garlemald, werde dich vernichten!“"
33,"Biggs & Wedge",3,"NONE",1,0,0,0,1,"„He, du Holzkopf, willst du dich nicht auch bedanken?“
„Doch, klar! Danke für deine Hilfe!“"
34,"Gerolt",3,"NONE",1,0,0,0,1,"„Also gut, <If(PlayerParameter(4))>Abenteurerin<Else/>Abenteurer</If>, dann spitz mal die Lauscher: Auch wenn ich wie der letzte Penner von einem Grobschmied Kessel hämmere, so steckt in mir immer noch irgendwo ein Handwerksmeister ...“"
35,"Frixio",3,"NONE",1,0,0,1,1,"„Die Meinige ist fast zu Gizarbrei zerquetscht worden!“"
36,"Mutagenix",3,"NONE",1,0,0,0,1,"„Pshhh ... Khooo ... Seelenselbst lebt in oftbenutzene Sache. Wenn voll von Seelenselbst, oftbenutzene Sache wird zu Glitzerstein. Dann Name ist <Emphasis>Materia</Emphasis>.“"
37,"Memeroon",3,"NONE",1,0,0,0,1,"„Niiicht!!! Memeroon zahlt Glitzergil für Bruder! Jaja! Memeroon hat viel viel Glitzergil!“"
38,"Behemoth",4,"Behemoth",1,0,1,0,0,"Die ersten Sichtungen dieser vor Muskeln strotzenden Bestien in den Bergen von Coerthas fielen zeitlich mit dem Hereinbrechen der Siebten Katastrophe zusammen. Gelehrte gehen davon aus, dass es sich bei ihnen um die Brut des Primae Bahamut handelt und haben die Kreaturen daher „Behemoth“ genannt. Abgesehen von ihren offensichtlichen körperlichen Merkmalen ist kaum etwas über ihre Physiologie oder ihre Verhaltensmuster bekannt."
39,"Gilgamesch & Enkidu",3,"NONE",1,0,0,0,1,"„Ich bin übrigens Gilgamesch. Ist mir eine Ehre, eure Bekanntschaft zu machen.“"
40,"Ifrit",3,"NONE",1,0,0,0,1,"Ifrit wurde von den Amalj’aa der ausgetrockneten Ebenen von Paglth'an beschworen. Der Gott des Infernos - mit seinen glühenden Klauen, die Metall in zähe brodelnde Flüssigkeit verwandeln, und seinen grässlichen Hörnern, die gen Himmel ragen und dabei drohen, den Himmel zu brandmarken - wird auf der ganzen Welt wegen seines brennenden Zorns gefürchtet, der beinahe ebenso unersättlich ist wie sein schwelendes Verlangen, seine Armeen heranwachsen zu sehen."
41,"Titan",3,"NONE",1,0,0,0,1,"Titan wurde von den Kobolden von O'Ghomoro beschworen und ist von einer Aura der Duldsamkeit umgeben, wie man sie von den anderen Primae kaum kennt. Spürt er jedoch, dass das Leben seiner loyalen Akolythen in Gefahr ist, zögert er nicht, im wahrsten Sinne des Wortes Berge zu versetzen, um jene zu zerquetschen, die ihnen Böses wollen."
42,"Garuda",3,"NONE",1,0,0,0,1,"Die Windgöttin Garuda wurde von den Ixal von Xelphatol beschworen. Sie hat die verblüffende Fähigkeit, die Luft um sie herum zu manipulieren, jedoch haben die Winde, die sie wie eine Waffe führt, ihr Herz und ihren Verstand verdreht und sie zu einer unbarmherzigen Tyrannin mit einem unersättlichen Appetit für Zerstörung gemacht."
43,"Mogul Mog",3,"NONE",1,0,0,0,1,"Der legendäre Mogry-König Mogul Mog wurde von einer irregeleiteten Splittergruppe von Mogrys aus dem Finsterwald beschworen. Sie glauben, dass er es war, der ihr Volk von ihrem Zuhause im sternbedeckten Himmelsgewölbe nach Eorzea geführt hat. Mogrygroßkönig Mogul Mog XII. ist gut zu seiner Handvoll Untertanen und teilt königliche Strafen nur an andere aus, die es wagen, sich ihm in den Weg zu stellen."
44,"Raya-O-Senna & A-Ruhn-Senna",3,"NONE",1,0,0,1,1,"„Den Namen Senna hast du bestimmt schon einmal gehört. Die Anführerin der Bruderschaft der Morgenviper und Älteste Saatseherin Kan-E-Senna ist meine ältere Schwester. Zusammen mit meinem jüngeren Bruder A-Ruhn-Senna sind wir die drei Saatseher.“"
45,"Godbert Manderville",3,"NONE",1,0,0,0,1,"„Der Riesenbüffel sah das anders und hat es doch tatsächlich gewagt, Eorzeas bedeutendsten Goldschmied aufs Übelste zuzurichten. Eine skandalöse, ja geradezu peinliche Geschichte ist das aber auch!“"
46,"Thancred",3,"NONE",1,0,0,0,1,"„Ab und zu muss man eben auch mal zeigen, was man so draufhat.“"
47,"Nero tol Scaeva",3,"NONE",1,0,0,0,1,"„Wir werden schon sehen, wer von uns beiden mehr auf dem Kasten hat ... Garlond.“"
48,"Papalymo & Yda",3,"NONE",1,0,0,0,1,"„Na <Emphasis>endlich</Emphasis>, Yda!“
„Ah, so ein Glück! Ihr seid alle unverletzt!“"
49,"Y'shtola",3,"NONE",1,0,0,1,1,"„Wie auch immer, mit dem hier werden wir schon fertig!“"
50,"Urianger",3,"NONE",1,0,0,0,1,"„Nun kommt ganz gewiss die Dämmerung am Morgen ... Deine strahlende Präsenz wird ihr den Weg bereiten.“"
51,"Ultima-Waffe",3,"Ultima-Waffe",1,0,1,1,0,"Die Ultima-Waffe ist ein Relikt aus der Dritten Ära des Lichts und beruht auf alter allagischer Technologie - jene Technologie, die es ermöglichte, dass sich das Allagische Reich über ganz Hydaelyn erstrecken konnte. Nach der Wiederentdeckung des mechanischen Monstrums, das tief unter der Erde kurz hinter Ala Mhigo begraben lag, hat die XIV. Legion die Ultima-Waffe wieder in Schuss gebracht, damit sie als Gegenmaßnahme gegen die stets wachsende Bedrohung durch die Primae herhalten kann."
52,"Odin",3,"NONE",1,0,0,0,1,"Niemand weiß genau, wann oder von wem Odin beschworen wurde, doch der Dunkle Reiter durchstreift ohne Unterlass den Finsterwald auf seinem treuen Schlachtross Sleipnir und wartet geduldig auf die Gelegenheit zur Abrechnung für etwas, das ihm vor langer Zeit widerfahren ist."
53,"Ramuh",3,"NONE",1,0,0,0,1,"Die Sylphen des Finsterwaldes verehren Ramuh, sind regelrecht von ihm besessen. Der Herr der Blitze ist eine mächtige, Ehrfurcht gebietende Gestalt mit grenzenlosem Wissen über vergangene Zeiten. Er ist ebenso streng wie gerecht und sein Urteil ist endgültig: Wer sich einer Todsünde schuldig gemacht hat, wird von ihm mit gleißenden Blitzen niedergestreckt."
54,"Leviathan",3,"NONE",1,0,0,0,1,"Der Herr der Wogen wurde von den Sahagin der Indigotiefen beschworen. Er lauert unter der Meeresoberfläche und wartet nur darauf, Schiffe im Ganzen zu verschlucken und die Seefahrer in die Ränge seiner ertrunkenen Gefolgsleute aufzunehmen. Fischer glauben seit jeher, dass zerstörerische Wellen von dem mächtigen Schwanz eines erzürnten Leviathan ausgehen, und bringen seit Jahrhunderten Opfer dar in der Hoffnung, die tobende Kreatur der Tiefe zu besänftigen."
55,"Shiva",3,"NONE",1,0,0,1,1,"Im <Emphasis>Enchiridion</Emphasis>, der heiligen Schrift des Ishgarder Glaubens, wird Shiva als die Urverräterin beschreiben, die Erste, die der Versuchung durch die Drachen erlegen ist. Ihre Anhänger verehren sie jedoch als Heilige, die versucht hat, die Ishgarder und die Drachen durch ihr selbstloses Opfer zusammenzubringen, dabei jedoch gescheitert ist."
56,"Minfilia",3,"NONE",1,0,0,1,1,"„Die größte Gefahr sehen wir in den göttlichen Wesen, die Primae genannt werden.“"
57,"Lahabrea",3,"NONE",1,0,0,0,1,"„Deshalb muss die Geschichte von dir und dem Kristall nun ein jähes Ende nehmen!“"
58,"Cid Garlond",3,"NONE",1,0,0,0,1,"„Dieses Schiff wurde dafür gemacht, um Helden wie dich an die Front zu bringen!“"
59,"Alphinaud & Alisaie",3,"NONE",1,0,0,0,1,"„Schwesterherz, wir beide haben doch das gleiche Ziel. Auch wenn wir unter<SoftHyphen/>schied<SoftHyphen/>liche Wege gehen, ziehen wir hoffentlich an einem Strang.“
„Das wird sich zeigen.“ "
60,"Louisoix Leveilleur",3,"NONE",1,0,0,0,1,"„Es ist genug, Silberschwinge. Du wirst diese Welt nun endlich verlassen!“"
61,"Bahamut",3,"NONE",1,0,0,0,1,"Der Primae Bahamut war für Jahrtausende vergessen, bevor er schließlich im 1572. Jahr der 6. Ära des Lichts durch die Machenschaften des garleischen Legatus Nael van Darnus aus seinem himmlischen Gefängnis, dem unseligen Mond Dalamud, befreit wurde. Endlich entfesselt ließ der Götterdrache einen endlosen Regen aus Feuer auf das Land darniederprasseln und läutete damit eine neue Ära von Tod und Leid ein."
62,"Hildibrand & Nashu",3,"NONE",1,0,0,0,1,"„Verzeiht, werte Dame, verzeiht. Wie konnte ich so unhöflich sein? Vor Euch steht der einzigartige, unnachahmliche, listige und schlaue, in allen Herbergen dies- und jenseits von Ul'dah bekannte Kriminologe Hildibrand!“"
63,"Nanamo",3,"NONE",1,0,0,1,1,"„Eure Courage und eure Klugheit ist die Quelle aller Prosperität! Und für mich ist euer Leben das wertvollste Gut!“"
64,"Gaius van Baelsar",3,"NONE",1,0,0,0,1,"„Warum klammern sich dumme Völker an die Idee, erlogene Götter würden sie beschützen? Weil ihre Politiker, Anführer und Könige es nicht können!“"
65,"Merlwyb",3,"NONE",1,0,0,1,1,"„Ein Schlachtfeld ist wie das Meer ... Nur wer den Wind liest und die Strömungen kennt, wird abends sicher zurück im eigenen Hafen einlaufen.“"
66,"Kan-E-Senna",3,"NONE",1,0,0,1,1,"„Nutze die Talente, die du hast. Die Wälder wären sehr still, wenn nur die begabtesten Vögel sängen.“"
67,"Raubahn",3,"NONE",1,0,0,0,1,"„Man soll das Feuer in seiner Seele nie ausgehen lassen, sondern es schüren. Und wo ginge dies besser als in der Hitze des Gefechts?“"
68,"Krieger des Lichts",4,"Krieger des Lichts",2,0,1,0,0,"„Das Licht soll nie erlöschen!“"
69,"Firion",3,"NONE",1,0,0,0,1,"„Mein Traum ... ist eine Welt voll von Wildrosen.“"
70,"Zwiebelritter",3,"NONE",1,0,0,0,1,"„Klein zu sein hat seine Vorteile.“"
71,"Cecil Harvey",3,"NONE",1,0,0,0,1,"„Dieser Kampf ist auch unser Kampf.“"
72,"Bartz Klauser",3,"NONE",1,0,0,0,1,"„Es war immerhin der letzte Wunsch meines Vaters, dass ich die Welt bereise ... und diesmal spüre ich ganz deutlich, wie der Wind mich ruft.“"
73,"Terra Branford",3,"NONE",1,0,0,1,1,"„Sicher herrscht bald wieder Frieden. Ganz bestimmt ...“"
74,"Cloud Strife",3,"NONE",1,0,0,0,1,"„Ich kann nicht länger gefangen in einer Illusion verweilen.“"
75,"Squall Leonhart",3,"NONE",1,0,0,0,1,"„Sprich nicht über mich in der Ver<SoftHyphen/>gangen<SoftHyphen/>heit!“"
76,"Zidane Tribal",3,"NONE",1,0,0,0,1,"„Braucht es wirklich einen Grund, jemandem zu helfen?“"
77,"Tidus",3,"NONE",1,0,0,1,1,"„Wenn Yuna dort ist, werde ich sie mir holen. So einfach ist das!“"
78,"Shantotto",3,"NONE",1,0,0,1,1,"„Hoho! Die Hoffnung scheint noch nicht verloren,
bei diesem hier so dünkt es mir.
So will ich's sagen diesen Toren,
Shantotto ist der Name hier.
<Emphasis>Doktor</Emphasis> Shantotto!“"
79,"Vaan",3,"NONE",1,0,0,1,1,"„Wer sagt denn, dass du dafür stark sein musst? Du schaffst das schon. Du hast schließlich gute Freunde.“"
80,"Lightning",3,"NONE",1,0,0,1,1,"„Das ist keine Frage des Könnens. Manche Dinge im Leben tut man einfach.“"
81,"Geira-Katze",3,"Geira-Katzen",1,0,1,1,0,"Ein neugieriges, liebenswürdiges Geschöpf mit einem katzenähnlichen Körper und Fledermausflügeln. Die meisten Forscher ordnen es der eorzäischen Fauna zu, aber es gibt solche, die in der Geira-Katze einen Nichts<SoftHyphen/>gesand<SoftHyphen/>ten des elften Ranges sehen. Einigkeit besteht darüber, dass die Katze einen scharfen und bösartigen Intellekt besitzt."
82,"Vanu Vanu",3,"Vanu Vanu",1,0,1,0,0,"Ein flugfähiger Wilder Stamm, der die schwebenden Inseln des Wolkenmeers sein Zuhause nennt. Bis die Luftschiff-Technologie den Ishgardern den Himmel erschloss, lebten die Vanu von ihnen isoliert, doch jetzt fühlen sie sich mehr und mehr dazu herausgefordert, ihr Revier zu verteidigen."
83,"Gnath",3,"Gnath",1,0,1,0,0,"Die Gnath sind ein insektenartiger Stamm, der die südlichen Bereiche des Dravanischen Vorlands besiedelt. Sie sind geschickte Jäger und halten die Drachen mit einer besonderen Art von Räucherwerk auf Distanz. Die Gnath sind durch einen „Der Verbindende“ genannten Stammesführer dazu in der Lage, sich gedanklich miteinander zu verständigen."
84,"Yugiri Nebelschleicher",3,"NONE",1,0,0,1,1,"„Gerechtigkeit ... wonach die Philosophen aller Völker fragen und worauf die Herrscher aller Länder pochen.“"
85,"Chocomoppel",4,"Chocomoppel",2,0,1,0,0,"Ein Chocobo, dessen unstillbare Fresssucht und Mangel an Selbstwertgefühl ihm einen Körper gaben, der eher dem eines Behemoths als eines Vogels ähnelt. Einer Legende der Goblins zufolge wird dieser beleibte Chocobo in der Unterwelt als Gott verehrt, aber es ist fraglich, ob diese Erzählung überhaupt ein Fünkchen Wahrheit enthält."
86,"Greif",6,"Greife",2,0,1,0,0,"Diese majestätischen Flugtiere nisten und jagen in der Wildnis von Abalathias Rückgrat. Ihre unübertroffene Sehschärfe erlaubt es ihnen, Beute aus großer Höhe auszumachen und blitzartig aus dem Himmel auf sie herabzustoßen, um sie in ihren kräftigen Krallen davonzutragen. Als Symbol für Mut und Unzähmbarkeit ziert ein Greif das Wappen der gefallenen Nation Ala Mhigo."
87,"Tioman",3,"Tioman",1,0,1,0,0,"Ein mächtiger und rachsüchtiger Drache, der seinen Hort auf dem gespenstischen Gipfel von Sohm Al hat. Tioman, von weiblichem Geschlecht, ist die Gemahlin des Hohen Drachen Nidhogg, und den Ishgardern aufgrund der Färbung ihrer Schuppenhaut bekannt als der dunkle Drache, „dunkler als die sternenlose Nacht“."
88,"Estinien",3,"NONE",1,0,0,0,1,"„Ich bin bereit. Ich erwarte dich, Nidhogg! Sobald du dich zeigst, lösche ich dein Lebenslicht aus!“"
89,"Lucia goe Junius",3,"NONE",1,0,0,1,1,"„Denn wer ewig der Ver<SoftHyphen/>gangen<SoftHyphen/>heit nachhängt, droht den Blick auf die Zukunft zu verlieren.“"
90,"Ysayle",3,"NONE",1,0,0,1,1,"„Wir haben keinen Gott, zu dem wir flehen könnten. So müssen wir uns selbst erlösen!“"
91,"Hilda",3,"NONE",1,0,0,1,1,"„Wer von uns ist hier Abschaum, du verlogener Köter?“"
92,"Matoya",3,"NONE",1,0,0,1,1,"„Schon gut, Junge. Und jetzt mal raus mit der Sprache. Was wollt ihr von einer alten Einsiedlerin wie mir? Ihr seid doch nicht hierher gekommen, nur um zu plaudern, hm?“"
93,"Graf Edmont Fortemps",3,"NONE",1,0,0,0,1,"„Es ist mir eine Ehre, Euch in den Hallen meiner Ahnen begrüßen zu dürfen.“"
94,"Byblos",3,"Byblos",1,0,1,0,0,"Eine verbotene Phantomgestalt, die die verbotenen Hallen der Großen Gubal-Bibliothek bewacht. Vermutlich ist Byblos ein von den Sharlayanern beschworener Nichts<SoftHyphen/>gesand<SoftHyphen/>ter, der durch einen dunklen Zauber für alle Ewigkeit an seinen Dienst gebunden ist."
95,"Haurchefant",3,"NONE",1,0,0,0,1,"„Meiner Meinung nach kann man sich <If(PlayerParameter(4))>keine treuere Gefährtin<Else/>keinen treueren Gefährten</If> wünschen. Und auch körperlich stellt <If(PlayerParameter(4))>sie<Else/>er</If> jedes Pferd und jeden Chocobo in den Schatten. <If(PlayerParameter(4))>Ihre<Else/>Seine</If> Ausdauer ist geradezu legendär.“"
96,"Aymeric",3,"NONE",1,0,0,0,1,"„Für all jene, die in der Hoffnung auf eine bessere Zukunft starben, und um unserer Freunde Seelen willen werden wir den Frieden erreichen.“"
97,"Ravana",3,"NONE",1,0,0,1,1,"Gott und Erlöser des Stammes der Gnath. Der Primae Ravana erscheint als Krieger und Eroberer, predigt Stärke und verabscheut jegliche Art von Schwäche. Er zelebriert die Heiligkeit des Kampfes und bezwingt würdige Gegner mit seinen tödlichen Mondlicht-Klingen, den legendären Chandrahas."
98,"Bismarck",3,"NONE",1,0,0,0,1,"Der Herr der Wolken wurde lange dem Reich der Legenden zugeschrieben, bis er durch die rasenden Anrufungen der Vanu Gestalt erhielt. Sie glauben, dass er einst ihre Vorfahren zu den schwebenden Inseln führte und sie ihnen als Zuhause gab. Der Primae in Gestalt eines großen weißen Wals beschützt seine Jünger und reißt mit einem sintflutartigen Wasserschwall aus seinem Blasloch all diejenigen vom Himmel, die ihnen feindselig gesinnt sind."
99,"Nidhogg",3,"NONE",1,0,0,0,1,"Einer der sieben Hohen Drachen, die Midgardsormr, Urvater aller Drachen, einst zeugte. Nidhogg führt die dravanische Drachenbrut an und überzieht seit 1000 Jahren Ishgard mit einem blutigen Krieg. Sein Gebrüll spaltet den Himmel und die Herzen selbst der mutigsten Tempelritter."
100,"Midgardsormr",3,"NONE",1,0,0,0,1,"„Du hast das Antlitz des ersten Hüters vergessen, Einfältiger. Erinnere dich - und erbebe vor mir!“"
101,"Glotzauge",4,"Glotzaugen",1,0,1,2,0,"Die Erscheinung des auf den ersten Blick weniger furcht<SoftHyphen/>er<SoftHyphen/>re<SoftHyphen/>gen<SoftHyphen/>den Glotzauges wird von seinem einzelnen roten Sehorgan beherrscht. Forscher vermuten, dass dieser Nichts<SoftHyphen/>gesand<SoftHyphen/>te sich auf der physischen Ebene manifestiert, indem er seine Essenz aus<SoftHyphen/>schließ<SoftHyphen/>lich in Opfer schleust, die mit weit aufgerissenen Augen den Tod gefunden haben. Obgleich von niederem Rang in der Hierarchie der Nichts<SoftHyphen/>gesand<SoftHyphen/>ten, stellt das Glotzauge wegen seiner außer<SoftHyphen/>ordent<SoftHyphen/>lich scharfen Sicht und arkanen Macht eine ernst zu nehmende Bedrohung dar."
102,"Archaeornis",3,"Archaeornis",1,0,1,0,0,"Diese großen, gefiederten Untiere siedeln bevorzugt in den nördlichen Regionen von Aldenard und werden häufig in der Obhut von größeren Drachen gesichtet. Obwohl man sie vorerst dem Stamm der flugfähigen Wolkenbewohner zurechnete, wird ihre Nähe zu den Drachen nun allgemein auf eine Abstammung mit landgängigen Reptilien zurückgeführt."
103,"Paissa",3,"Paissas",1,0,1,0,0,"Paissas sind böswillige, felltragende Kreaturen und auf den schwebenden Inseln des Wolkenmeeres beheimatet. Ihre fassförmigen Körper und handtellergroßen Augen legen die Vermutung nahe, dass sie mit den Opo-Opo verwandt sind. Die Vanu hingegen sehen in ihnen lediglich die Verkörperung größtmöglicher Einfältigkeit."
104,"Dhalmel",4,"Dhalmele",2,0,1,2,0,"Die pflanzenfressenden Dhalmel sind aggressive Bewohner des Wolkenmeers. Ihre langen Hälse haben sich angeblich aus der Notwendigkeit entwickelt, Blätter von Bäumen auf benachbarten schwebenden Inseln zu erreichen. Der Mangel an dichtem Blätterwerk auf den schwebenden Landmassen ist der vermutete Grund für die aggressive Territorialität, welche diese Kreaturen allen Eindringlingen gegenüber an den Tag legen."
105,"Bandersnatch",3,"Bandersnatch",1,0,1,0,0,"Der legendäre Bandersnatch ist ein gefürchteter Jäger, der seine be<SoftHyphen/>mit<SoftHyphen/>leidens<SoftHyphen/>werte Beute mithilfe seiner langen, gekrümmten Krallen schlägt. Obwohl er sich hauptsächlich von Chocobos und anderen Waldbewohnern ernährt, wurde der Bandersnatch schon dabei beobachtet, wie er sich in seinem unkontrollierbaren Blutrausch sogar Drachenbrut an die Gurgel wirft."
106,"Kriecher",4,"Kriecher",2,0,1,0,0,"Dieses Insekt hat große Teile des Dravanischen Hinterlands befallen, und seine schwarz-gelbe Färbung ist potentiellen Angreifern ein deutlicher Hinweis auf seine enorme Giftigkeit. Wer bei der Zubereitung eines Kriechers nicht die allerhöchste Sorgfalt anwendet, wird sich einem wochenlangen heftigen Jucken der Kopfhaut gepaart mit einer Hypersensibilisierung der Fingernägel ausgesetzt sehen."
107,"Poroggo",4,"Poroggos",1,0,1,0,0,"Poroggos, einst niedere Krötentiere, wurden durch die Magie der Sharlayaner mit Intelligenz und Sprechvermögen ausgestattet. Sie haben sogar die Gabe, einfache Zaubersprüche zu wirken. Isoliert von anderen empfindungsfähigen Lebewesen degenerieren ihre geistigen Fähigkeiten jedoch langsam aber sicher wieder auf Krötenniveau."
108,"Vedrfölnir",3,"NONE",1,0,0,0,1,"Vedrfölnir, Abkömmling des Hohen Drachen Hraesvelgr, unterscheidet sich durch sein aggressives, dominantes Verhalten von seinen friedvollen Blutsbrüdern. Der mächtige Drache weidet sich an der Herrlichkeit des Kampfes und hegt eine hitzige Rivalität mit Dunkelschuppe, einem General in Nidhoggs Horde."
109,"Coeurl-Königin",3,"Coeurl-Königinnen",1,0,1,1,0,"Aufgrund ihrer überwältigenden Größe und magischen Wirkungskraft genießt die betagte Rudelführerin der Coeurl unter den Jägern von Fiederhag legendären Status. Man sagt, dass sie sogar dazu in der Lage ist, das Wetter zu kontrollieren, indem sie arkane Energien durch ihr mächtiges elchähnliches Geweih kanalisiert und in die Atmosphäre abgibt."
110,"Progenitrix",3,"Progenitrix",1,0,1,1,0,"Progenitrix ist der von ehrgeizigen Kobold-Alchemisten entworfene Prototyp einer gewaltigen Mega-Bombe. Zu ihrer Herstellung ist neben einem überaus hitzebeständigen Kobalt-Brennofen auch die Bereitschaft vonnöten, unkontrollierte Explosionen mitsamt den einhergehenden Verstümmelungen, Verbrennungen und Kostenrechnungen hinzunehmen. Also nichts, wovon sich ehrgeizige Kobold-Alchemisten abschrecken ließen."
111,"Belladonna",3,"Belladonnas",1,0,1,1,0,"Diese fleischfressende Pflanze aus dem Orn-Busch lockt ihre ahnungslosen Opfer dadurch an, dass sie mit ihren Blütenblättern verschiedene Tiere nachahmt. Kostspielige Experimente im Sankt Mocianne-Arboretum haben zweifelsfrei bewiesen, dass Belladonnas sowohl zweibeinige als auch vierbeinige Opfer als Beute nehmen."
112,"Echidna",3,"NONE",1,0,0,1,1,"Echidna ist eine verführerische Nichts<SoftHyphen/>gesand<SoftHyphen/>te in der rätselhaften Nichts-Arche. Die Nichtsmagier aus Mhach, einer einflussreichen Stadt im Fünften Zeitalter des Lichts, haben sie den Legenden nach in ihren endlos währenden Konflikten als strategische Waffe eingesetzt. Gelehrte sind sich einig, dass Echidna als Adlige des Nichts zu den oberen Rängen in ihrer Hierarchie gehört."
113,"Pipin Tarupin",3,"NONE",1,0,0,0,1,"„Zum Reden ist später Zeit. Jetzt sollten wir erst mal zusehen, dass wir einige Malme Land gewinnen.“"
114,"Julyan Manderville",3,"NONE",1,0,0,1,1,"„Fröhliche Runde? Fröhlich kannst du haben! Mein Sohn liegt am Boden und ringt mit dem Tod.“"
115,"Moglin",3,"NONE",1,0,0,0,1,"„Gern würd ich dir glauben, mein bommeliger Bruder von unter den Wolken.“"
116,"Charibert",3,"NONE",1,0,0,0,1,"„Ahh, der unverkennbare Gestank der Häresie ...“"
117,"Rundblox",3,"NONE",1,0,0,0,1,"„Psh!!! Kanzzu ganze Welt spazieren und sammeln Hübschesache.“"
118,"Señor Kaktor",3,"NONE",1,0,0,0,1,"„Du da! Du würdest ein prima Goldhäschen abgeben. Willst du nicht im exklusiven Gold Saucer-Club arbeiten? Die Differenz zum Mindestlohn zahlen wir dir in MGP.“"
119,"Regula van Hydrus",3,"NONE",1,0,0,0,1,"„Zeig mir doch mal, was <If(PlayerParameter(4))>eine Kriegerin des Lichts<Else/>einen Krieger des Lichts</If> so besonders macht!“"
120,"Papst Thordan",3,"NONE",1,0,0,0,1,"„Wir streben danach, einen tausendjährigen Krieg zu beenden ... Kein Wagnis ist zu groß, wenn ein so wichtiges Ziel zum Greifen nahe ist.“"
121,"Honoroit",3,"NONE",1,0,0,0,1,"„Oh je, ich ahne nichts Gutes ...“"
122,"Grauer Felsen & Coultenet",3,"NONE",1,0,0,0,1,"Coultenet: „Ich muss wohl mitmischen, wenn die Kinder was zu sehen bekommen sollen.“
Grauer Felsen: „So schnell lässt sich Grauer Felsen aber nicht aus den Latschen hauen! Gruuaaaaaaahhrr!“"
123,"Brachiosaurus",3,"NONE",1,0,0,0,1,"Das gewaltige Reptil galt in der wissenschaftlichen Gemeinschaft lange Zeit als ausgestorben, bis es auf den Diadem-Inseln wiederentdeckt wurde. Der Allesfresser verfügt über beeindruckende magische Fähigkeiten, mit denen er sogenannte Felsenherzen kontrolliert und wie Meteoriten vom Himmel herabregnen lässt."
124,"Dunkelschuppe",3,"NONE",1,0,0,0,1,"Dunkelschuppe stammt in direkter Linie von dem mächtigen Nidhogg ab, dem er als grausamer General dient. Er ist ein fanatischer Verfechter des tausendjährigen Kriegs mit Ishgard und gerät immer wieder in Aus<SoftHyphen/>einander<SoftHyphen/>set<SoftHyphen/>zungen mit seinem Rivalen Vedrfölnir."
125,"Fenrir",3,"NONE",1,0,0,0,1,"Ysayle, die als Eisherz die Häretiker im Kampf gegen das alte Ishgard anführte, hatte einen wilden Höllenhund als Begleiter, dessen Fell das kalte Mondlicht auf so eigenartige Weise widerscheinen ließ, dass er bald nach dem legendären Höllenhund Fenrir benannt wurde."
126,"Kraken",3,"NONE",1,0,0,0,1,"Unzählige Schiffe wurden einst von den gewaltigen Fangarmen des Kraken zertrümmert und auf den Boden der See geschickt. Der berüchtigte Freibeuter Rycharde Rauschebart bezwang das Ungetüm und verdammte es dazu, die Zufahrt zu seinem Unterschlupf zu bewachen. Erst nach einer empfindlichen Niederlage zog sich das Ungetüm wieder in die tiefe See zurück, wo es auf den grotesken Kapitän Madison traf und mit ihm ein bizarres Bündnis einging."
127,"Statthalter",3,"NONE",1,0,0,0,1,"Der metallene Koloss wurde bei den Ausgrabungsarbeiten am Versunkenen Tempel von Qarn versehentlich aktiviert. Mit seinen eigentümlich geformten Klingen macht er jeden einen Kopf kürzer, der es wagt, das Heiligtum der Sonnengöttin Azeyma zu schänden."
128,"Molaa Ja Ja",3,"NONE",1,0,0,0,1,"Dieser furcht<SoftHyphen/>ein<SoftHyphen/>flößende Krieger führt die berüchtigte Silberschuppen-Söldnertruppe an. Im wilden Stamm der Mamool Ja werden gelegentlich zweiköpfige Individuen geboren, die entweder als böses Omen gedeutet und verstoßen werden, oder solch eine Stärke und Aggressivität entwickeln, dass sie als Anführer ihren Stamm zu Ruhm und Größe führen."
129,"Ferdiad",3,"NONE",1,0,0,0,1,"Einst in Mhach von Meistern der Schwarzen Künste beschworen, um Amdapor einzunehmen, wurde der Nichts<SoftHyphen/>gesand<SoftHyphen/>te des dritten Ranges in den Wirren der Kämpfe dort eingeschlossen und von seinen Meistern im Stich gelassen. Rasend vor Wut verbreitet Ferdiad noch heute Angst und Schrecken in den Ruinen von Amdapor."
130,"Calcobrina",3,"NONE",1,0,0,0,1,"Sharlayaner Magier schufen diese schaurige Puppe, um ihren Antiturm vor ungebetenen Gästen zu beschützen. Bedacht, sie mit besonders starken Kräften auszustatten, ließen ihre Erbauer Unmengen an Äther in sie hineinfließen, und dieser strapaziösen Prozedur schuldet die Puppe ihr fürchterliches Aussehen."
131,"Kuribu",3,"NONE",1,0,0,0,1,"Die Weißmagier Amdapors erschufen Kuribu als Beschützerin ihrer Stadt. Dabei bedienten sie sich derselben Technik wie zur Erschaffung von Golems und arbeiteten kostbare Edelsteine in Torso und Hände. Sie ist optimiert, um gegen Nichts<SoftHyphen/>gesand<SoftHyphen/>te zu kämpfen, und beherrscht verschiedene Zauber der weißen Magie."
132,"Phlegethon",3,"NONE",1,0,0,0,1,"Der tapfere General Phlegethon lehnte sich zum Ende der Dritten Ära des Lichts gegen die allagischen Herrscher auf, um sein Volk zu befreien. Doch der Wissenschaftler Amon, ein Gefolgsmann Xandes', lockte den Volkshelden in eine Falle, löschte seine Erinnerung und fror ihn in der Zeit ein, damit er auf alle Ewigkeit den Kristallturm beschütze."
133,"Artoirel",3,"NONE",1,0,0,0,1,"„Ich bin bereit, mein Schwert und mein Schild in den Dienst der Bürger dieser Stadt zu stellen! So wahr ich ein Fortemps bin!“"
134,"Emmanellain",3,"NONE",1,0,0,0,1,"„Die Freude, dich zu sehen, ist ganz meinerseits, liebe Laniaitte! Du kannst aufatmen: Ich bin hier, um dir die Last deiner Sorgen von den Schultern zu nehmen.“"
135,"Xande",3,"NONE",1,0,0,0,1,"Xande war der erste Kaiser und Begründer des Allagischen Kaiserreichs. Der geniale Amon entnahm Gewebeproben aus der kaiserlichen Grabkammer, reicherte sie mit üppiger Lebensenergie an und schuf so ein beinah unsterbliches, riesenhaftes Abbild des allagischen Herrschers."
136,"Brutalus",3,"NONE",1,0,0,0,1,"Brutalus, das komplizierte Wächterkonstrukt, dient Denkfix Alleskönner, dem Anführer der Indigohand, und patrouilliert ohne Unterlass im Inneren des kolossalen Alexander. Er vereint in sich fünf mächtige Kämpfer: Schlachter, Blaster, Wirbler, Schwindler und Blechbrecher, die jeder für sich von tödlicher Präzision sind."
137,"Sephirot",3,"NONE",1,0,0,0,1,"Eine der drei Ikonen der Kriegstriade. Einst war Sephirot der Schutzgott eines Volkes von baumähnlichen Wesen, die auf dem südlichen Kontinent Meracydia lebten, und soll ihren Legenden zufolge aus dem ersten heiligen Baum hervorgegangen sein."
138,"F'lhaminn",3,"NONE",1,0,0,0,1,"„Ob ich etwas auf dem Herzen habe? Nicht doch! Zumindest nicht das, was Minfilia denkt. Es hat gar nichts mit ihr zu tun.“"
139,"Vidofnir",3,"NONE",1,0,0,0,1,"Vidofnir ist ein Abkömmling Hraesvelgrs und von historischem Alter. Sie erinnert sich gut an die Zeit, in der Ishgard und die Drachen in Harmonie miteinander lebten. Wegen ihrer strahlenden Schwingen wird sie gelegentlich respektvoll „der weiße Drache“ genannt."
140,"Wolke der Dunkelheit",3,"NONE",1,0,0,0,1,"Ein Nichtswesen von allerhöchstem Rang und unermesslicher Macht. Die Wolke der Dunkelheit schloss mit Xande, Kaiser der Allager, einen unheilvollen Pakt, der es ihr erlaubte, in die diesseitige Welt einzufallen."
141,"Lolorito Nanarito",3,"NONE",1,0,0,0,1,"„Exakt. Wer hat zu Beginn einer neuen Partie nicht gern gleich freie Bahn?“"
142,"Gibrillont",3,"NONE",1,0,0,0,1,"„Das Erfolgsrezept einer gut geführten Schenke liegt in der Diskretion des Wirtes.“"
143,"Laniaitte de Haillenarte",3,"NONE",1,0,0,1,1,"„Die Schicksalsgöttin führt uns heute zum ersten Mal zusammen, aber ich habe schon viel von dir gehört.“"
144,"Rhoswen",3,"NONE",1,0,0,1,1,"„Entweder gehst du sofort auf die Knie oder meine Mädels brechen dir dieselben.“"
145,"Carvallain de Gorgagne",3,"NONE",1,0,0,0,1,"„Heißt das, ich habe das Duell gewonnen? Ts, was für eine lächerliche Aufführung ...“"
146,"Kal Myhk",3,"NONE",1,0,0,0,1,"„Interessant. Du bist also nicht so lahm, wie ich dachte.“"
147,"Waukkeon",3,"NONE",1,0,0,0,1,"Diese riesige Sanuwa lebt in Nimmerreich, der heiligen Stätte der Vanu Vanu. Ihre Schuppen funkeln wie der lebenspendende Regen, der die Schwebenden Inseln benetzt, weshalb sie von den Vanu Vanu gerne als rituelle Masken getragen werden."
148,"Kurator",4,"NONE",1,0,0,0,1,"Das autonome Steuerungssystem der <Emphasis>Fraktal-Kontinuum</Emphasis>, einem allagischen Museumsschiff. Es geht seiner Aufgabe, interessierten Museumsgästen die technischen Errungenschaften der Allager näher zu bringen, genauso begeistert nach wie der gewaltsamen Abwehr von ungebetenen Besuchern."
149,"Rauschebart",3,"NONE",1,0,0,0,1,"„Zittere vor Rauschebarts Zorn! Dem König der Fünf Meere!“"
150,"Unei & Doga",3,"NONE",1,0,0,0,1,"„Ich bin Unei, und mein Gefährte heißt Doga. Lasst euch von seinem finsteren Blick nicht einschüchtern.“"
151,"Tiamat",3,"NONE",1,0,0,1,1,"Tiamat ist eine der sieben Hohen Drachen, den Abkömmlingen Midgardsormrs. Einst zog sie mit Bahamut in den südlichen Kontinent Meracydia, wo sie zahlreiche Nachkommen zeugten. Doch indem sie ihren von den Allagern getöteten Geliebten als zornigen Primae wiedererweckte, beging sie nichtsahnend einen unsäglichen Fehler, der ihr bis heute die Ruhe versagt."
152,"Calofisteri",3,"NONE",1,0,0,1,1,"Einst eine Großmagierin der Mhach-Zivilisation, vermengte sie ihr Blut mit dem der Nichts<SoftHyphen/>gesand<SoftHyphen/>ten, um fortan in der Pyramide der Stadt der Tränen über den Nullstein, Symbol des Paktes mit den Nichts<SoftHyphen/>gesand<SoftHyphen/>ten, zu wachen."
153,"Hraesvelgr",3,"NONE",1,0,0,0,1,"Hraesvelgr ist einer der sieben Hohen Drachen, ein Abkömmling Midgardsormrs. Seine Liebe zu Shiva wurde zum Symbol für die Verbundenheit von Drachen und Sterblichen - bis diese Verbundenheit verraten wurde und die Völker in einen tausendjährigen Krieg stürzten."
154,"Apkallu",3,"Apkallus",1,0,1,0,0,"Die Flügel dieses Seevogels von den Küsten Vylbrands haben sich zu Flossen entwickelt, und obwohl der Vogel dadurch seine Flugfähigkeit einbüßte, ist er zu einem geschickten Jäger von Fischen geworden. Apkallus können die Produktion ihrer Magensäfte steuern, um im Schnabel gehaltene Fische auf dem Weg zurück zum Nest für ihre Küken vorzuverdauen, und benutzen bei Anzeichen von Gefahr diese Magensäfte auch für unangenehmene Spuckangriffe."
155,"Kolibri",4,"Kolibris",1,0,1,0,0,"Ein fröhlich-bunter Vogel aus den südlichen Landen. Mit ihrem eigenartig geformten Schnabel gelangen sie an den Nektar tropischer Blüten. Sie zeichnen sich durch eine Sammelleidenschaft von kleinen, glitzernden Gegenständen aus und sind sogar in der Lage, gesprochene Sprache zu imitieren."
156,"Magitek-Todesklaue",3,"Magitek-Todesklauen",1,0,1,1,0,"Diese Weiterentwicklung der antiken allagischen Magitek-Waffe „Eisenklaue“ kann sich mithilfe des im Rumpf befindlichen Doppelrotors in die Lüfte erheben und schwere Lasten mit seinen Greifern transportieren. Allerdings wird auch dieser Apparat eher zu Kampfzwecken eingesetzt."
157,"Flüssige Flamme",3,"Flüssige Flammen",1,0,1,1,0,"Die Goldschmiede der Sharlayaner riefen dieses magische Wesen bei dem Versuch ins Leben, eine verbesserte Variante der  Bomber, die sich die Kobolde dienbar gemacht haben, zu schaffen. Wenn der Versuch auch eher zufällig glückte, wurden die flüssigen Flammen zu hilfreichen Dienern."
158,"Schaf",4,"Schafe",2,0,1,2,0,"Hochländer domestizierten im Zeitalter des langen Eises eine wilde Schafsart und züchteten daraus eine neue Art mit besonders hohem Wollertrag. Nachkommen dieser runden und knuffeligen Schafsart haben wieder ihren Weg in die freie Wildbahn von La Noscea und Coerthas gefunden, wo sie in großer Zahl anzutreffen sind."
159,"Mogry-Postbote",8,"Mogry-Postboten",1,0,1,0,0,"„Wenn es nach mir ginge, würde ich es mir im Wipfel einer großen Eiche bequem machen und von einer wunderschönen Mogry-Dame mit einem regenbogenfarbenen Puschel träumen, kupo!“"
160,"Magitek-Colossus",3,"Magitek-Colossi",1,0,1,0,0,"Diese beeindruckende Kampfmaschine ist eine Kombination aus dem antiken allagischen Eisengiganten und dem Magitek-Frontbrecher. Die humanoide Form macht Wartungsarbeiten intuitiver und übt einen nicht unerheblichen psychologischen Effekt auf seine Gegner aus."
161,"Strix",3,"NONE",1,0,0,0,1,"Der Aufpasser in der Abteilung für seltene Schriften im obersten Stock der Großen Gubal-Bibliothek war einst eine gewöhnliche Eule, die ähnlich wie die Skatenen auf magischem Wege mit Verstand ausgestattet wurde. Strix reagierte besonders gut auf den Intelligenzzauber und lernte sogar komplizierte Zaubersprüche zu beherrschen."
162,"Tozol Huatotl",3,"NONE",1,0,0,0,1,"Tozol gehört einem der vier herrschenden Ixal-Clans an und ist als Hohepriester einer der ganz wenigen, der eine Primae-Beschwörung durchführen kann. Er war es auch, der Garuda in Xelphatol anrief."
163,"Prim-Alexander",3,"NONE",1,0,0,0,1,"Die letzte Schutzvorrichtung im Kern von Alexander ist Teil des innersten Mechanismus und als solche sogar in der Lage, den Fluss der Zeit zu ändern. Manche sagen, dass sein „heiliges Urteil“ Zugang zum „Paradies“ verschafft."
164,"Brendt, Brennan & Bremondt",3,"NONE",1,0,0,0,1,"„Dass du ein großer Held wirst und ich dann allen erzählen kann, dass wir uns kennen! Na, wie klingt das?“"
165,"Thancred (Heavensward)",3,"NONE",1,0,0,0,1,"„Ein Obsidiansplitter diente mir als Messer, mit dem ich auf die Jagd nach Fleisch und Fellen ging. Es war ein harter Kampf ums Überleben, sag ich euch.“"
166,"Y'shtola (Heavensward)",3,"NONE",1,0,0,1,1,"„Ich werde auf jeden Fall weitermachen. Um am Ende das zu erblicken, was Matoya suchte: die Wahrheit über diese Welt ... und noch mehr.“"
167,"Nael van Darnus",3,"NONE",1,0,0,0,1,"„Die Zeit der Läuterung ist nah ... Ich bringe euch das Licht, das die Sünde aus euren Seelen brennen wird.“"
168,"Sophia",3,"NONE",1,0,0,1,1,"Eine der drei Ikonen der Kriegstriade. Sophia wurde von den vielfältigen Völkern des südlichen Kontinents Meracydia verehrt als Göttin, die Streitigkeiten schlichtet und für ausgleichende Gerechtigkeit zwischen den Völkern sorgt."
169,"Opo-Opo",4,"Opo-Opos",1,0,1,0,0,"Diese affenartigen Wesen sind in Waldgebieten heimisch, wo sie sich um Anführer scharen und Gruppen bilden. Mithilfe ihrer langen Schwänze und scharfen Krallen bewegen sie sich sicher zwischen den Baumkronen. Neben Früchten sind sie leider auch auf den Geschmack von Bohnen gekommen und verwüsten immer öfter die Felder."
170,"Adaman-Taimai",3,"Adaman-Taimai",1,0,1,1,0,"Diese Riesenschildkröten stammen ursprünglich von der Insel Thavnair. Ende der Sechsten Ära des Lichts wurden aus festlichem Anlass von den östlichen Inseln Dodo-Eier eingeführt, unter die allerdings auch ein paar Exemplare dieser Schildkröte gemischt waren. Sie wurden in Gridania heimisch, doch die Aus<SoftHyphen/>einander<SoftHyphen/>set<SoftHyphen/>zungen, ob sie als Teil des Finsterwaldes anerkannt werden sollten, nehmen kein Ende."
171,"Magitek-Frontbrecher",4,"Magitek-Frontbrecher",2,0,1,0,0,"Diese Kampfmaschine wurde dazu konzipiert, mithilfe ihres Cermet-Bohrarms jegliche Mauern und Tore zu durchbrechen. Sie werden bei Angriffen in der Vorhut eingesetzt und kommen auch bei der Verteidigung zum Einsatz, um gegnerische Belagerungswaffen unschädlich zu machen. Es existieren auch besonders stark gepanzerte sowie besonders bewegliche Versionen."
172,"Magitek-Kanonenschiff",4,"Magitek-Kanonenschiffe",2,0,1,2,0,"Ein waffenstarrendes Luftschiff der garleischen Invasionsstreitkräfte. Es wird zur Unterdrückung gegnerischer Bodentruppen eingesetzt und kann dank seines Greifarms auch Rettungsmissionen durchführen. Manchmal setzt es auch kleine Trupps hinter feindlichen Linien ab. "
173,"Goldhäschen",4,"Goldhäschen",1,0,1,2,0,"„Hast du dich verlaufen, Süßer? Komm, ich zeig dir alles.“"
174,"Lavaskorpion",4,"Lavaskorpione",2,0,1,0,0,"Diese von Kristallen ummantelten Wesen leben in der Lava im Zentrum des Bergmassivs Sohm Al. Lange Zeit von der Magie der Drachen im Zaum gehalten, sind sie nun in Abwesenheit ihrer einstigen Wächter umso wilder. Mit der Zunahme ihrer Aktivität hat auch die vulkanische Aktivität im Bergmassiv zugenommen."
175,"Magitek-Prädator",4,"Magitek-Prädatoren",2,0,1,0,0,"Die allerneueste Magitek-Kampfrüstung der Garlear. Das Schnitter-Design wurde mit einem Kampfarm für den Nahkampf verstärkt. Um größere Stückzahlen produzieren zu können, wurde die Form der Panzerung bei diesem Modell vereinfacht."
176,"Magitek-Himmelspanzer",4,"Magitek-Himmelspanzer",2,0,1,0,0,"Dieser einsitzige Himmelspanzer der garleischen Streitkräfte ist wegen seiner Wendigkeit gefürchtet. Bisherige fliegende Magitek-Kampf<SoftHyphen/>maschinen wie der Schlachtkreuzer waren sehr groß, doch mit der Schnitter-Technologie gelang den Garlearn die Herstellung dieses kompakten Modells. "
177,"Der Greif",3,"NONE",1,0,0,0,1,"„Wenn die Kraft in diesen Augen nicht für Sterbliche ist ... dann muss ich meine sterbliche Seele eben aufgeben! Was soll's! Lieber ein Ungeheuer als ein Leben in Schmach und Schande!“"
178,"Roland",3,"NONE",1,0,0,0,1,"„Ich bin mir sicher, dass auch du verstehst, wovon ich rede. Aber ich möchte dich nicht länger aufhalten. Der Gold Saucer und all seine Wunder warten auf dich.“"
179,"Nihil-Diabolos",3,"NONE",1,0,1,0,0,"Diabolos hat die Kraft der Schattenkönigin Scathach in sich aufgenommen und ist noch mächtiger geworden. Geschützt durch eine Rüstung aus vulkanisiertem Schatten schwingt er sich mit flügelförmigen Schattenarmen geschwinder empor als je zuvor. Auf der zwölfstufigen Skala für Nichts<SoftHyphen/>gesand<SoftHyphen/>te gebührt Nihil-Diabolos der höchste Rang."
180,"Panzerwaffe",3,"Panzerwaffen",1,0,1,1,0,"Diese riesige Magitek-Kampfmaschine der Garlear wird durch zusätzliche Beine stabilisiert, wodurch noch mehr Waffen an ihr installiert werden können. Die Besatzung ist besonders gut geschützt, da die Pilotensitze hermetisch verschlossen sind."
181,"Gigi",3,"NONE",1,0,0,0,1,"„Ich bin Vivi, Quans Enkelkind! Und ich bin Gigi, Hildibrands Sohn!“"
182,"Zurvan",3,"NONE",1,0,0,0,1,"Eine der drei Ikonen der Kriegstriade. Auf dem südlichen Kontinent Meracydia von einem zentauren-ähnlichen Volk verehrt, verkörpert er den ewig währenden Sieg. Dieser wilden Gottheit wird nachgesagt, selbst über andere Götter zu herrschen. Trotz seiner dämonischen Erscheinung wird er angerufen, um das Böse zu besiegen."
183,"Namazuo",3,"NONE",1,0,1,1,0,"Die kleinen, stämmigen Namazuo sind ausgezeichnete Schwimmer und in den Flüssen des Fernen Ostens heimisch, wo sie mit ihren Harpunen auf die Fischjagd gehen. Während manche von ihnen wild und gefährlich sind, wagen sich nicht wenige in die Städte und leben friedlich Seite an Seite mit den anderen Bewohnern."
184,"Kojin",3,"Kojin",1,0,1,1,0,"Die Kojin sind ein Wilder Stamm des Meeres, der seit undenklichen Zeiten die Rubinsee bevölkert. Sie verehren unzählige <Emphasis>Kami</Emphasis> - Gottheiten oder Geister, welche in Dingen hausen. Daher erklärt sich auch ihre Vorliebe für besonders kunstfertige Gegenstände, die sie wie besessen sammeln."
185,"Ananta",3,"Ananta",1,0,1,1,0,"Die Ananta, halb Frau, halb Schlange, nennen das Abanische Grenzland ihr Zuhause. Mit ihren magischen Fähigkeiten können sie  Metalle geschickt bearbeiten und kunstvolle Schmuckstücke anfertigen."
186,"M'naago",3,"NONE",1,0,0,1,1,"„Juhu, geschafft! Sieeeeeg!!! Wir haben gewonnen!“"
187,"Kotokaze",3,"NONE",1,0,0,0,1,"„Ihr seid als meine Gäste jederzeit herzlich willkommen.“"
188,"Mammut",4,"Mammuts",1,0,1,2,0,"Diese gigantischen Pflanzenfresser sind für gewöhnlich in kalten Bergregionen anzutreffen. Sie sind sanftmütig, doch einmal gereizt geraten sie in eine wilde Rage und greifen mit ihren gewaltigen Stoßzähnen an. Jäger, die ein Mammut erlegen, können sich über Fleischvorräte für mehrere Wochen freuen."
189,"Phoebad",4,"NONE",1,0,1,0,0,"Phoebad sind eine Art Golem, die am Seldsee und in anderen salzigen Gebieten spontan aus der Umgebung entstehen. Einer abanischen Legende nach geht der erste Phoebad auf eine Frau zurück, welche der Zerstörer mit der Warnung, sie solle sich nicht umdrehen, aus ihrer Stadt verbannte - und die sich dennoch umdrehte."
190,"Susano",3,"NONE",1,0,0,0,1,"Die Kojin rufen den Herrn der Feste mit ihren Gebeten und einer Dreieinigkeit von Schätzen herbei, um ihn zu verehren. Der wilde Meeresgott ist ein Krieger, der jeden, der es wagt, ihn herauszufordern, mit seinem Schwert Ame no Murakumo erschlägt."
191,"Lakshmi",3,"NONE",1,0,0,1,1,"Lakshmi wird von den Ananta angerufen, und die Göttin der Schönheit belohnt ihre Verehrerinnen damit, dass sie ihre Heilkräfte mit ihnen teilt und ihnen ihre Lockende Umarmung zuteil werden lässt."
192,"Grynewaht",3,"NONE",1,0,0,0,1,"„Jetzt seid ihr dran, ihr Würmer! Ich mach euch fertig!“"
193,"Rasho",3,"NONE",1,0,0,0,1,"„Das lässt mich hoffen, dass wir mit euch auf die richtige Karte gesetzt haben.“"
194,"Cirina",3,"NONE",1,0,0,1,1,"„Wir Mol richten unser Leben nach den Worten der Götter aus.“"
195,"Magnai",3,"NONE",1,0,0,0,1,"„Der große Kampf steht kurz bevor, und wir haben vor, daraus als Sieger hervorzugehen.“"
196,"Sadu",3,"NONE",1,0,0,1,1,"„Erschöpft? Willst du uns beleidigen? Wir Dotharl kennen keine Müdigkeit!“"
197,"Shinryu",3,"NONE",1,0,0,0,1,"Der Verräter Ilberd, geblendet von dem Wahn, seine Heimat aus den Klauen der Garlear zu befreien, beschwor allein mithilfe der Kraft zweier Drachen<SoftHyphen/>augen diese zerstörerische Gottheit. Aufgrund seiner Drachengestalt geht man davon aus, dass Shinryu in Kraft Bahamut mindestens ebenbürtig ist."
198,"Yotsuyu",3,"NONE",1,0,0,1,1,"„Ich bin das ewige Gejammer von euch Verlierern allmählich leid.“"
199,"Krile",3,"NONE",1,0,0,1,1,"„Ich entschuldige mich für den kleinen Streich, den ich dir gespielt habe.“"
200,"Lyse",3,"NONE",1,0,0,1,1,"„Wenn man nur vorher wüsste, was man gewinnt und was man verliert.“"
201,"Zenos yae Galvus",3,"NONE",1,0,0,0,1,"„Da steht ja immer noch jemand. Gut, dann spielen wir eben weiter.“"
202,"Hien",3,"NONE",1,0,0,0,1,"„Ich mag unseren Wettkampf verloren haben, den Kampf gegen die Garlear aber werde ich gewiss nicht verlieren!“"
203,"Moosling",3,"NONE",1,0,1,0,0,"Diese munteren Moosbällchen huschen bevorzugt durch Sumpflandschaften und andere Feuchtgebiete. Während Trockenperioden finden sie sich häufig zu geselligen Haufen zusammen, um Feuchtigkeitsverlust durch ungewollte Verdunstung zu vermeiden."
204,"Chapuli",3,"NONE",1,0,1,0,0,"Diese in Gyr Abania weit verbreiteten Insektoide benutzen ihr scharfes Horn, um Blätter und kleine Äste von Bäumen abzuschaben. Obwohl sie Pflanzenfresser sind, greifen sie häufig Reisende an, denen sie mit ihren starken Sprungbeinen nachsetzen."
205,"Qiqirn-Fleischfresser",3,"NONE",1,0,1,0,0,"Die Qiqirn von Gyr Abania sind besonders blutrünstige Vertreter ihrer Art und verzehren alles, was zwei Beine hat: Miqo'te, Roegadyn und Lalafell eingeschlossen. Obwohl sie eine Gefahr für ihre Umwelt darstellen, wurden sie<Indent/>- wohl aufgrund ihrer Unfähigkeit, regelmäßig Tribut zu zahlen<Indent/>- von den Garlearn größtenteils ignoriert."
206,"Hrodric Giftzunge",3,"NONE",1,0,0,0,0,"Als Neffe des mhigischen Königs Theoderic hatte Hrodric entfernte Aussichten auf den Thron, doch als er dem Tyrannen<SoftHyphen/>könig Vernunft einreden wollte, bestrafte ihn dieser wegen Hochverrats dazu, fortan sein Dasein als furchterregendes Monster zu fristen."
207,"Fordola rem Lupus",3,"NONE",1,0,0,1,1,"„Ihr habt noch lange nicht gewonnen, ihr Witzfiguren!“"
208,"Rofocale",3,"NONE",1,0,0,0,1,"Der imposante Lanzenträger erwartet mutige Abenteurer in den Tiefen der königlichen Stadt Rabanastre. Man sagt, er sei ein von einem Auraciten verwandelter Feldherr, was angesichts seiner imposanten Erscheinung und dem martialischen Streitwagen nicht unwahrscheinlich erscheint."
209,"Argath Thadalfus",3,"NONE",1,0,0,0,1,"Eingesperrt in den Ruinen der königlichen Stadt Lesalia fristet der von einem Auraciten verwandelte Adelsmann ein Dasein im Zorn und spricht durch seine Masken mal die Wahrheit, mal nichts als Lügen."
210,"Raubahn & Pipin",3,"NONE",1,0,0,0,1,"„Besser, als ich es gekonnt hätte, Pipin!“
„Du hast ihn mir doch absichtlich überlassen, Vater!“"
211,"Koja",3,"Koja",1,0,1,0,0,"Ein Golem, der erschaffen wurde, um Onmyoji und Geomanten zu dienen. Die üppige Gestalt eines Koja wird aus Lehm geformt und dann mit dem Geist eines Shikigami erfüllt. Seine Erscheinung soll angeblich seinem ursprünglichen Erschaffer, einem Eunuchen aus der Antike, nachempfunden sein. Allerdings wurde nie ein Bildnis von ihm gefunden, um diese Vermutung zu untermauern."
212,"Ango",3,"Ango",1,0,1,0,0,"Dieser fernöstliche Verwandte des Orobons verdankt seinen Namen seinem offenen Maul und der begriffsstutzigen Erscheinung. Die Einheimischen nannten ihn ursprünglich „Angu Uo“, was im Laufe der Zeit zu dem heutigen „Ango“ verkürzt wurde."
213,"Wegleitsystem",4,"Wegleitsysteme",2,0,1,2,0,"Eine automatisierte Maschine, die gebaut wurde, um durch die labyrinthartigen Einrichtungen von Azys Lla zu führen. Ihr Betriebsystem ist das erste seiner Art und stellt eine Verschmelzung von militärischen und zivilen Protokollen dar."
214,"Tansui",3,"NONE",1,0,0,0,1,"„Ich weiß schon, dass ihr die Konföderation nicht gerne seht, aber wer den Rubinzoll nicht bezahlt, für dessen Sicherheit können wir leider keine Garantie über<SoftHyphen/>nehmen.“"
215,"Genbu",3,"NONE",1,0,0,0,1,"„Hohoho! <If(PlayerParameter(4))>Bezwingerin<Else/>Bezwinger</If> des Herrn der Feste, das war ja ebenfalls ein richtig schönes Fest! Ein toller Kampf!“"
216,"Byakko",3,"NONE",1,0,0,0,1,"„Ich werde Aramitama jetzt entfesseln! Mein Schicksal liegt in deinen Händen!“"
217,"Arenvald Lentinus",3,"NONE",1,0,0,0,1,"„Ich hab mich oft gefragt, warum ich den Überfall auf den Sonnenstein überlebt habe, aber A'aba und Aulie nicht. Jetzt weiß ich, dass Rhalgr andere Pläne für mich hat.“"
218,"Lupin",3,"NONE",1,0,0,0,1,"Diese Bestie mit dem Kopf eines Wolfes ist auf Othard heimisch. Die Lupin sind bekannt für ihre Kampfsporttraditionen und wurden ein wichtiger Bestandteil der domanischen Kriegsführung, da zahlreiche Stämme den örtlichen Kriegsherren bei ihrem endlosen Kampf um die Vorherrschaft ihre Gefolgschaft schworen. Als das Kaiserreich die Kontrolle übernahm, wurden viele Lupin in die garleische Armee eingezogen und gezwungen, in fernen Ländern zu kämpfen."
219,"Hancock",3,"NONE",1,0,0,0,1,"„Wir Ul’dahner sind es nun mal gewohnt, die Dinge beim Namen zu nennen<Indent/>... Falls Euch meine freimütige Art gekränkt hat, bitte ich Euch vielmals um Entschuldigung.“"
220,"Hisui & Kurenai",3,"NONE",1,0,0,0,1,"„Tritt ruhig einen Schritt näher und sieh dir mein Gesicht genau an. Na, bin ich Kurenai oder vielleicht doch Hisui?“"
221,"Wanyudo & Katasharin",3,"NONE",1,0,0,0,1,"Diese schaurig-seltsamen Dämonenbildnisse aus der Folklore des Fernen Ostens sind typischerweise auf Radnarben von Ochsenkarren dargestellt. Der Sage nach soll ihr Anblick dem Betrachter seine Seele entreißen. Für gewöhnlich dienen sie zur Abschreckung von abergläubischen Dieben."
222,"Hatamoto",3,"NONE",1,0,0,0,1,"Der Geist eines gefallenen Samurai in voller Rüstung. „Hatamoto“ ist in Hingashi die Bezeichnung für den Rang eines Samurai, der in der Zeit der Kriegswirren als Leibwächter eines Familienclans diente. In den zahlreichen Schlachten zahlten die Hatamoto einen hohen Blutzoll, weswegen sie nicht selten als untote in voller Montur dargestellt werden."
223,"Flöckchen",4,"Flöckchen",1,0,1,2,0,"Die Flöckchen sind nahe Verwandte der Korpokkur. Mit den Stängeln von Süßgräsern fertigen sie sich einen schützenden Umhang gegen den Schnee und die Kälte in Pagos. Die Gewohnheit der Flöckchen hat im Osten übrigens Gärtner dazu inspiriert, Pflanzen und Bäume auf ähnliche Art überwintern zu lassen."
224,"Qitian Dasheng",3,"NONE",1,0,0,0,1,"Seit seinem tausendsten Lebensjahr ist dieser Affe ein Zuiju. Um die Schatulle der rinnenden Zeit, die sein Meister einst schuf, vor den falschen Händen zu schützen, verschanzte er sich mit ihr im Kompass der Schwalbe. Sein Name bedeutet so viel wie Heiliger, der dem Himmel gleicht."
225,"Hiruko",3,"NONE",1,0,0,0,1,"Hiruko ist der Wächter der dreißigsten Ebene der Himmelssäule. Seine Aufgabe ist es, alle Helden zu prüfen und jenen Abenteurer zu finden, der die nächste Katastrophe zu verhindern vermag. Es heißt, er beherrscht eine Reihe geheimer, längst vergessener Techniken."
226,"Glückshase",8,"Glückshasen",1,0,1,0,0,"Ein wundersames, kleines Geschöpf, das jene, die es in sein Herz schließt, zu einem Schatz führen soll. Was man tun muss, um die Gunst des Glückshasen zu gewinnen, ist dabei nicht ganz klar. Bei den Mitgliedern der Eureka-Expedition ist das Tier deshalb Gesprächsthema Nummer Eins."
227,"Louhi",3,"NONE",1,0,0,0,1,"Ein mächtiger Nichts<SoftHyphen/>gesand<SoftHyphen/>ter, der in Pagos auf Eureka gesichtet wurde. Mit seinen gewaltigen arkanen Kräften bündelt er den Äther in seiner Umgebung und schafft daraus eine eisige Klinge. Ein abschließendes Ergebnis steht noch aus, aber Nichtsforscher glauben, es mit einem höheren Adelswesen zu tun zu haben. Die Tatsache, dass Louhi zahlreiche Untergebene um sich schart, scheint dies zu bestätigen."
228,"Tsukuyomi",3,"NONE",1,0,0,1,1,"Ein Primae, den die Garlear in Doma mithilfe eines magischen Spiegels der Rotpanzer beschworen. In Legenden ist Tsukuyomi die Herrscherin des Mondes und der Nacht, wird jedoch oft in männlicher Gestalt dargestellt."
229,"Yiasmat",3,"NONE",1,0,0,0,1,"Wenig ist von dem ehemaligen Hauptmann der Füsiliere Dalmascas übrig geblieben, den der Duma in einen seelenlosen Lucavi verwandelt hat, den einzig die Rachegelüste verstorbener Bangaa am Leben halten."
230,"Gosetsu",3,"NONE",1,0,0,0,1,"„Hört her! Ich bin Gosetsu, Samurai aus Doma im Fernen Osten!“"
231,"Karakuri Hannya",3,"Karakuri Hannya",1,0,0,0,1,"Diese überdimensionierte Marionette ist das Produkt domanischer Puppenkunst und hinganischem Erfindungsgeistes. Ihre Hannya-Maske ist ein Symbol absoluter Boshaftigkeit und Missgunst<Indent/>- kaum erforderlich angesichts der Angst einflößenden Bewaffnung und des trickreichen Selbst<SoftHyphen/>zerstörungs<SoftHyphen/>mechanismus, der jeden übermütigen Angreifer in Stücke zu reißen vermag."
232,"Muhtsu",3,"Muhtsus",1,0,1,2,0,"Als die garleischen Invasoren wieder und wieder gegen die Mauern des Königs<SoftHyphen/>palastes anrannten, sahen die mhigischen Hofmagier keinen anderen Ausweg, als Kreaturen des Nichts anzurufen und ihnen die Körper ihrer gefallenen Kameraden darzubieten. Der Pakt scheiterte, und die Nichts<SoftHyphen/>gesand<SoftHyphen/>ten kehrten nie in ihre Dimension zurück."
233,"Tokkapchi",3,"Tokkapchi",1,0,0,0,1,"Der Korpokkur aus dem Sankt-Mocianne-Arboretum ist mit einem Schlamm überzogen, der ihm erstaunliche Kräfte verleiht. Das welke Blatt über seinem Kopf ähnelt einer Krone, weswegen die unheilvolle Schreckensgestalt auch als Schlammkönig bezeichnet wird."
234,"Nebeldrache",8,"Nebeldrachen",1,0,1,0,0,"Der geisterhafte Drache wurde vom Garleischen Kaiserreich gefangen und einer ätherochemischen Behandlung unterzogen, die ihn seines Verstandes beraubte. Allein von seinen Instinkten gesteuert, floh der einst stolze Drache und fand Zuflucht in den weiten Ebenen des Karglandes. Hier lehrt er mit seiner gespenstischen Kontrolle über den Nebel jedem Eindringling in seinem Revier das Fürchten."
235,"Suzaku",3,"Suzaku",1,0,0,0,1,"„Tenzen wird immer ein Teil von mir sein.“"
236,"Pazuzu",3,"Pazuzu",1,0,0,0,1,"So mancher Forscher meint, in den über Eureka Anemos heulenden Winden die Stimmen der Toten zu hören, die den Nichts<SoftHyphen/>gesand<SoftHyphen/>ten und Herren der Winde Pazuzu grüßen. Es ist nicht auszuschließen, dass sie Recht haben."
237,"Penthesilea",3,"Penthesilea",1,0,0,1,1,"Die majestätische Nichts<SoftHyphen/>gesand<SoftHyphen/>te residiert in Eureka Pyros und hüllt sich in feurigem Äther, der ihren ohnehin schon mächtigen Flammenzaubern eine unvorstellbar zerstörerische Kraft schenkt."
238,"Asahi sas Brutus",3,"Asahi sas Brutus",0,0,0,1,1,"„Du willst mich töten, nicht wahr? Nur zu. Töte mich! Aus Rache oder für die Gerechtigkeit!“"
239,"Yojinbo & Daigoro",3,"Yojinbo & Daigoro",0,0,0,0,1,"„Herr Kageyama ist am Ende ... so endet hier auch meine Pflicht. Verzeiht meine Untreue, Herr<Indent/>...“"
240,"Omega",3,"NONE",1,0,0,1,1,"Omega ist eine sich selbst stetig weiterentwickelnde Maschine, die ursprünglich von einem weit entfernten Planeten stammt. Sie analysiert mächtige Wesen, um sich neue Fähigkeiten anzueignen und ihre Bewaffnung zu optimieren. Während sie sich in einem Ruhemodus befand, wurde sie von allagischen Wissenschaftlern untersucht, die dadurch bahnbrechende Fortschritte erzielten."
241,"Stormblood Tataru",3,"NONE",1,0,0,1,1,"„Keine Sorge, Alphinaud. Im Einholen von Informationen bin ich ein Profi! Zumindest konnte ich in Ishgard genügend Erfahrung darin sammeln.“"
242,"Dvergr",3,"NONE",1,0,0,0,1,"In seiner Höllenschmiede schuf der begabteste Handwerker aller Nichts<SoftHyphen/>gesand<SoftHyphen/>ten, der den vierten Rang bekleidet, viele der Waffen und Rüstungen, welche die Geschöpfe des Nichts auf ihren Abstechern in andere Dimensionen tragen. "
243,"Ejika Tsunjika",3,"NONE",1,0,0,0,1,"„Ihr eorzäischen Einfaltspinsel seid doch alle gleich! Unkultiviert und strunzdumm obendrein.“"
244,"Prometheus",3,"NONE",1,0,0,1,1,"Magitek-Kampfmaschine der Armee des Garleischen Kaiserreichs. Ursprünglich als Belagerungswaffe konzipiert, wurde Prometheus auch in der Ghimlyt-Finsternis bei der Erschaffung von Grabenanlagen und zur Grenzverteidigung eingesetzt."
245,"Kristallwächter",3,"NONE",1,0,0,0,1,"Diese kristalline Kreatur bewohnt die Gewässer von Eureka Hydatos. Sie nimmt die Form eines Großen Drachen an, doch ist dies lediglich ein Fall von Mimikri<Indent/>- tatsächlich ähnelt dieses Wesen eher einer Luminare, die aus einer Anhäufung von Umgebungsäther geformt ist."
246,"Seiryu ",3,"NONE",1,0,0,1,1,"„Das war der Moment, in dem ich mir schwor, stärker als Tenzen zu werden. Nicht, um ihn zu bezwingen. Nein! Um seinen Kampf zu kämpfen!“"
247,"Alpha",4,"NONE",1,0,0,1,1,"„Kweh, kweh!“"
248,"Majestät Goldbartel",3,"NONE",1,0,0,1,1,"Goldener Namazuo. Im Wissen, dass sich Repliken der sogenannten Goldbarteln im Nahen Osten großer Beliebtheit als Glücksbringer erfreuen, beschloss er nach Radz-at-Han zu reisen, um dort ohne erschwerliche Arbeit ein Auskommen zu haben. Mittels einfacher Alchemie färbte er seinen gesamten Körper golden, um sich selbst zur Gottheit des Glücks auszurufen.  Auch gern als prächtige Wächtergottheit von Schatzkammern verwendet."
249,"Stormblood Gilgamesch",3,"NONE",1,0,0,0,1,"„Wieso muss so was immer mir passieren? Dabei will ich doch nur meine Revanche!“"
250,"Cherub Ultima",3,"NONE",1,0,0,1,1,"Da es verheerende Zerstörungsmagie entfesseln kann, wurde diesem Wesen der Name „Ultima“ verliehen. Ursprünglich als Inkarnation der Zerstörung von den Leuten gefürchtet, wandelte sich im Laufe der Zeit die Furcht in Bewunderung und letztendlich in Verehrung. Das Phänomen ähnelt dem der Primae, die durch die Anbetung ihrer Anhänger erst Gestalt annehmen."
251,"Stormblood Alphinaud & Alisaie",3,"NONE",1,0,0,1,1,"„Aber ich bin in der Lage, Parteien mit unter<SoftHyphen/>schied<SoftHyphen/>lichen Interessen zu einem gemeinsamen Handeln zu führen. Auch, wenn sie mal Feinde waren.“

„Tja, da es ja sowieso sinnlos ist, dich aufhalten zu wollen, will ich dich ziehen lassen.“"
252,"Noctis Lucis Caelum",3,"Noctis Lucis Caelum",1,0,0,0,1,"„Prinz zu sein ist auch nicht leicht.“"
253,"Amaro",4,"Amaros",1,0,1,0,0,"Amaros werden in ganz Norvrandt als Flugreittiere eingesetzt. Ursprünglich wurden sie von Magiern des Ronka-Kaiserreichs aus wilden Camas gezüchtet, wobei magische Verfahren zum Einsatz kamen, die nicht nur die Flugfähigkeit sondern auch die Intelligenz der Tiere verbesserten. Die eingesetzten Techniken sind längst vergessen, doch bis heute soll es hochintelligente Amaros geben, von denen einige angeblich sogar sprechen können."
254,"Böse Waffe",3,"Böse Waffen",1,0,1,1,0,"Diese gefährlichen Bestien wurden von Magiern aus Nabaath Areng geschaffen, indem sie Schwerter verzauberten und zu Leben erweckten. Als ihre Meister starben, entkamen einige der herrenlosen Wesen in die Wildnis, wo sie sich vermehrten und im Laufe der Zeit immer weiter entwickelten."
255,"Eheleute Chai",3,"Eheleute Chai",1,0,1,1,0,"„Mein Mann hat die Daedalus-Steinhauerei übernommen. Er hat geholfen, die Minen von Amh Araeng auszuheben und ist ein Experte in allen Talos-Fragen!“"
256,"Riesenkaktor",4,"Riesenkaktoren",1,0,1,0,0,"Diese stacheligen Pflanzenwesen leben hauptsächlich in den Wüsten von Amh Araeng und anderen trockenen Gegenden. Sie werden viel größer als gewöhnliche Kaktoren. Ihr Fleisch ist süß und saftig, enthält aber auch viele Kerne, weshalb es etwas schwer zu essen ist."
257,"Feo Ul",3,"Feo Ul",1,0,0,1,1,"„Ich werde zu deinem Zweig der Anmut und du mein Baum des Glanzes. Als solche sind wir untrennbar miteinander verbunden.“"
258,"Runar",3,"Runar",1,0,0,0,1,"„Aber natürlich, mein Kind. Ihr seid schließlich alle Ehrengäste der Hexe Matoya.“"
259,"Grenoldt",3,"Grenoldt",1,0,0,0,1,"„Jaaa! Jetzt habe ich eine klare Vision! Ich werde die Lampe bauen! Wo sind meine Werkzeuge?“"
260,"Philia",3,"Philia",1,0,0,0,1,"Als Licht<SoftHyphen/>bringer kontrollierte Philia das Seenland. Ehe er zum Licht<SoftHyphen/>bringer wurde, war er ein Elf, der in der Kerkerplatte mit vier schweren Eisenketten an Armen und Beinen angekettet war. Nach seiner Verwandlung zerstörte er sein Heimatdorf und verwandelte seine ehemaligen Nachbarn, Freunde und Verwandten, womit er die eigentliche Bedeutung seines neuen Namens auf unheilvolle Weise verhöhnte."
261,"Titania",3,"Titania",1,0,0,1,1,"Zunächst kämpfte der König des Feenreiches mutig gegen die Sünden<SoftHyphen/>ver<SoftHyphen/>tilger, doch dabei sammelte sich immer mehr Licht in ihm an, bis er sich selbst in einen Licht<SoftHyphen/>bringer verwandelte und Il Mheg in unendlichem Licht erstrahlen ließ. Daraufhin wurde er in Schloss Lyhe Ghiah eingesperrt."
262,"Eros",3,"Eros",1,0,0,0,1,"Eros herrschte als Licht<SoftHyphen/>bringer über den Großen Wald Rak'tika. Seine chimärenhafte Gestalt entstand aus mehreren Tierleibern, die von der Lichtflut verschlungen wurden, und das ungezügelte Verlangen der Bestien wütete in ihm."
263,"Storge",3,"Storge",1,0,0,0,1,"Der Licht<SoftHyphen/>bringer Storge hatte ganz Amh Araeng unterjocht. Es wird vermutet, dass er ursprünglich ein Exergon oder ein anderes Geisterwesen war. Nach seiner Verwandlung nistete er sich in Malikahs Brunnen ein, der einst von Prinzessin Malikah aus Trauer um ihren geliebten Vater errichtet wurde."
264,"Formidabel",3,"Formidabel",1,0,0,0,1,"Dieser gigantische Eisenbart wurde von den Goggs erbaut, um das Dorf der Tholls zu vernichten. Allerdings haben sie sich bei diesem Projekt übernommen, denn die Konstruktion war einfach zu gewaltig und kompliziert, sodass die Goggs letzten Endes die Kontrolle über Formidabel verloren."
265,"Lyna",3,"Lyna",1,0,0,1,1,"„Wir werden das Orakel des Lichts aus den Klauen Eulmores befreien. Möge das Schlachtenglück mit uns sein!“"
266,"Närrinnen",3,"Närrinnen",1,0,1,1,0,"„Du wirst nach Eulmore gehen, in die Stadt des Glücks! Dort wirst du die Gelegenheit haben, dein Können unter Beweis zu stellen<Indent/>- bis ans Ende deiner Tage!“"
267,"Innozenz",3,"Innozenz",1,0,0,0,1,"Lord Vauthrys verkommene Existenz gipfelte in seiner Verwandlung in einen Licht<SoftHyphen/>bringer, der weitaus mächtiger als alle bisherigen Geschöpfe des Lichts war."
268,"Y'shtola (Shadowbringers)",3,"Y'shtola (Shadowbringers)",1,0,0,1,1,"„Es gibt keinen Grund davonzulaufen. Im Gegenteil: Es ist Zeit, in die Offensive zu gehen.“"
269,"Urianger (Shadowbringers)",3,"Urianger (Shadowbringers)",1,0,0,0,1,"„Sich dem Schicksal widersetzen oder es akzeptieren? Ich glaube, der Weg liegt klar vor uns.“"
270,"Ran'jit",3,"Ran'jit",1,0,0,0,1,"„Ich diene Lord Vauthry aus freien Stücken, weil ich sein Weltbild teile.“"
271,"Hades",3,"Hades",1,0,0,0,1,"Es lässt sich darüber streiten, ob Hades die wahre Gestalt des Ascians Emet-Selch war oder eine verzerrte Verkörperung seiner Ver<SoftHyphen/>zweif<SoftHyphen/>lung und seines Hasses. Unzweifelhaft ist, dass er für die Wiederauferstehung seines vor ewiger Zeit ausgelöschten Volkes kämpfte."
272,"Ardbert",3,"Ardbert",1,0,0,0,1,"„Diese Welt ist noch nicht am Ende!
Dies ist unsere Geschichte! Unser Abenteuer!“"
273,"Hobgoblin",4,"Hobgoblins",1,0,1,0,0,"Diese Wesen aus Norvrandt können sprechen und sind schlau genug, um Waffen und Werkzeuge zu benutzen, doch man kann sie nicht gerade als zivilisiert bezeichnen. Die meisten von ihnen sind ausgesprochen wild und gefährlich. Unter Zwergen gilt „Deine Mutter ist ein Hobgoblin!“ als allerschlimmste Beleidigung."
274,"Quiexie",3,"Quiexies",1,0,1,1,0,"Quiexies werden von den Nu Mou als Familiare erschaffen. Dafür wird nicht viel mehr benötigt als etwas Wasser und Lehm von einer gewissen Reinheit und eine sogenannte Feenlaterne, welche mit der magischen Magie der Pixies angereichert ist. Quiexies sind relativ selbstständig, und sie schmecken auch gar nicht schlecht, wenn man den Gedanken verdrängt, dass sie aus Lehm erschaffen wurden."
275,"Leguan",4,"Leguane",2,0,1,0,0,"Diese unter anderem auf Kholusia weit verbreiteten Reptile sind bekannt dafür, ihre Opfer mit ihren langen Zungen zu fangen. Je größer sie werden, desto größer wird auch ihr Appetit. Ab einer gewissen Größe besteht die Gefahr, dass sie den ein oder anderen Zwerg verschlingen."
276,"Nu Mou",3,"Nu Mou",1,0,1,0,0,"Im Vergleich zu den anderen Feenwesen von Il Mheg sind die Nu Mou erstaunlich sanftmütig, freundlich und aufgeschlossen. Vielleicht liegt es daran, dass sie einst eng mit den Bewohnern des Königreichs Voeburt verbunden waren. Sie legen besonders viel Wert auf faire Absprachen. Aus ihrer Sicht erfordert jede Form von Hilfe eine angemessene Gegenleistung."
277,"Fuath",4,"Fuaths",1,0,1,0,0,"Die Fuath gehören zu den Feen von Il Mheg. Als Wasserwesen leben sie in Flüssen und Seen. Wer ihrem nassen Reich zu nah kommt, dem spielen sie üble Streiche. Ihre Bösartigkeit wird sogar von den anderen Feen gefürchtet."
278,"Leanan Sidhe",3,"Leanan Sidhe",1,0,0,1,1,"Diese außer<SoftHyphen/>ge<SoftHyphen/>wöhn<SoftHyphen/>liche Pflanze sieht beinahe so aus wie eine Frau. Sie lockt Jäger und Holzfäller im Wald an, um ihre Lebensenergie auszusaugen. Das gelingt ihr nicht nur durch ihre betörende Erscheinung sondern auch durch ihre unwiderstehliche Singstimme."
279,"Einsiedler",4,"Einsiedler",2,0,1,0,0,"Dieser Einsiedler lebt in dem alten Schloss der Elfen, das als Chateau Cosmea bekannt ist. Um sich unliebsamen Besuch vom Leib zu halten, trägt er ein furcht<SoftHyphen/>ein<SoftHyphen/>flößendes Gewand, doch darunter verbirgt sich ein geradezu niedliches Gesicht. Besonders gut versteht er sich auf die Seelenkunde und die Züchtung magischer Wesen."
280,"Orakel des Lichts",3,"Orakel des Lichts",1,0,1,2,0,"„Du hast meinen Traum weitergeträumt. Da habe ich allen Grund, stolz auf mich zu sein.“"
281,"Archaeotania",3,"Archaeotania",1,0,0,1,1,"Eine gewaltige, wilde Bestie vom Grund des Meeres der Schwarzen Winde, der nachgesagt wird, am Untergang der Alten beteiligt gewesen zu sein. Könnte es sein, dass sie von dem Ascian Emet-Selch wiederbeschworen wurde, um den Schrecken der Katastrophe im Hier und Jetzt zu verbreiten? Die Wahrheit darüber liegt im Verborgenen."
282,"9S",3,"9S",1,0,0,0,1,"Auf den ersten Blick schien 9S ein Junge in schwarzer Kleidung zu sein, doch er entpuppte sich als ein künstliches Konstrukt aus der kopierten Fabrik, als ein Androide. Der Androide manipulierte Maschinenwesen, doch bisher ist nicht klar, zu welchem Zweck."
283,"Blumenkorb",4,"Blumenkörbe",2,0,1,0,0,"Einst waren diese Golems die Hüter und Pfleger voeburtschen Weidelands, von den alten Hofmagiern eigens zu diesem Zweck erschaffen. Ihr farbenfrohes Aussehen erhielten sie erst von den verspielten Pixies, die sie zu wandelnden Bouquets machten."
284,"Qitari",3,"Qitari",1,0,1,0,0,"Ein rattenartiger Stamm, der sich lange Zeit nahe der Rak'tika-Fälle versteckt hielt. Ihre kurze Lebensspanne von zwanzig Jahren macht sie zu fleißigen Aufschreibern, stets bemüht darum, ihr Wissen an spätere Generationen weiterzugeben. So dienten sie einst dem Kaiser des Ronka-Reichs als Geschichtenschreiber und Bewahrer des Wissens."
285,"Gnoll",4,"Gnolle",2,0,1,0,0,"Diese Kreaturen sind die traurigen Überreste der einst so prächtigen Garde der alten elfischen Aristokratie. Ihr wolfsgleiches Aussehen verdanken sie dem Schattenkönig, der ihnen im Zuge seiner Revolte gegen die Herrscher des Seenlandes ein finsteres Antlitz verlieh."
286,"Lizbeth",3,"Lizbeth",1,0,0,1,1,"„Bei mir gibt's zwar keine Kupo-Nüsse, dafür aber das Glücks-Kupo! Wird dir das Glück heute hold sein?“"
287,"Fledersquatch",3,"Fledersquatche",1,0,1,0,0,"Dieses Ungetüm von Fledermaus hütet die Irrungen der Qitari, dazu auserkoren, die heilige Stätte vor Räubern zu schützen. Sie verlor ihr schwaches Sehvermögen gänzlich an das gleißende Blenden der Lichtflut und verfeinerte über die Jahre ihren ohnehin schon ausgeprägten Ultraschallsinn."
288,"Geläuterte Unzucht",3,"Geläuterte Unzüchtigkeiten",1,0,1,1,0,"Ein hochrangiger Sünden<SoftHyphen/>ver<SoftHyphen/>tilger, der keinem anderen gehorcht als Lord Vauthry persönlich. Vor ihrer Verwandlung soll diese Kreatur die Primadonna des Lustspielhauses Bienenstock und angebliche Geliebte des Erlauchten Erlösers gewesen sein. Welch unzüchtiges Verhalten ihrem Namen Taufe stand, darüber wagen nicht einmal die gesprächigsten Klatschmäuler von Eulmore zu spekulieren."
289,"Huaca",3,"Huaca",1,0,1,1,1,"Eine der vielen Kreaturen, welche die großen Magier von Ronka beschworen, um ihre Tempel zu schützen. Wie Statuen wachen sie unbewegt in den heiligen Hallen, bis ein ahnungsloser Eindringling sie erweckt und ihren furchtbaren Zorn auf sich zieht."
290,"Abscheuliches Monstrum",4,"Abscheuliche Monstren",1,0,1,2,0,"Kein Monstrum ist abscheulicher als das Abscheuliche Monstrum. Geborstene Knochen ragen aus dem zerfetzten Fleisch, zäher Eiter dringt aus den blinden Augen. Sein abscheuliches Äußeres wird nur überboten von dem abscheulichen Gestank, der aus seinem alles zerreißenden Maul strömt."
291,"Rubin-Waffe",3,"Rubin-Waffen",1,0,1,1,0,"Der Prototyp des Kampfsystems, das die Nachfolge über die Ultima-Waffe über<SoftHyphen/>nehmen soll. Das magitechnische Monstrum ähnelt in Grundzügen seinem Vorgänger, doch das Design und die auf synthetischen Auraciten basierende Bewaffnung machen es zu einer vollkommen neuartigen Bedrohung."
292,"Therion",3,"Therion",1,0,0,0,1,"Als Amaurot vor den weit geöffneten Toren der Apokalypse stand, schritt Therion hindurch und verwandelte die Stadt in ein rasendes Flammenmeer. Nie erfuhren die unglückseligen Amaurotaner, dass es die Angst in ihren Herzen war, welche das dritte und schrecklichste aller Unheile gebar."
293,"Varis yae Galvus",3,"Varis yae Galvus",1,0,0,0,1,"In Cids Erinnerung ist Varis, wie er war, bevor er den garleischen Kaiserthron bestieg, lebhaft erhalten. Schließlich hielt er den obersten Feldherr, der über die geballte Macht aller Kaiserlichen Legionen verfügte, für den Fall der Bozja-Zitadelle verantwortlich. Ein Hirngespinst, wie sich herausstellte."
294,"Zwerg",4,"Zwerge",2,0,1,0,0,"In den Bergen Kholusias lebt das kleinwüchsige Volk der Zwerge. Sie sind gemeinhin bekannt als Bergarbeiter und Metallurgen und ihre Ingenieurskunst ist in ganz Norvrandt bekannt. Auch gesellschaftlich gelten die feierfreudigen Zwerge als bemerkenswert: Alle - auch die Damen - bedecken ihre Gesichter mit künstlichen Bärten. Die offizielle Art der Begrüßung lautet „Holladrio“."
295,"Ehll Tou",3,"Ehll Tou",1,0,0,1,1,"„Dies ist nur der erste von vielen Schritten, die notwendig sind, um die Kluft zwischen unseren Völkern zu überwinden. Es wird die erste Strophe eines neuen Liedes, das von allen gesungen werden wird!“"
296,"Zwergenpanzer",4,"Zwergenpanzer",2,0,1,0,0,"Drei Buchstaben, die Erfolg bedeuten: ZUV - Das ZWERGISCHE UNIVERSAL VEHIKEL - der jüngste Geniestreich aus der Watts-Werkstatt für Hammerprojekte! Dieser stylishe Automaton ist in drei modernen Farbtönen erhältlich und wird serienmäßig ab Werk mit Anschnallgurten, Anti-Schlupf-Regelung und selbstladender Bordkanone ausgeliefert. Schlagen Sie noch heute zu und sichern Sie sich bei Ihrem Zwergenhändler des Vertrauens eine einmalige Kaufprämie und unschlagbar attraktive Zinssätze!"
297,"Lugus",3,"Lugus",1,0,0,0,1,"Der Lohengeneral Lugus, ein einzigartiges Familiar, ist der persönliche Leibwächter des Einsiedlers Beq Lugg. Es heißt, bei der Verwendung einer manipulierten Feenlampe, die ein paar freche Pixies dem Nu Mou untergejubelt hatten, sei als unvorhergesehenes Nebenprodukt bei der Beschwörung eines Quiexie eine mysteriöse, lebendige Flamme entstanden. Fasziniert von der Erscheinung, nutzte Beq Lugg sein Wissen über Seelentransfers und kultivierte die magische Flamme nach und nach zu einem kontrollierten, lebenden Inferno."
298,"Dawon",3,"Dawon",1,0,0,0,1,"Die Bestie Dawon stammt aus einer abgelegenen Gegend des Zentralgebirges Ilsabards und gilt als extrem gefährlich. Sie gehorcht einzig und allein dem berüchtigten Lyon rem Helsos, Kommandant des Bestientrupps der IV. Legion. Die Bändigung dieses Monstrums  brachte Lyon den Beinamen des Bestienkönigs ein."
299,"Adrammelech",3,"Adrammelech",1,0,0,0,1,"Der Dämon Adrammelech ist an Albeleo den Hexer gebunden. Gerüchten zufolge beschwor dieser das anderweltliche Wesen mithilfe eines Auraciten, der aus dalmascanischen Ruinen geborgen wurde. Auf dem Stein soll die Inschrift „Adrammelech der Häscher, Kaiser der Überwesen“ prangen."
300,"Elidibus",3,"Elidibus",1,0,0,0,1,"„Wenn du denkst, dass du mich aufhalten kannst, werde ich dich eines Besseren belehren!“"
301,"Shadowbringers Thancred",3,"Shadowbringers Thancred",1,0,0,0,1,"„Egal unter welchem Himmel<Indent/>... Ich werde immer an dich denken. Immer.“"
302,"Saphir-Waffe",3,"Saphir-Waffen",1,0,1,1,0,"Eine neue Anti-Primae-Waffe, entwickelt von der VII. Legion. Die Saphir-Waffe wurde basierend auf den ausgewerteten Kampfdaten der Rubin-Waffe kampfwertgesteigert. Im Gegensatz zur Rubin-Waffe steht die Saphir-Waffe dem Element des Wassers nahe und greift auf die Kräfte der Ozeane zurück. Diese Eigenschaften erlangte sie angeblich, indem sie ein seefahrendes Volk von der Straße von Colvo bei seiner ursprünglichen Beschwörung absorbierte."
303,"2P",3,"2P",1,0,0,0,1,"Eine mysteriöse Existenz, die eines Tages im alten Stollen bei Komra auftauchte. Ganz in weiß gekleidet stellt sie sich als eine Androidin vor, die im Clinch mit ihrem schwarzen Gegenstück zu liegen scheint. Ihre genauen Motive sind allerdings unbekannt."
304,"Shadowbringers Krieger des Lichts",3,"Shadowbringers Krieger des Lichts",1,0,0,0,1,"Beschworen durch den Ascian Elidibus, der die Krieger des Lichts anderer Welten in sich aufsog, um sein ultimatives Ziel zu erreichen: die Wiederherstellung der Welt der Ascians. Die physische Gestalt, die er dabei annahm, soll der des Proto-Helden, also dem ersten Krieger des Lichts, gleichen."
305,"Blaubert Veilchenblau",3,"Blaubert Veilchenblau",1,0,0,0,1,"„Strahlender als der azurblaue Himmel<Indent/>...
Tiefer als das kobaltblaue Meer<Indent/>...
Freuen Sie sich auf einen zauberhaften Abend voller magischer Unterhaltung!“"
306,"Muttersau",3,"Muttersäue",1,0,1,1,0,"Die Muttersau wurde in Matoyas Atelier erschaffen. Als ganz besondere Quiexie verfügt sie über die Fähigkeit, selbstständig viele kleine Quiexies zu erschaffen. Mit ihrer Hilfe konnte die Produktion von Quiexies zur Heilung von Besessenen stark erhöht werden. Matoya persönlich gab der Sau ihre Form und stattete sie aus einer Laune heraus mit einer Krone aus."
307,"Trinität der Sucher",3,"Trinität der Sucher",1,0,1,0,0,"Eine monströse Chimäre, geformt aus drei einst stolzen Kriegern der Königinnenwache: Braz der Dolch, Velibor Edelklinge und Aggie Feuerfaust, die allerdings kaum noch zu erkennen sind."
308,"Trinität der Eingeschworenen",3,"Trinität der Eingeschworenen",1,0,1,0,0,"Eine monströse Chimäre, geformt aus drei einst stolzen Kriegern der Königinnenwache: General Xeven, Isolde Blütensturm und Stanik der Schlächter, die allesamt nur noch als Schatten ihrer selbst zu erkennen sind."
309,"Azulmagia",3,"Azulmagia",1,0,1,0,0,"Dieser Kämpfer ist in der Himmlischen Arena bekannt und gefürchtet als der Blaumagier des Bösen. Whastrach, wie er außerhalb der Arena heißt, war einst ein Forscher in der Hermetikergilde und hat sich die Geheimnisse der Blaumagie vom Stamm der Whalaqee lehren lassen."
310,"Siegfried",3,"Siegfried",1,0,1,0,0,"Ein gefeierter Gladiator der Arena, der unter anderem für den Einsatz von garleischen Waffen berühmt und berüchtigt ist. Anderswo kennt man ihn als Zirnberk, Hauptmann der Eisenschein-Soldaten und ältesten Sohn von Fyrgeiss, Mitglied des Scor<SoftHyphen/>pio-Krei<SoftHyphen/>ses."
311,"Gogo der Mime",3,"Gogo der Mime",1,0,1,0,0,"Ein bemerkenswerter Zeitgenosse, der sich mit seinem Sieg im Fukumen-Kampffest von Kugane als Goldener Goliath einen Namen gemacht hat. Gogo versteht es, die Bewegungen seiner Gegner bis auf die ätherische Ebene hin nachzuahmen, und kann so beinahe jede Technik mit zerstörerischer Präzision einsetzen."
312,"Smaragd-Waffe",3,"Smaragd-Waffen",1,0,1,1,0,"Dieser neu entwickelte Prototyp einer Ultima-Waffe wurde von der VII. Legion entwickelt und hat den Äther eines unbekannten Primae, der von einem Stamm in den Bergen im Zentrum von Ilsabard angebetet wurde, absorbiert. Die Waffe verfügt über frei schwebende, unabhängig operierende Gliedmaßen und greift auf die Kampfdaten von Gaius van Baelsar zurück."
313,"Ryne",3,"Ryne",1,0,0,1,1,"„Gaia! Wir sind hier bei dir! Komm zu uns zurück!“"
314,"Gaia",3,"Gaia",1,0,0,1,1,"„Ich könnte dich niemals vergessen. Selbst, wenn ich es versuchen würde.“"
315,"Edens Verheißung",3,"Edens Verheißungen",1,0,0,1,1,"Dieses mysteriöse Wesen ist aus der Vereinigung der Ascians Mitron und Loghrif entstanden und verfügt über Edens Macht über die Elemente. Es strebt die Verwirklichung eines ewigen Paradieses an, in dem die beiden Ascians für immer zusammen sein können."
316,"Phoenix",3,"Phoenixe",2,0,1,0,0,"Dieses feurige Wesen soll sich angeblich nach der Schlacht von Carteneau am Himmel manifestiert haben. Die Berichte aus dieser chaotischen Zeit der Katastrophe sind mit Vorsicht zu genießen, doch einige Überlebende schwören, der unsterbliche Phönix hätte sie gerettet. Sie sehen in ihm ein Symbol für die Wiederauferstehung Eorzeas."
